{"type": "FeatureCollection", "name": "stpete-buildings-standin", "note": "STAND-IN procedural footprints, not real OSM/LiDAR data.", "crs": {"type": "name", "properties": {"name": "urn:ogc:def:crs:OGC:1.3:CRS84"}}, "features": [{"type": "Feature", "properties": {"height": 9.4, "baseHeight": 0.0}, "geometry": {"type": "Polygon", "coordinates": [[[-82.66958, 27.74042], [-82.66882, 27.74042], [-82.66882, 27.7405133], [-82.66958, 27.7405133], [-82.66958, 27.74042]]]}}, {"type": "Feature", "properties": {"height": 6.2, "baseHeight": 0.0}, "geometry": {"type": "Polygon", "coordinates": [[[-82.66958, 27.7407533], [-82.66882, 27.7407533], [-82.66882, 27.7408467], [-82.66958, 27.7408467], [-82.66958, 27.7407533]]]}}, {"type": "Feature", "properties": {"height": 11.1, "baseHeight": 0.0}, "geometry": {"type": "Polygon", "coordinates": [[[-82.66958, 27.7410867], [-82.66882, 27.7410867], [-82.66882, 27.74118], [-82.66958, 27.74118], [-82.66958, 27.7410867]]]}}, {"type": "Feature", "properties": {"height": 10.5, "baseHeight": 0.0}, "geometry": {"type": "Polygon", "coordinates": [[[-82.66798, 27.74042], [-82.6678867, 27.74042], [-82.6678867, 27.74068], [-82.66798, 27.74068], [-82.66798, 27.74042]]]}}, {"type": "Feature", "properties": {"height": 8.6, "baseHeight": 0.0}, "geometry": {"type": "Polygon", "coordinates": [[[-82.66798, 27.74092], [-82.6678867, 27.74092], [-82.6678867, 27.74118], [-82.66798, 27.74118], [-82.66798, 27.74092]]]}}, {"type": "Feature", "properties": {"height": 38.5, "baseHeight": 0.0}, "geometry": {"type": "Polygon", "coordinates": [[[-82.6676467, 27.74042], [-82.6675533, 27.74042], [-82.6675533, 27.74068], [-82.6676467, 27.74068], [-82.6676467, 27.74042]]]}}, {"type": "Feature", "properties": {"height": 9.8, "baseHeight": 0.0}, "geometry": {"type": "Polygon", "coordinates": [[[-82.6676467, 27.74092], [-82.6675533, 27.74092], [-82.6675533, 27.74118], [-82.6676467, 27.74118], [-82.6676467, 27.74092]]]}}, {"type": "Feature", "properties": {"height": 9.0, "baseHeight": 0.0}, "geometry": {"type": "Polygon", "coordinates": [[[-82.6673133, 27.74042], [-82.66722, 27.74042], [-82.66722, 27.74068], [-82.6673133, 27.74068], [-82.6673133, 27.74042]]]}}, {"type": "Feature", "properties": {"height": 7.7, "baseHeight": 0.0}, "geometry": {"type": "Polygon", "coordinates": [[[-82.6673133, 27.74092], [-82.66722, 27.74092], [-82.66722, 27.74118], [-82.6673133, 27.74118], [-82.6673133, 27.74092]]]}}, {"type": "Feature", "properties": {"height": 10.7, "baseHeight": 0.0}, "geometry": {"type": "Polygon", "coordinates": [[[-82.66638, 27.74042], [-82.66562, 27.74042], [-82.66562, 27.74118], [-82.66638, 27.74118], [-82.66638, 27.74042]]]}}, {"type": "Feature", "properties": {"height": 7.7, "baseHeight": 0.0}, "geometry": {"type": "Polygon", "coordinates": [[[-82.66478, 27.74042], [-82.66402, 27.74042], [-82.66402, 27.7405133], [-82.66478, 27.7405133], [-82.66478, 27.74042]]]}}, {"type": "Feature", "properties": {"height": 11.0, "baseHeight": 0.0}, "geometry": {"type": "Polygon", "coordinates": [[[-82.66478, 27.7407533], [-82.66402, 27.7407533], [-82.66402, 27.7408467], [-82.66478, 27.7408467], [-82.66478, 27.7407533]]]}}, {"type": "Feature", "properties": {"height": 7.0, "baseHeight": 0.0}, "geometry": {"type": "Polygon", "coordinates": [[[-82.66478, 27.7410867], [-82.66402, 27.7410867], [-82.66402, 27.74118], [-82.66478, 27.74118], [-82.66478, 27.7410867]]]}}, {"type": "Feature", "properties": {"height": 7.5, "baseHeight": 0.0}, "geometry": {"type": "Polygon", "coordinates": [[[-82.66318, 27.74042], [-82.66292, 27.74042], [-82.66292, 27.7405133], [-82.66318, 27.7405133], [-82.66318, 27.74042]]]}}, {"type": "Feature", "properties": {"height": 10.5, "baseHeight": 0.0}, "geometry": {"type": "Polygon", "coordinates": [[[-82.66318, 27.7407533], [-82.66292, 27.7407533], [-82.66292, 27.7408467], [-82.66318, 27.7408467], [-82.66318, 27.7407533]]]}}, {"type": "Feature", "properties": {"height": 10.6, "baseHeight": 0.0}, "geometry": {"type": "Polygon", "coordinates": [[[-82.66318, 27.7410867], [-82.66292, 27.7410867], [-82.66292, 27.74118], [-82.66318, 27.74118], [-82.66318, 27.7410867]]]}}, {"type": "Feature", "properties": {"height": 6.2, "baseHeight": 0.0}, "geometry": {"type": "Polygon", "coordinates": [[[-82.66268, 27.74042], [-82.66242, 27.74042], [-82.66242, 27.7405133], [-82.66268, 27.7405133], [-82.66268, 27.74042]]]}}, {"type": "Feature", "properties": {"height": 7.3, "baseHeight": 0.0}, "geometry": {"type": "Polygon", "coordinates": [[[-82.66268, 27.7410867], [-82.66242, 27.7410867], [-82.66242, 27.74118], [-82.66268, 27.74118], [-82.66268, 27.7410867]]]}}, {"type": "Feature", "properties": {"height": 5.1, "baseHeight": 0.0}, "geometry": {"type": "Polygon", "coordinates": [[[-82.65948, 27.74092], [-82.65922, 27.74092], [-82.65922, 27.74118], [-82.65948, 27.74118], [-82.65948, 27.74092]]]}}, {"type": "Feature", "properties": {"height": 11.2, "baseHeight": 0.0}, "geometry": {"type": "Polygon", "coordinates": [[[-82.65838, 27.74042], [-82.65812, 27.74042], [-82.65812, 27.74068], [-82.65838, 27.74068], [-82.65838, 27.74042]]]}}, {"type": "Feature", "properties": {"height": 8.8, "baseHeight": 0.0}, "geometry": {"type": "Polygon", "coordinates": [[[-82.65838, 27.74092], [-82.65812, 27.74092], [-82.65812, 27.74118], [-82.65838, 27.74118], [-82.65838, 27.74092]]]}}, {"type": "Feature", "properties": {"height": 6.4, "baseHeight": 0.0}, "geometry": {"type": "Polygon", "coordinates": [[[-82.65788, 27.74042], [-82.65762, 27.74042], [-82.65762, 27.74068], [-82.65788, 27.74068], [-82.65788, 27.74042]]]}}, {"type": "Feature", "properties": {"height": 7.1, "baseHeight": 0.0}, "geometry": {"type": "Polygon", "coordinates": [[[-82.65788, 27.74092], [-82.65762, 27.74092], [-82.65762, 27.74118], [-82.65788, 27.74118], [-82.65788, 27.74092]]]}}, {"type": "Feature", "properties": {"height": 10.1, "baseHeight": 0.0}, "geometry": {"type": "Polygon", "coordinates": [[[-82.65518, 27.74042], [-82.6550867, 27.74042], [-82.6550867, 27.74118], [-82.65518, 27.74118], [-82.65518, 27.74042]]]}}, {"type": "Feature", "properties": {"height": 9.8, "baseHeight": 0.0}, "geometry": {"type": "Polygon", "coordinates": [[[-82.65198, 27.74042], [-82.6518867, 27.74042], [-82.6518867, 27.74068], [-82.65198, 27.74068], [-82.65198, 27.74042]]]}}, {"type": "Feature", "properties": {"height": 11.1, "baseHeight": 0.0}, "geometry": {"type": "Polygon", "coordinates": [[[-82.65198, 27.74092], [-82.6518867, 27.74092], [-82.6518867, 27.74118], [-82.65198, 27.74118], [-82.65198, 27.74092]]]}}, {"type": "Feature", "properties": {"height": 6.4, "baseHeight": 0.0}, "geometry": {"type": "Polygon", "coordinates": [[[-82.6516467, 27.74042], [-82.6515533, 27.74042], [-82.6515533, 27.74068], [-82.6516467, 27.74068], [-82.6516467, 27.74042]]]}}, {"type": "Feature", "properties": {"height": 5.6, "baseHeight": 0.0}, "geometry": {"type": "Polygon", "coordinates": [[[-82.6516467, 27.74092], [-82.6515533, 27.74092], [-82.6515533, 27.74118], [-82.6516467, 27.74118], [-82.6516467, 27.74092]]]}}, {"type": "Feature", "properties": {"height": 11.0, "baseHeight": 0.0}, "geometry": {"type": "Polygon", "coordinates": [[[-82.6513133, 27.74042], [-82.65122, 27.74042], [-82.65122, 27.74068], [-82.6513133, 27.74068], [-82.6513133, 27.74042]]]}}, {"type": "Feature", "properties": {"height": 8.5, "baseHeight": 0.0}, "geometry": {"type": "Polygon", "coordinates": [[[-82.6513133, 27.74092], [-82.65122, 27.74092], [-82.65122, 27.74118], [-82.6513133, 27.74118], [-82.6513133, 27.74092]]]}}, {"type": "Feature", "properties": {"height": 6.8, "baseHeight": 0.0}, "geometry": {"type": "Polygon", "coordinates": [[[-82.64878, 27.74042], [-82.64852, 27.74042], [-82.64852, 27.74068], [-82.64878, 27.74068], [-82.64878, 27.74042]]]}}, {"type": "Feature", "properties": {"height": 6.8, "baseHeight": 0.0}, "geometry": {"type": "Polygon", "coordinates": [[[-82.64878, 27.74092], [-82.64852, 27.74092], [-82.64852, 27.74118], [-82.64878, 27.74118], [-82.64878, 27.74092]]]}}, {"type": "Feature", "properties": {"height": 11.4, "baseHeight": 0.0}, "geometry": {"type": "Polygon", "coordinates": [[[-82.64828, 27.74042], [-82.64802, 27.74042], [-82.64802, 27.74068], [-82.64828, 27.74068], [-82.64828, 27.74042]]]}}, {"type": "Feature", "properties": {"height": 8.8, "baseHeight": 0.0}, "geometry": {"type": "Polygon", "coordinates": [[[-82.64558, 27.74042], [-82.64532, 27.74042], [-82.64532, 27.74068], [-82.64558, 27.74068], [-82.64558, 27.74042]]]}}, {"type": "Feature", "properties": {"height": 9.4, "baseHeight": 0.0}, "geometry": {"type": "Polygon", "coordinates": [[[-82.64558, 27.74092], [-82.64532, 27.74092], [-82.64532, 27.74118], [-82.64558, 27.74118], [-82.64558, 27.74092]]]}}, {"type": "Feature", "properties": {"height": 9.4, "baseHeight": 0.0}, "geometry": {"type": "Polygon", "coordinates": [[[-82.64508, 27.74042], [-82.64482, 27.74042], [-82.64482, 27.74068], [-82.64508, 27.74068], [-82.64508, 27.74042]]]}}, {"type": "Feature", "properties": {"height": 11.6, "baseHeight": 0.0}, "geometry": {"type": "Polygon", "coordinates": [[[-82.64508, 27.74092], [-82.64482, 27.74092], [-82.64482, 27.74118], [-82.64508, 27.74118], [-82.64508, 27.74092]]]}}, {"type": "Feature", "properties": {"height": 8.5, "baseHeight": 0.0}, "geometry": {"type": "Polygon", "coordinates": [[[-82.64398, 27.74042], [-82.64372, 27.74042], [-82.64372, 27.74118], [-82.64398, 27.74118], [-82.64398, 27.74042]]]}}, {"type": "Feature", "properties": {"height": 10.2, "baseHeight": 0.0}, "geometry": {"type": "Polygon", "coordinates": [[[-82.64348, 27.74042], [-82.64322, 27.74042], [-82.64322, 27.74118], [-82.64348, 27.74118], [-82.64348, 27.74042]]]}}, {"type": "Feature", "properties": {"height": 11.3, "baseHeight": 0.0}, "geometry": {"type": "Polygon", "coordinates": [[[-82.64078, 27.7410867], [-82.64002, 27.7410867], [-82.64002, 27.74118], [-82.64078, 27.74118], [-82.64078, 27.7410867]]]}}, {"type": "Feature", "properties": {"height": 44.9, "baseHeight": 0.0}, "geometry": {"type": "Polygon", "coordinates": [[[-82.63758, 27.74092], [-82.63732, 27.74092], [-82.63732, 27.74118], [-82.63758, 27.74118], [-82.63758, 27.74092]]]}}, {"type": "Feature", "properties": {"height": 24.7, "baseHeight": 0.0}, "geometry": {"type": "Polygon", "coordinates": [[[-82.63708, 27.74042], [-82.63682, 27.74042], [-82.63682, 27.74068], [-82.63708, 27.74068], [-82.63708, 27.74042]]]}}, {"type": "Feature", "properties": {"height": 10.1, "baseHeight": 0.0}, "geometry": {"type": "Polygon", "coordinates": [[[-82.63708, 27.74092], [-82.63682, 27.74092], [-82.63682, 27.74118], [-82.63708, 27.74118], [-82.63708, 27.74092]]]}}, {"type": "Feature", "properties": {"height": 11.2, "baseHeight": 0.0}, "geometry": {"type": "Polygon", "coordinates": [[[-82.63598, 27.74042], [-82.6358867, 27.74042], [-82.6358867, 27.74068], [-82.63598, 27.74068], [-82.63598, 27.74042]]]}}, {"type": "Feature", "properties": {"height": 10.8, "baseHeight": 0.0}, "geometry": {"type": "Polygon", "coordinates": [[[-82.6356467, 27.74042], [-82.6355533, 27.74042], [-82.6355533, 27.74068], [-82.6356467, 27.74068], [-82.6356467, 27.74042]]]}}, {"type": "Feature", "properties": {"height": 8.8, "baseHeight": 0.0}, "geometry": {"type": "Polygon", "coordinates": [[[-82.6356467, 27.74092], [-82.6355533, 27.74092], [-82.6355533, 27.74118], [-82.6356467, 27.74118], [-82.6356467, 27.74092]]]}}, {"type": "Feature", "properties": {"height": 8.9, "baseHeight": 0.0}, "geometry": {"type": "Polygon", "coordinates": [[[-82.6353133, 27.74092], [-82.63522, 27.74092], [-82.63522, 27.74118], [-82.6353133, 27.74118], [-82.6353133, 27.74092]]]}}, {"type": "Feature", "properties": {"height": 7.7, "baseHeight": 0.0}, "geometry": {"type": "Polygon", "coordinates": [[[-82.63278, 27.74042], [-82.63202, 27.74042], [-82.63202, 27.74068], [-82.63278, 27.74068], [-82.63278, 27.74042]]]}}, {"type": "Feature", "properties": {"height": 11.7, "baseHeight": 0.0}, "geometry": {"type": "Polygon", "coordinates": [[[-82.63118, 27.74042], [-82.63092, 27.74042], [-82.63092, 27.74118], [-82.63118, 27.74118], [-82.63118, 27.74042]]]}}, {"type": "Feature", "properties": {"height": 8.8, "baseHeight": 0.0}, "geometry": {"type": "Polygon", "coordinates": [[[-82.63068, 27.74042], [-82.63042, 27.74042], [-82.63042, 27.74118], [-82.63068, 27.74118], [-82.63068, 27.74042]]]}}, {"type": "Feature", "properties": {"height": 11.2, "baseHeight": 0.0}, "geometry": {"type": "Polygon", "coordinates": [[[-82.62798, 27.74042], [-82.62722, 27.74042], [-82.62722, 27.7405133], [-82.62798, 27.7405133], [-82.62798, 27.74042]]]}}, {"type": "Feature", "properties": {"height": 20.3, "baseHeight": 0.0}, "geometry": {"type": "Polygon", "coordinates": [[[-82.62798, 27.7407533], [-82.62722, 27.7407533], [-82.62722, 27.7408467], [-82.62798, 27.7408467], [-82.62798, 27.7407533]]]}}, {"type": "Feature", "properties": {"height": 6.0, "baseHeight": 0.0}, "geometry": {"type": "Polygon", "coordinates": [[[-82.62798, 27.7410867], [-82.62722, 27.7410867], [-82.62722, 27.74118], [-82.62798, 27.74118], [-82.62798, 27.7410867]]]}}, {"type": "Feature", "properties": {"height": 5.3, "baseHeight": 0.0}, "geometry": {"type": "Polygon", "coordinates": [[[-82.62318, 27.74042], [-82.62242, 27.74042], [-82.62242, 27.74118], [-82.62318, 27.74118], [-82.62318, 27.74042]]]}}, {"type": "Feature", "properties": {"height": 6.1, "baseHeight": 0.0}, "geometry": {"type": "Polygon", "coordinates": [[[-82.62158, 27.74042], [-82.62082, 27.74042], [-82.62082, 27.74118], [-82.62158, 27.74118], [-82.62158, 27.74042]]]}}, {"type": "Feature", "properties": {"height": 10.5, "baseHeight": 0.0}, "geometry": {"type": "Polygon", "coordinates": [[[-82.61838, 27.74042], [-82.61762, 27.74042], [-82.61762, 27.74118], [-82.61838, 27.74118], [-82.61838, 27.74042]]]}}, {"type": "Feature", "properties": {"height": 10.3, "baseHeight": 0.0}, "geometry": {"type": "Polygon", "coordinates": [[[-82.61678, 27.74042], [-82.6166867, 27.74042], [-82.6166867, 27.7405133], [-82.61678, 27.7405133], [-82.61678, 27.74042]]]}}, {"type": "Feature", "properties": {"height": 9.1, "baseHeight": 0.0}, "geometry": {"type": "Polygon", "coordinates": [[[-82.61678, 27.7407533], [-82.6166867, 27.7407533], [-82.6166867, 27.7408467], [-82.61678, 27.7408467], [-82.61678, 27.7407533]]]}}, {"type": "Feature", "properties": {"height": 10.5, "baseHeight": 0.0}, "geometry": {"type": "Polygon", "coordinates": [[[-82.61678, 27.7410867], [-82.6166867, 27.7410867], [-82.6166867, 27.74118], [-82.61678, 27.74118], [-82.61678, 27.7410867]]]}}, {"type": "Feature", "properties": {"height": 5.7, "baseHeight": 0.0}, "geometry": {"type": "Polygon", "coordinates": [[[-82.6164467, 27.7407533], [-82.6163533, 27.7407533], [-82.6163533, 27.7408467], [-82.6164467, 27.7408467], [-82.6164467, 27.7407533]]]}}, {"type": "Feature", "properties": {"height": 10.6, "baseHeight": 0.0}, "geometry": {"type": "Polygon", "coordinates": [[[-82.6161133, 27.74042], [-82.61602, 27.74042], [-82.61602, 27.7405133], [-82.6161133, 27.7405133], [-82.6161133, 27.74042]]]}}, {"type": "Feature", "properties": {"height": 10.2, "baseHeight": 0.0}, "geometry": {"type": "Polygon", "coordinates": [[[-82.61198, 27.74042], [-82.61172, 27.74042], [-82.61172, 27.74068], [-82.61198, 27.74068], [-82.61198, 27.74042]]]}}, {"type": "Feature", "properties": {"height": 43.3, "baseHeight": 0.0}, "geometry": {"type": "Polygon", "coordinates": [[[-82.61198, 27.74092], [-82.61172, 27.74092], [-82.61172, 27.74118], [-82.61198, 27.74118], [-82.61198, 27.74092]]]}}, {"type": "Feature", "properties": {"height": 10.8, "baseHeight": 0.0}, "geometry": {"type": "Polygon", "coordinates": [[[-82.61148, 27.74042], [-82.61122, 27.74042], [-82.61122, 27.74068], [-82.61148, 27.74068], [-82.61148, 27.74042]]]}}, {"type": "Feature", "properties": {"height": 5.1, "baseHeight": 0.0}, "geometry": {"type": "Polygon", "coordinates": [[[-82.66478, 27.74202], [-82.6646867, 27.74202], [-82.6646867, 27.74228], [-82.66478, 27.74228], [-82.66478, 27.74202]]]}}, {"type": "Feature", "properties": {"height": 9.5, "baseHeight": 0.0}, "geometry": {"type": "Polygon", "coordinates": [[[-82.66478, 27.74252], [-82.6646867, 27.74252], [-82.6646867, 27.74278], [-82.66478, 27.74278], [-82.66478, 27.74252]]]}}, {"type": "Feature", "properties": {"height": 8.3, "baseHeight": 0.0}, "geometry": {"type": "Polygon", "coordinates": [[[-82.6644467, 27.74202], [-82.6643533, 27.74202], [-82.6643533, 27.74228], [-82.6644467, 27.74228], [-82.6644467, 27.74202]]]}}, {"type": "Feature", "properties": {"height": 11.3, "baseHeight": 0.0}, "geometry": {"type": "Polygon", "coordinates": [[[-82.6644467, 27.74252], [-82.6643533, 27.74252], [-82.6643533, 27.74278], [-82.6644467, 27.74278], [-82.6644467, 27.74252]]]}}, {"type": "Feature", "properties": {"height": 7.3, "baseHeight": 0.0}, "geometry": {"type": "Polygon", "coordinates": [[[-82.6641133, 27.74252], [-82.66402, 27.74252], [-82.66402, 27.74278], [-82.6641133, 27.74278], [-82.6641133, 27.74252]]]}}, {"type": "Feature", "properties": {"height": 11.4, "baseHeight": 0.0}, "geometry": {"type": "Polygon", "coordinates": [[[-82.66158, 27.74202], [-82.66132, 27.74202], [-82.66132, 27.74228], [-82.66158, 27.74228], [-82.66158, 27.74202]]]}}, {"type": "Feature", "properties": {"height": 9.2, "baseHeight": 0.0}, "geometry": {"type": "Polygon", "coordinates": [[[-82.66108, 27.74202], [-82.66082, 27.74202], [-82.66082, 27.74228], [-82.66108, 27.74228], [-82.66108, 27.74202]]]}}, {"type": "Feature", "properties": {"height": 5.7, "baseHeight": 0.0}, "geometry": {"type": "Polygon", "coordinates": [[[-82.66108, 27.74252], [-82.66082, 27.74252], [-82.66082, 27.74278], [-82.66108, 27.74278], [-82.66108, 27.74252]]]}}, {"type": "Feature", "properties": {"height": 11.3, "baseHeight": 0.0}, "geometry": {"type": "Polygon", "coordinates": [[[-82.65998, 27.74202], [-82.6598867, 27.74202], [-82.6598867, 27.7421133], [-82.65998, 27.7421133], [-82.65998, 27.74202]]]}}, {"type": "Feature", "properties": {"height": 7.0, "baseHeight": 0.0}, "geometry": {"type": "Polygon", "coordinates": [[[-82.65998, 27.7423533], [-82.6598867, 27.7423533], [-82.6598867, 27.7424467], [-82.65998, 27.7424467], [-82.65998, 27.7423533]]]}}, {"type": "Feature", "properties": {"height": 10.3, "baseHeight": 0.0}, "geometry": {"type": "Polygon", "coordinates": [[[-82.65998, 27.7426867], [-82.6598867, 27.7426867], [-82.6598867, 27.74278], [-82.65998, 27.74278], [-82.65998, 27.7426867]]]}}, {"type": "Feature", "properties": {"height": 7.7, "baseHeight": 0.0}, "geometry": {"type": "Polygon", "coordinates": [[[-82.6596467, 27.74202], [-82.6595533, 27.74202], [-82.6595533, 27.7421133], [-82.6596467, 27.7421133], [-82.6596467, 27.74202]]]}}, {"type": "Feature", "properties": {"height": 5.9, "baseHeight": 0.0}, "geometry": {"type": "Polygon", "coordinates": [[[-82.6596467, 27.7423533], [-82.6595533, 27.7423533], [-82.6595533, 27.7424467], [-82.6596467, 27.7424467], [-82.6596467, 27.7423533]]]}}, {"type": "Feature", "properties": {"height": 8.8, "baseHeight": 0.0}, "geometry": {"type": "Polygon", "coordinates": [[[-82.6596467, 27.7426867], [-82.6595533, 27.7426867], [-82.6595533, 27.74278], [-82.6596467, 27.74278], [-82.6596467, 27.7426867]]]}}, {"type": "Feature", "properties": {"height": 10.3, "baseHeight": 0.0}, "geometry": {"type": "Polygon", "coordinates": [[[-82.6593133, 27.74202], [-82.65922, 27.74202], [-82.65922, 27.7421133], [-82.6593133, 27.7421133], [-82.6593133, 27.74202]]]}}, {"type": "Feature", "properties": {"height": 6.8, "baseHeight": 0.0}, "geometry": {"type": "Polygon", "coordinates": [[[-82.6593133, 27.7423533], [-82.65922, 27.7423533], [-82.65922, 27.7424467], [-82.6593133, 27.7424467], [-82.6593133, 27.7423533]]]}}, {"type": "Feature", "properties": {"height": 11.9, "baseHeight": 0.0}, "geometry": {"type": "Polygon", "coordinates": [[[-82.6593133, 27.7426867], [-82.65922, 27.7426867], [-82.65922, 27.74278], [-82.6593133, 27.74278], [-82.6593133, 27.7426867]]]}}, {"type": "Feature", "properties": {"height": 6.3, "baseHeight": 0.0}, "geometry": {"type": "Polygon", "coordinates": [[[-82.65518, 27.74202], [-82.65442, 27.74202], [-82.65442, 27.74228], [-82.65518, 27.74228], [-82.65518, 27.74202]]]}}, {"type": "Feature", "properties": {"height": 5.0, "baseHeight": 0.0}, "geometry": {"type": "Polygon", "coordinates": [[[-82.65518, 27.74252], [-82.65442, 27.74252], [-82.65442, 27.74278], [-82.65518, 27.74278], [-82.65518, 27.74252]]]}}, {"type": "Feature", "properties": {"height": 10.6, "baseHeight": 0.0}, "geometry": {"type": "Polygon", "coordinates": [[[-82.65358, 27.74202], [-82.65282, 27.74202], [-82.65282, 27.74278], [-82.65358, 27.74278], [-82.65358, 27.74202]]]}}, {"type": "Feature", "properties": {"height": 7.0, "baseHeight": 0.0}, "geometry": {"type": "Polygon", "coordinates": [[[-82.65198, 27.74202], [-82.65172, 27.74202], [-82.65172, 27.7421133], [-82.65198, 27.7421133], [-82.65198, 27.74202]]]}}, {"type": "Feature", "properties": {"height": 11.6, "baseHeight": 0.0}, "geometry": {"type": "Polygon", "coordinates": [[[-82.65198, 27.7426867], [-82.65172, 27.7426867], [-82.65172, 27.74278], [-82.65198, 27.74278], [-82.65198, 27.7426867]]]}}, {"type": "Feature", "properties": {"height": 10.1, "baseHeight": 0.0}, "geometry": {"type": "Polygon", "coordinates": [[[-82.65148, 27.74202], [-82.65122, 27.74202], [-82.65122, 27.7421133], [-82.65148, 27.7421133], [-82.65148, 27.74202]]]}}, {"type": "Feature", "properties": {"height": 7.7, "baseHeight": 0.0}, "geometry": {"type": "Polygon", "coordinates": [[[-82.65148, 27.7423533], [-82.65122, 27.7423533], [-82.65122, 27.7424467], [-82.65148, 27.7424467], [-82.65148, 27.7423533]]]}}, {"type": "Feature", "properties": {"height": 11.5, "baseHeight": 0.0}, "geometry": {"type": "Polygon", "coordinates": [[[-82.65148, 27.7426867], [-82.65122, 27.7426867], [-82.65122, 27.74278], [-82.65148, 27.74278], [-82.65148, 27.7426867]]]}}, {"type": "Feature", "properties": {"height": 11.7, "baseHeight": 0.0}, "geometry": {"type": "Polygon", "coordinates": [[[-82.65038, 27.74202], [-82.64962, 27.74202], [-82.64962, 27.74278], [-82.65038, 27.74278], [-82.65038, 27.74202]]]}}, {"type": "Feature", "properties": {"height": 5.5, "baseHeight": 0.0}, "geometry": {"type": "Polygon", "coordinates": [[[-82.64878, 27.74202], [-82.6486867, 27.74202], [-82.6486867, 27.74228], [-82.64878, 27.74228], [-82.64878, 27.74202]]]}}, {"type": "Feature", "properties": {"height": 6.4, "baseHeight": 0.0}, "geometry": {"type": "Polygon", "coordinates": [[[-82.64878, 27.74252], [-82.6486867, 27.74252], [-82.6486867, 27.74278], [-82.64878, 27.74278], [-82.64878, 27.74252]]]}}, {"type": "Feature", "properties": {"height": 5.4, "baseHeight": 0.0}, "geometry": {"type": "Polygon", "coordinates": [[[-82.6484467, 27.74202], [-82.6483533, 27.74202], [-82.6483533, 27.74228], [-82.6484467, 27.74228], [-82.6484467, 27.74202]]]}}, {"type": "Feature", "properties": {"height": 8.6, "baseHeight": 0.0}, "geometry": {"type": "Polygon", "coordinates": [[[-82.6481133, 27.74202], [-82.64802, 27.74202], [-82.64802, 27.74228], [-82.6481133, 27.74228], [-82.6481133, 27.74202]]]}}, {"type": "Feature", "properties": {"height": 7.6, "baseHeight": 0.0}, "geometry": {"type": "Polygon", "coordinates": [[[-82.6481133, 27.74252], [-82.64802, 27.74252], [-82.64802, 27.74278], [-82.6481133, 27.74278], [-82.6481133, 27.74252]]]}}, {"type": "Feature", "properties": {"height": 8.0, "baseHeight": 0.0}, "geometry": {"type": "Polygon", "coordinates": [[[-82.64718, 27.74202], [-82.64692, 27.74202], [-82.64692, 27.74228], [-82.64718, 27.74228], [-82.64718, 27.74202]]]}}, {"type": "Feature", "properties": {"height": 9.5, "baseHeight": 0.0}, "geometry": {"type": "Polygon", "coordinates": [[[-82.64718, 27.74252], [-82.64692, 27.74252], [-82.64692, 27.74278], [-82.64718, 27.74278], [-82.64718, 27.74252]]]}}, {"type": "Feature", "properties": {"height": 8.1, "baseHeight": 0.0}, "geometry": {"type": "Polygon", "coordinates": [[[-82.64668, 27.74252], [-82.64642, 27.74252], [-82.64642, 27.74278], [-82.64668, 27.74278], [-82.64668, 27.74252]]]}}, {"type": "Feature", "properties": {"height": 11.4, "baseHeight": 0.0}, "geometry": {"type": "Polygon", "coordinates": [[[-82.64558, 27.74202], [-82.64532, 27.74202], [-82.64532, 27.74278], [-82.64558, 27.74278], [-82.64558, 27.74202]]]}}, {"type": "Feature", "properties": {"height": 6.5, "baseHeight": 0.0}, "geometry": {"type": "Polygon", "coordinates": [[[-82.64508, 27.74202], [-82.64482, 27.74202], [-82.64482, 27.74278], [-82.64508, 27.74278], [-82.64508, 27.74202]]]}}, {"type": "Feature", "properties": {"height": 27.9, "baseHeight": 0.0}, "geometry": {"type": "Polygon", "coordinates": [[[-82.64238, 27.74202], [-82.64162, 27.74202], [-82.64162, 27.74278], [-82.64238, 27.74278], [-82.64238, 27.74202]]]}}, {"type": "Feature", "properties": {"height": 10.8, "baseHeight": 0.0}, "geometry": {"type": "Polygon", "coordinates": [[[-82.63918, 27.74202], [-82.63842, 27.74202], [-82.63842, 27.7421133], [-82.63918, 27.7421133], [-82.63918, 27.74202]]]}}, {"type": "Feature", "properties": {"height": 11.3, "baseHeight": 0.0}, "geometry": {"type": "Polygon", "coordinates": [[[-82.63918, 27.7423533], [-82.63842, 27.7423533], [-82.63842, 27.7424467], [-82.63918, 27.7424467], [-82.63918, 27.7423533]]]}}, {"type": "Feature", "properties": {"height": 5.2, "baseHeight": 0.0}, "geometry": {"type": "Polygon", "coordinates": [[[-82.63918, 27.7426867], [-82.63842, 27.7426867], [-82.63842, 27.74278], [-82.63918, 27.74278], [-82.63918, 27.7426867]]]}}, {"type": "Feature", "properties": {"height": 5.4, "baseHeight": 0.0}, "geometry": {"type": "Polygon", "coordinates": [[[-82.63598, 27.74202], [-82.63572, 27.74202], [-82.63572, 27.74228], [-82.63598, 27.74228], [-82.63598, 27.74202]]]}}, {"type": "Feature", "properties": {"height": 9.8, "baseHeight": 0.0}, "geometry": {"type": "Polygon", "coordinates": [[[-82.63598, 27.74252], [-82.63572, 27.74252], [-82.63572, 27.74278], [-82.63598, 27.74278], [-82.63598, 27.74252]]]}}, {"type": "Feature", "properties": {"height": 9.6, "baseHeight": 0.0}, "geometry": {"type": "Polygon", "coordinates": [[[-82.63548, 27.74202], [-82.63522, 27.74202], [-82.63522, 27.74228], [-82.63548, 27.74228], [-82.63548, 27.74202]]]}}, {"type": "Feature", "properties": {"height": 7.1, "baseHeight": 0.0}, "geometry": {"type": "Polygon", "coordinates": [[[-82.63548, 27.74252], [-82.63522, 27.74252], [-82.63522, 27.74278], [-82.63548, 27.74278], [-82.63548, 27.74252]]]}}, {"type": "Feature", "properties": {"height": 25.4, "baseHeight": 0.0}, "geometry": {"type": "Polygon", "coordinates": [[[-82.63438, 27.74202], [-82.6342867, 27.74202], [-82.6342867, 27.7421133], [-82.63438, 27.7421133], [-82.63438, 27.74202]]]}}, {"type": "Feature", "properties": {"height": 47.8, "baseHeight": 0.0}, "geometry": {"type": "Polygon", "coordinates": [[[-82.63438, 27.7423533], [-82.6342867, 27.7423533], [-82.6342867, 27.7424467], [-82.63438, 27.7424467], [-82.63438, 27.7423533]]]}}, {"type": "Feature", "properties": {"height": 10.4, "baseHeight": 0.0}, "geometry": {"type": "Polygon", "coordinates": [[[-82.63438, 27.7426867], [-82.6342867, 27.7426867], [-82.6342867, 27.74278], [-82.63438, 27.74278], [-82.63438, 27.7426867]]]}}, {"type": "Feature", "properties": {"height": 11.0, "baseHeight": 0.0}, "geometry": {"type": "Polygon", "coordinates": [[[-82.6340467, 27.7423533], [-82.6339533, 27.7423533], [-82.6339533, 27.7424467], [-82.6340467, 27.7424467], [-82.6340467, 27.7423533]]]}}, {"type": "Feature", "properties": {"height": 33.6, "baseHeight": 0.0}, "geometry": {"type": "Polygon", "coordinates": [[[-82.6340467, 27.7426867], [-82.6339533, 27.7426867], [-82.6339533, 27.74278], [-82.6340467, 27.74278], [-82.6340467, 27.7426867]]]}}, {"type": "Feature", "properties": {"height": 11.2, "baseHeight": 0.0}, "geometry": {"type": "Polygon", "coordinates": [[[-82.6337133, 27.7423533], [-82.63362, 27.7423533], [-82.63362, 27.7424467], [-82.6337133, 27.7424467], [-82.6337133, 27.7423533]]]}}, {"type": "Feature", "properties": {"height": 25.3, "baseHeight": 0.0}, "geometry": {"type": "Polygon", "coordinates": [[[-82.6337133, 27.7426867], [-82.63362, 27.7426867], [-82.63362, 27.74278], [-82.6337133, 27.74278], [-82.6337133, 27.7426867]]]}}, {"type": "Feature", "properties": {"height": 5.6, "baseHeight": 0.0}, "geometry": {"type": "Polygon", "coordinates": [[[-82.62958, 27.74202], [-82.6294867, 27.74202], [-82.6294867, 27.74228], [-82.62958, 27.74228], [-82.62958, 27.74202]]]}}, {"type": "Feature", "properties": {"height": 11.5, "baseHeight": 0.0}, "geometry": {"type": "Polygon", "coordinates": [[[-82.6292467, 27.74202], [-82.6291533, 27.74202], [-82.6291533, 27.74228], [-82.6292467, 27.74228], [-82.6292467, 27.74202]]]}}, {"type": "Feature", "properties": {"height": 7.3, "baseHeight": 0.0}, "geometry": {"type": "Polygon", "coordinates": [[[-82.6292467, 27.74252], [-82.6291533, 27.74252], [-82.6291533, 27.74278], [-82.6292467, 27.74278], [-82.6292467, 27.74252]]]}}, {"type": "Feature", "properties": {"height": 6.2, "baseHeight": 0.0}, "geometry": {"type": "Polygon", "coordinates": [[[-82.6289133, 27.74202], [-82.62882, 27.74202], [-82.62882, 27.74228], [-82.6289133, 27.74228], [-82.6289133, 27.74202]]]}}, {"type": "Feature", "properties": {"height": 9.0, "baseHeight": 0.0}, "geometry": {"type": "Polygon", "coordinates": [[[-82.62638, 27.74202], [-82.62612, 27.74202], [-82.62612, 27.74278], [-82.62638, 27.74278], [-82.62638, 27.74202]]]}}, {"type": "Feature", "properties": {"height": 9.7, "baseHeight": 0.0}, "geometry": {"type": "Polygon", "coordinates": [[[-82.62588, 27.74202], [-82.62562, 27.74202], [-82.62562, 27.74278], [-82.62588, 27.74278], [-82.62588, 27.74202]]]}}, {"type": "Feature", "properties": {"height": 8.9, "baseHeight": 0.0}, "geometry": {"type": "Polygon", "coordinates": [[[-82.62478, 27.74202], [-82.62402, 27.74202], [-82.62402, 27.74228], [-82.62478, 27.74228], [-82.62478, 27.74202]]]}}, {"type": "Feature", "properties": {"height": 10.4, "baseHeight": 0.0}, "geometry": {"type": "Polygon", "coordinates": [[[-82.62478, 27.74252], [-82.62402, 27.74252], [-82.62402, 27.74278], [-82.62478, 27.74278], [-82.62478, 27.74252]]]}}, {"type": "Feature", "properties": {"height": 5.8, "baseHeight": 0.0}, "geometry": {"type": "Polygon", "coordinates": [[[-82.62318, 27.74202], [-82.62292, 27.74202], [-82.62292, 27.74228], [-82.62318, 27.74228], [-82.62318, 27.74202]]]}}, {"type": "Feature", "properties": {"height": 5.4, "baseHeight": 0.0}, "geometry": {"type": "Polygon", "coordinates": [[[-82.62318, 27.74252], [-82.62292, 27.74252], [-82.62292, 27.74278], [-82.62318, 27.74278], [-82.62318, 27.74252]]]}}, {"type": "Feature", "properties": {"height": 5.4, "baseHeight": 0.0}, "geometry": {"type": "Polygon", "coordinates": [[[-82.62268, 27.74252], [-82.62242, 27.74252], [-82.62242, 27.74278], [-82.62268, 27.74278], [-82.62268, 27.74252]]]}}, {"type": "Feature", "properties": {"height": 5.8, "baseHeight": 0.0}, "geometry": {"type": "Polygon", "coordinates": [[[-82.62158, 27.74202], [-82.6214867, 27.74202], [-82.6214867, 27.74278], [-82.62158, 27.74278], [-82.62158, 27.74202]]]}}, {"type": "Feature", "properties": {"height": 8.2, "baseHeight": 0.0}, "geometry": {"type": "Polygon", "coordinates": [[[-82.6212467, 27.74202], [-82.6211533, 27.74202], [-82.6211533, 27.74278], [-82.6212467, 27.74278], [-82.6212467, 27.74202]]]}}, {"type": "Feature", "properties": {"height": 8.6, "baseHeight": 0.0}, "geometry": {"type": "Polygon", "coordinates": [[[-82.6209133, 27.74202], [-82.62082, 27.74202], [-82.62082, 27.74278], [-82.6209133, 27.74278], [-82.6209133, 27.74202]]]}}, {"type": "Feature", "properties": {"height": 5.7, "baseHeight": 0.0}, "geometry": {"type": "Polygon", "coordinates": [[[-82.61678, 27.74202], [-82.61652, 27.74202], [-82.61652, 27.7421133], [-82.61678, 27.7421133], [-82.61678, 27.74202]]]}}, {"type": "Feature", "properties": {"height": 23.8, "baseHeight": 0.0}, "geometry": {"type": "Polygon", "coordinates": [[[-82.61678, 27.7423533], [-82.61652, 27.7423533], [-82.61652, 27.7424467], [-82.61678, 27.7424467], [-82.61678, 27.7423533]]]}}, {"type": "Feature", "properties": {"height": 11.7, "baseHeight": 0.0}, "geometry": {"type": "Polygon", "coordinates": [[[-82.61678, 27.7426867], [-82.61652, 27.7426867], [-82.61652, 27.74278], [-82.61678, 27.74278], [-82.61678, 27.7426867]]]}}, {"type": "Feature", "properties": {"height": 11.8, "baseHeight": 0.0}, "geometry": {"type": "Polygon", "coordinates": [[[-82.61628, 27.74202], [-82.61602, 27.74202], [-82.61602, 27.7421133], [-82.61628, 27.7421133], [-82.61628, 27.74202]]]}}, {"type": "Feature", "properties": {"height": 8.5, "baseHeight": 0.0}, "geometry": {"type": "Polygon", "coordinates": [[[-82.61628, 27.7423533], [-82.61602, 27.7423533], [-82.61602, 27.7424467], [-82.61628, 27.7424467], [-82.61628, 27.7423533]]]}}, {"type": "Feature", "properties": {"height": 5.6, "baseHeight": 0.0}, "geometry": {"type": "Polygon", "coordinates": [[[-82.61628, 27.7426867], [-82.61602, 27.7426867], [-82.61602, 27.74278], [-82.61628, 27.74278], [-82.61628, 27.7426867]]]}}, {"type": "Feature", "properties": {"height": 10.4, "baseHeight": 0.0}, "geometry": {"type": "Polygon", "coordinates": [[[-82.61518, 27.74202], [-82.6150867, 27.74202], [-82.6150867, 27.74228], [-82.61518, 27.74228], [-82.61518, 27.74202]]]}}, {"type": "Feature", "properties": {"height": 5.4, "baseHeight": 0.0}, "geometry": {"type": "Polygon", "coordinates": [[[-82.61518, 27.74252], [-82.6150867, 27.74252], [-82.6150867, 27.74278], [-82.61518, 27.74278], [-82.61518, 27.74252]]]}}, {"type": "Feature", "properties": {"height": 11.9, "baseHeight": 0.0}, "geometry": {"type": "Polygon", "coordinates": [[[-82.6148467, 27.74252], [-82.6147533, 27.74252], [-82.6147533, 27.74278], [-82.6148467, 27.74278], [-82.6148467, 27.74252]]]}}, {"type": "Feature", "properties": {"height": 7.2, "baseHeight": 0.0}, "geometry": {"type": "Polygon", "coordinates": [[[-82.6145133, 27.74202], [-82.61442, 27.74202], [-82.61442, 27.74228], [-82.6145133, 27.74228], [-82.6145133, 27.74202]]]}}, {"type": "Feature", "properties": {"height": 5.0, "baseHeight": 0.0}, "geometry": {"type": "Polygon", "coordinates": [[[-82.61198, 27.74202], [-82.61122, 27.74202], [-82.61122, 27.7421133], [-82.61198, 27.7421133], [-82.61198, 27.74202]]]}}, {"type": "Feature", "properties": {"height": 7.0, "baseHeight": 0.0}, "geometry": {"type": "Polygon", "coordinates": [[[-82.61198, 27.7426867], [-82.61122, 27.7426867], [-82.61122, 27.74278], [-82.61198, 27.74278], [-82.61198, 27.7426867]]]}}, {"type": "Feature", "properties": {"height": 7.0, "baseHeight": 0.0}, "geometry": {"type": "Polygon", "coordinates": [[[-82.66478, 27.74362], [-82.66402, 27.74362], [-82.66402, 27.74438], [-82.66478, 27.74438], [-82.66478, 27.74362]]]}}, {"type": "Feature", "properties": {"height": 10.6, "baseHeight": 0.0}, "geometry": {"type": "Polygon", "coordinates": [[[-82.66318, 27.74362], [-82.66292, 27.74362], [-82.66292, 27.74388], [-82.66318, 27.74388], [-82.66318, 27.74362]]]}}, {"type": "Feature", "properties": {"height": 6.3, "baseHeight": 0.0}, "geometry": {"type": "Polygon", "coordinates": [[[-82.66318, 27.74412], [-82.66292, 27.74412], [-82.66292, 27.74438], [-82.66318, 27.74438], [-82.66318, 27.74412]]]}}, {"type": "Feature", "properties": {"height": 11.2, "baseHeight": 0.0}, "geometry": {"type": "Polygon", "coordinates": [[[-82.66268, 27.74362], [-82.66242, 27.74362], [-82.66242, 27.74388], [-82.66268, 27.74388], [-82.66268, 27.74362]]]}}, {"type": "Feature", "properties": {"height": 7.9, "baseHeight": 0.0}, "geometry": {"type": "Polygon", "coordinates": [[[-82.66268, 27.74412], [-82.66242, 27.74412], [-82.66242, 27.74438], [-82.66268, 27.74438], [-82.66268, 27.74412]]]}}, {"type": "Feature", "properties": {"height": 9.6, "baseHeight": 0.0}, "geometry": {"type": "Polygon", "coordinates": [[[-82.66158, 27.74362], [-82.66132, 27.74362], [-82.66132, 27.74388], [-82.66158, 27.74388], [-82.66158, 27.74362]]]}}, {"type": "Feature", "properties": {"height": 29.7, "baseHeight": 0.0}, "geometry": {"type": "Polygon", "coordinates": [[[-82.66158, 27.74412], [-82.66132, 27.74412], [-82.66132, 27.74438], [-82.66158, 27.74438], [-82.66158, 27.74412]]]}}, {"type": "Feature", "properties": {"height": 6.7, "baseHeight": 0.0}, "geometry": {"type": "Polygon", "coordinates": [[[-82.66108, 27.74362], [-82.66082, 27.74362], [-82.66082, 27.74388], [-82.66108, 27.74388], [-82.66108, 27.74362]]]}}, {"type": "Feature", "properties": {"height": 10.1, "baseHeight": 0.0}, "geometry": {"type": "Polygon", "coordinates": [[[-82.66108, 27.74412], [-82.66082, 27.74412], [-82.66082, 27.74438], [-82.66108, 27.74438], [-82.66108, 27.74412]]]}}, {"type": "Feature", "properties": {"height": 11.5, "baseHeight": 0.0}, "geometry": {"type": "Polygon", "coordinates": [[[-82.65998, 27.74362], [-82.6598867, 27.74362], [-82.6598867, 27.74388], [-82.65998, 27.74388], [-82.65998, 27.74362]]]}}, {"type": "Feature", "properties": {"height": 5.6, "baseHeight": 0.0}, "geometry": {"type": "Polygon", "coordinates": [[[-82.65998, 27.74412], [-82.6598867, 27.74412], [-82.6598867, 27.74438], [-82.65998, 27.74438], [-82.65998, 27.74412]]]}}, {"type": "Feature", "properties": {"height": 7.6, "baseHeight": 0.0}, "geometry": {"type": "Polygon", "coordinates": [[[-82.6596467, 27.74362], [-82.6595533, 27.74362], [-82.6595533, 27.74388], [-82.6596467, 27.74388], [-82.6596467, 27.74362]]]}}, {"type": "Feature", "properties": {"height": 8.4, "baseHeight": 0.0}, "geometry": {"type": "Polygon", "coordinates": [[[-82.6596467, 27.74412], [-82.6595533, 27.74412], [-82.6595533, 27.74438], [-82.6596467, 27.74438], [-82.6596467, 27.74412]]]}}, {"type": "Feature", "properties": {"height": 38.9, "baseHeight": 0.0}, "geometry": {"type": "Polygon", "coordinates": [[[-82.6593133, 27.74362], [-82.65922, 27.74362], [-82.65922, 27.74388], [-82.6593133, 27.74388], [-82.6593133, 27.74362]]]}}, {"type": "Feature", "properties": {"height": 5.9, "baseHeight": 0.0}, "geometry": {"type": "Polygon", "coordinates": [[[-82.6593133, 27.74412], [-82.65922, 27.74412], [-82.65922, 27.74438], [-82.6593133, 27.74438], [-82.6593133, 27.74412]]]}}, {"type": "Feature", "properties": {"height": 5.5, "baseHeight": 0.0}, "geometry": {"type": "Polygon", "coordinates": [[[-82.65838, 27.74362], [-82.65762, 27.74362], [-82.65762, 27.74438], [-82.65838, 27.74438], [-82.65838, 27.74362]]]}}, {"type": "Feature", "properties": {"height": 11.1, "baseHeight": 0.0}, "geometry": {"type": "Polygon", "coordinates": [[[-82.65678, 27.74362], [-82.65602, 27.74362], [-82.65602, 27.74438], [-82.65678, 27.74438], [-82.65678, 27.74362]]]}}, {"type": "Feature", "properties": {"height": 10.3, "baseHeight": 0.0}, "geometry": {"type": "Polygon", "coordinates": [[[-82.65518, 27.74362], [-82.65442, 27.74362], [-82.65442, 27.74388], [-82.65518, 27.74388], [-82.65518, 27.74362]]]}}, {"type": "Feature", "properties": {"height": 9.5, "baseHeight": 0.0}, "geometry": {"type": "Polygon", "coordinates": [[[-82.65518, 27.74412], [-82.65442, 27.74412], [-82.65442, 27.74438], [-82.65518, 27.74438], [-82.65518, 27.74412]]]}}, {"type": "Feature", "properties": {"height": 6.1, "baseHeight": 0.0}, "geometry": {"type": "Polygon", "coordinates": [[[-82.65358, 27.74362], [-82.65282, 27.74362], [-82.65282, 27.7437133], [-82.65358, 27.7437133], [-82.65358, 27.74362]]]}}, {"type": "Feature", "properties": {"height": 9.4, "baseHeight": 0.0}, "geometry": {"type": "Polygon", "coordinates": [[[-82.65358, 27.7439533], [-82.65282, 27.7439533], [-82.65282, 27.7440467], [-82.65358, 27.7440467], [-82.65358, 27.7439533]]]}}, {"type": "Feature", "properties": {"height": 6.4, "baseHeight": 0.0}, "geometry": {"type": "Polygon", "coordinates": [[[-82.65358, 27.7442867], [-82.65282, 27.7442867], [-82.65282, 27.74438], [-82.65358, 27.74438], [-82.65358, 27.7442867]]]}}, {"type": "Feature", "properties": {"height": 10.9, "baseHeight": 0.0}, "geometry": {"type": "Polygon", "coordinates": [[[-82.64878, 27.74362], [-82.64802, 27.74362], [-82.64802, 27.74438], [-82.64878, 27.74438], [-82.64878, 27.74362]]]}}, {"type": "Feature", "properties": {"height": 11.0, "baseHeight": 0.0}, "geometry": {"type": "Polygon", "coordinates": [[[-82.64718, 27.74362], [-82.6470867, 27.74362], [-82.6470867, 27.74438], [-82.64718, 27.74438], [-82.64718, 27.74362]]]}}, {"type": "Feature", "properties": {"height": 11.6, "baseHeight": 0.0}, "geometry": {"type": "Polygon", "coordinates": [[[-82.6465133, 27.74362], [-82.64642, 27.74362], [-82.64642, 27.74438], [-82.6465133, 27.74438], [-82.6465133, 27.74362]]]}}, {"type": "Feature", "properties": {"height": 10.2, "baseHeight": 0.0}, "geometry": {"type": "Polygon", "coordinates": [[[-82.64558, 27.74362], [-82.64482, 27.74362], [-82.64482, 27.74438], [-82.64558, 27.74438], [-82.64558, 27.74362]]]}}, {"type": "Feature", "properties": {"height": 21.5, "baseHeight": 0.0}, "geometry": {"type": "Polygon", "coordinates": [[[-82.64398, 27.74362], [-82.64322, 27.74362], [-82.64322, 27.74438], [-82.64398, 27.74438], [-82.64398, 27.74362]]]}}, {"type": "Feature", "properties": {"height": 5.5, "baseHeight": 0.0}, "geometry": {"type": "Polygon", "coordinates": [[[-82.64238, 27.74362], [-82.6422867, 27.74362], [-82.6422867, 27.74438], [-82.64238, 27.74438], [-82.64238, 27.74362]]]}}, {"type": "Feature", "properties": {"height": 10.8, "baseHeight": 0.0}, "geometry": {"type": "Polygon", "coordinates": [[[-82.6420467, 27.74362], [-82.6419533, 27.74362], [-82.6419533, 27.74438], [-82.6420467, 27.74438], [-82.6420467, 27.74362]]]}}, {"type": "Feature", "properties": {"height": 11.7, "baseHeight": 0.0}, "geometry": {"type": "Polygon", "coordinates": [[[-82.6417133, 27.74362], [-82.64162, 27.74362], [-82.64162, 27.74438], [-82.6417133, 27.74438], [-82.6417133, 27.74362]]]}}, {"type": "Feature", "properties": {"height": 8.6, "baseHeight": 0.0}, "geometry": {"type": "Polygon", "coordinates": [[[-82.64078, 27.74362], [-82.64002, 27.74362], [-82.64002, 27.74388], [-82.64078, 27.74388], [-82.64078, 27.74362]]]}}, {"type": "Feature", "properties": {"height": 8.0, "baseHeight": 0.0}, "geometry": {"type": "Polygon", "coordinates": [[[-82.64078, 27.74412], [-82.64002, 27.74412], [-82.64002, 27.74438], [-82.64078, 27.74438], [-82.64078, 27.74412]]]}}, {"type": "Feature", "properties": {"height": 5.6, "baseHeight": 0.0}, "geometry": {"type": "Polygon", "coordinates": [[[-82.63758, 27.74362], [-82.63682, 27.74362], [-82.63682, 27.74388], [-82.63758, 27.74388], [-82.63758, 27.74362]]]}}, {"type": "Feature", "properties": {"height": 8.3, "baseHeight": 0.0}, "geometry": {"type": "Polygon", "coordinates": [[[-82.63758, 27.74412], [-82.63682, 27.74412], [-82.63682, 27.74438], [-82.63758, 27.74438], [-82.63758, 27.74412]]]}}, {"type": "Feature", "properties": {"height": 7.6, "baseHeight": 0.0}, "geometry": {"type": "Polygon", "coordinates": [[[-82.63438, 27.74362], [-82.6342867, 27.74362], [-82.6342867, 27.7437133], [-82.63438, 27.7437133], [-82.63438, 27.74362]]]}}, {"type": "Feature", "properties": {"height": 8.2, "baseHeight": 0.0}, "geometry": {"type": "Polygon", "coordinates": [[[-82.63438, 27.7439533], [-82.6342867, 27.7439533], [-82.6342867, 27.7440467], [-82.63438, 27.7440467], [-82.63438, 27.7439533]]]}}, {"type": "Feature", "properties": {"height": 7.8, "baseHeight": 0.0}, "geometry": {"type": "Polygon", "coordinates": [[[-82.63438, 27.7442867], [-82.6342867, 27.7442867], [-82.6342867, 27.74438], [-82.63438, 27.74438], [-82.63438, 27.7442867]]]}}, {"type": "Feature", "properties": {"height": 7.1, "baseHeight": 0.0}, "geometry": {"type": "Polygon", "coordinates": [[[-82.6340467, 27.74362], [-82.6339533, 27.74362], [-82.6339533, 27.7437133], [-82.6340467, 27.7437133], [-82.6340467, 27.74362]]]}}, {"type": "Feature", "properties": {"height": 5.8, "baseHeight": 0.0}, "geometry": {"type": "Polygon", "coordinates": [[[-82.6340467, 27.7439533], [-82.6339533, 27.7439533], [-82.6339533, 27.7440467], [-82.6340467, 27.7440467], [-82.6340467, 27.7439533]]]}}, {"type": "Feature", "properties": {"height": 5.3, "baseHeight": 0.0}, "geometry": {"type": "Polygon", "coordinates": [[[-82.6340467, 27.7442867], [-82.6339533, 27.7442867], [-82.6339533, 27.74438], [-82.6340467, 27.74438], [-82.6340467, 27.7442867]]]}}, {"type": "Feature", "properties": {"height": 5.8, "baseHeight": 0.0}, "geometry": {"type": "Polygon", "coordinates": [[[-82.6337133, 27.7439533], [-82.63362, 27.7439533], [-82.63362, 27.7440467], [-82.6337133, 27.7440467], [-82.6337133, 27.7439533]]]}}, {"type": "Feature", "properties": {"height": 6.1, "baseHeight": 0.0}, "geometry": {"type": "Polygon", "coordinates": [[[-82.6337133, 27.7442867], [-82.63362, 27.7442867], [-82.63362, 27.74438], [-82.6337133, 27.74438], [-82.6337133, 27.7442867]]]}}, {"type": "Feature", "properties": {"height": 6.8, "baseHeight": 0.0}, "geometry": {"type": "Polygon", "coordinates": [[[-82.63278, 27.74362], [-82.6326867, 27.74362], [-82.6326867, 27.74438], [-82.63278, 27.74438], [-82.63278, 27.74362]]]}}, {"type": "Feature", "properties": {"height": 11.8, "baseHeight": 0.0}, "geometry": {"type": "Polygon", "coordinates": [[[-82.6324467, 27.74362], [-82.6323533, 27.74362], [-82.6323533, 27.74438], [-82.6324467, 27.74438], [-82.6324467, 27.74362]]]}}, {"type": "Feature", "properties": {"height": 6.0, "baseHeight": 0.0}, "geometry": {"type": "Polygon", "coordinates": [[[-82.6321133, 27.74362], [-82.63202, 27.74362], [-82.63202, 27.74438], [-82.6321133, 27.74438], [-82.6321133, 27.74362]]]}}, {"type": "Feature", "properties": {"height": 9.9, "baseHeight": 0.0}, "geometry": {"type": "Polygon", "coordinates": [[[-82.63118, 27.74362], [-82.63042, 27.74362], [-82.63042, 27.74388], [-82.63118, 27.74388], [-82.63118, 27.74362]]]}}, {"type": "Feature", "properties": {"height": 39.5, "baseHeight": 0.0}, "geometry": {"type": "Polygon", "coordinates": [[[-82.62958, 27.74362], [-82.62882, 27.74362], [-82.62882, 27.74388], [-82.62958, 27.74388], [-82.62958, 27.74362]]]}}, {"type": "Feature", "properties": {"height": 7.0, "baseHeight": 0.0}, "geometry": {"type": "Polygon", "coordinates": [[[-82.62798, 27.74362], [-82.62722, 27.74362], [-82.62722, 27.7437133], [-82.62798, 27.7437133], [-82.62798, 27.74362]]]}}, {"type": "Feature", "properties": {"height": 11.1, "baseHeight": 0.0}, "geometry": {"type": "Polygon", "coordinates": [[[-82.62798, 27.7439533], [-82.62722, 27.7439533], [-82.62722, 27.7440467], [-82.62798, 27.7440467], [-82.62798, 27.7439533]]]}}, {"type": "Feature", "properties": {"height": 6.5, "baseHeight": 0.0}, "geometry": {"type": "Polygon", "coordinates": [[[-82.62798, 27.7442867], [-82.62722, 27.7442867], [-82.62722, 27.74438], [-82.62798, 27.74438], [-82.62798, 27.7442867]]]}}, {"type": "Feature", "properties": {"height": 5.7, "baseHeight": 0.0}, "geometry": {"type": "Polygon", "coordinates": [[[-82.62638, 27.74362], [-82.62612, 27.74362], [-82.62612, 27.74438], [-82.62638, 27.74438], [-82.62638, 27.74362]]]}}, {"type": "Feature", "properties": {"height": 7.2, "baseHeight": 0.0}, "geometry": {"type": "Polygon", "coordinates": [[[-82.62588, 27.74362], [-82.62562, 27.74362], [-82.62562, 27.74438], [-82.62588, 27.74438], [-82.62588, 27.74362]]]}}, {"type": "Feature", "properties": {"height": 10.3, "baseHeight": 0.0}, "geometry": {"type": "Polygon", "coordinates": [[[-82.62478, 27.74362], [-82.62402, 27.74362], [-82.62402, 27.74388], [-82.62478, 27.74388], [-82.62478, 27.74362]]]}}, {"type": "Feature", "properties": {"height": 5.1, "baseHeight": 0.0}, "geometry": {"type": "Polygon", "coordinates": [[[-82.62318, 27.74362], [-82.6230867, 27.74362], [-82.6230867, 27.74388], [-82.62318, 27.74388], [-82.62318, 27.74362]]]}}, {"type": "Feature", "properties": {"height": 9.9, "baseHeight": 0.0}, "geometry": {"type": "Polygon", "coordinates": [[[-82.62318, 27.74412], [-82.6230867, 27.74412], [-82.6230867, 27.74438], [-82.62318, 27.74438], [-82.62318, 27.74412]]]}}, {"type": "Feature", "properties": {"height": 11.9, "baseHeight": 0.0}, "geometry": {"type": "Polygon", "coordinates": [[[-82.6228467, 27.74362], [-82.6227533, 27.74362], [-82.6227533, 27.74388], [-82.6228467, 27.74388], [-82.6228467, 27.74362]]]}}, {"type": "Feature", "properties": {"height": 9.8, "baseHeight": 0.0}, "geometry": {"type": "Polygon", "coordinates": [[[-82.6228467, 27.74412], [-82.6227533, 27.74412], [-82.6227533, 27.74438], [-82.6228467, 27.74438], [-82.6228467, 27.74412]]]}}, {"type": "Feature", "properties": {"height": 7.9, "baseHeight": 0.0}, "geometry": {"type": "Polygon", "coordinates": [[[-82.6225133, 27.74362], [-82.62242, 27.74362], [-82.62242, 27.74388], [-82.6225133, 27.74388], [-82.6225133, 27.74362]]]}}, {"type": "Feature", "properties": {"height": 9.1, "baseHeight": 0.0}, "geometry": {"type": "Polygon", "coordinates": [[[-82.6225133, 27.74412], [-82.62242, 27.74412], [-82.62242, 27.74438], [-82.6225133, 27.74438], [-82.6225133, 27.74412]]]}}, {"type": "Feature", "properties": {"height": 7.3, "baseHeight": 0.0}, "geometry": {"type": "Polygon", "coordinates": [[[-82.62158, 27.74362], [-82.62132, 27.74362], [-82.62132, 27.74438], [-82.62158, 27.74438], [-82.62158, 27.74362]]]}}, {"type": "Feature", "properties": {"height": 6.9, "baseHeight": 0.0}, "geometry": {"type": "Polygon", "coordinates": [[[-82.62108, 27.74362], [-82.62082, 27.74362], [-82.62082, 27.74438], [-82.62108, 27.74438], [-82.62108, 27.74362]]]}}, {"type": "Feature", "properties": {"height": 9.9, "baseHeight": 0.0}, "geometry": {"type": "Polygon", "coordinates": [[[-82.61838, 27.74362], [-82.61762, 27.74362], [-82.61762, 27.74438], [-82.61838, 27.74438], [-82.61838, 27.74362]]]}}, {"type": "Feature", "properties": {"height": 5.4, "baseHeight": 0.0}, "geometry": {"type": "Polygon", "coordinates": [[[-82.61678, 27.74362], [-82.61602, 27.74362], [-82.61602, 27.74438], [-82.61678, 27.74438], [-82.61678, 27.74362]]]}}, {"type": "Feature", "properties": {"height": 9.8, "baseHeight": 0.0}, "geometry": {"type": "Polygon", "coordinates": [[[-82.61518, 27.74362], [-82.61442, 27.74362], [-82.61442, 27.74388], [-82.61518, 27.74388], [-82.61518, 27.74362]]]}}, {"type": "Feature", "properties": {"height": 8.3, "baseHeight": 0.0}, "geometry": {"type": "Polygon", "coordinates": [[[-82.61518, 27.74412], [-82.61442, 27.74412], [-82.61442, 27.74438], [-82.61518, 27.74438], [-82.61518, 27.74412]]]}}, {"type": "Feature", "properties": {"height": 7.1, "baseHeight": 0.0}, "geometry": {"type": "Polygon", "coordinates": [[[-82.61358, 27.74362], [-82.61332, 27.74362], [-82.61332, 27.7437133], [-82.61358, 27.7437133], [-82.61358, 27.74362]]]}}, {"type": "Feature", "properties": {"height": 11.3, "baseHeight": 0.0}, "geometry": {"type": "Polygon", "coordinates": [[[-82.61358, 27.7439533], [-82.61332, 27.7439533], [-82.61332, 27.7440467], [-82.61358, 27.7440467], [-82.61358, 27.7439533]]]}}, {"type": "Feature", "properties": {"height": 6.9, "baseHeight": 0.0}, "geometry": {"type": "Polygon", "coordinates": [[[-82.61358, 27.7442867], [-82.61332, 27.7442867], [-82.61332, 27.74438], [-82.61358, 27.74438], [-82.61358, 27.7442867]]]}}, {"type": "Feature", "properties": {"height": 6.9, "baseHeight": 0.0}, "geometry": {"type": "Polygon", "coordinates": [[[-82.61308, 27.74362], [-82.61282, 27.74362], [-82.61282, 27.7437133], [-82.61308, 27.7437133], [-82.61308, 27.74362]]]}}, {"type": "Feature", "properties": {"height": 9.6, "baseHeight": 0.0}, "geometry": {"type": "Polygon", "coordinates": [[[-82.61308, 27.7442867], [-82.61282, 27.7442867], [-82.61282, 27.74438], [-82.61308, 27.74438], [-82.61308, 27.7442867]]]}}, {"type": "Feature", "properties": {"height": 9.6, "baseHeight": 0.0}, "geometry": {"type": "Polygon", "coordinates": [[[-82.66798, 27.74522], [-82.66722, 27.74522], [-82.66722, 27.74548], [-82.66798, 27.74548], [-82.66798, 27.74522]]]}}, {"type": "Feature", "properties": {"height": 6.6, "baseHeight": 0.0}, "geometry": {"type": "Polygon", "coordinates": [[[-82.66798, 27.74572], [-82.66722, 27.74572], [-82.66722, 27.74598], [-82.66798, 27.74598], [-82.66798, 27.74572]]]}}, {"type": "Feature", "properties": {"height": 7.8, "baseHeight": 0.0}, "geometry": {"type": "Polygon", "coordinates": [[[-82.66638, 27.74522], [-82.66612, 27.74522], [-82.66612, 27.7453133], [-82.66638, 27.7453133], [-82.66638, 27.74522]]]}}, {"type": "Feature", "properties": {"height": 9.3, "baseHeight": 0.0}, "geometry": {"type": "Polygon", "coordinates": [[[-82.66638, 27.7455533], [-82.66612, 27.7455533], [-82.66612, 27.7456467], [-82.66638, 27.7456467], [-82.66638, 27.7455533]]]}}, {"type": "Feature", "properties": {"height": 5.9, "baseHeight": 0.0}, "geometry": {"type": "Polygon", "coordinates": [[[-82.66588, 27.74522], [-82.66562, 27.74522], [-82.66562, 27.7453133], [-82.66588, 27.7453133], [-82.66588, 27.74522]]]}}, {"type": "Feature", "properties": {"height": 8.0, "baseHeight": 0.0}, "geometry": {"type": "Polygon", "coordinates": [[[-82.66588, 27.7455533], [-82.66562, 27.7455533], [-82.66562, 27.7456467], [-82.66588, 27.7456467], [-82.66588, 27.7455533]]]}}, {"type": "Feature", "properties": {"height": 5.9, "baseHeight": 0.0}, "geometry": {"type": "Polygon", "coordinates": [[[-82.66588, 27.7458867], [-82.66562, 27.7458867], [-82.66562, 27.74598], [-82.66588, 27.74598], [-82.66588, 27.7458867]]]}}, {"type": "Feature", "properties": {"height": 10.4, "baseHeight": 0.0}, "geometry": {"type": "Polygon", "coordinates": [[[-82.66318, 27.74522], [-82.66242, 27.74522], [-82.66242, 27.74548], [-82.66318, 27.74548], [-82.66318, 27.74522]]]}}, {"type": "Feature", "properties": {"height": 5.7, "baseHeight": 0.0}, "geometry": {"type": "Polygon", "coordinates": [[[-82.66318, 27.74572], [-82.66242, 27.74572], [-82.66242, 27.74598], [-82.66318, 27.74598], [-82.66318, 27.74572]]]}}, {"type": "Feature", "properties": {"height": 10.4, "baseHeight": 0.0}, "geometry": {"type": "Polygon", "coordinates": [[[-82.66158, 27.74522], [-82.66082, 27.74522], [-82.66082, 27.74598], [-82.66158, 27.74598], [-82.66158, 27.74522]]]}}, {"type": "Feature", "properties": {"height": 7.9, "baseHeight": 0.0}, "geometry": {"type": "Polygon", "coordinates": [[[-82.65998, 27.74522], [-82.65922, 27.74522], [-82.65922, 27.74548], [-82.65998, 27.74548], [-82.65998, 27.74522]]]}}, {"type": "Feature", "properties": {"height": 6.0, "baseHeight": 0.0}, "geometry": {"type": "Polygon", "coordinates": [[[-82.65998, 27.74572], [-82.65922, 27.74572], [-82.65922, 27.74598], [-82.65998, 27.74598], [-82.65998, 27.74572]]]}}, {"type": "Feature", "properties": {"height": 11.0, "baseHeight": 0.0}, "geometry": {"type": "Polygon", "coordinates": [[[-82.65838, 27.74522], [-82.65762, 27.74522], [-82.65762, 27.74598], [-82.65838, 27.74598], [-82.65838, 27.74522]]]}}, {"type": "Feature", "properties": {"height": 10.5, "baseHeight": 0.0}, "geometry": {"type": "Polygon", "coordinates": [[[-82.65678, 27.74522], [-82.65602, 27.74522], [-82.65602, 27.74598], [-82.65678, 27.74598], [-82.65678, 27.74522]]]}}, {"type": "Feature", "properties": {"height": 7.0, "baseHeight": 0.0}, "geometry": {"type": "Polygon", "coordinates": [[[-82.65518, 27.74522], [-82.65492, 27.74522], [-82.65492, 27.7453133], [-82.65518, 27.7453133], [-82.65518, 27.74522]]]}}, {"type": "Feature", "properties": {"height": 9.5, "baseHeight": 0.0}, "geometry": {"type": "Polygon", "coordinates": [[[-82.65518, 27.7455533], [-82.65492, 27.7455533], [-82.65492, 27.7456467], [-82.65518, 27.7456467], [-82.65518, 27.7455533]]]}}, {"type": "Feature", "properties": {"height": 6.2, "baseHeight": 0.0}, "geometry": {"type": "Polygon", "coordinates": [[[-82.65518, 27.7458867], [-82.65492, 27.7458867], [-82.65492, 27.74598], [-82.65518, 27.74598], [-82.65518, 27.7458867]]]}}, {"type": "Feature", "properties": {"height": 6.3, "baseHeight": 0.0}, "geometry": {"type": "Polygon", "coordinates": [[[-82.65468, 27.7458867], [-82.65442, 27.7458867], [-82.65442, 27.74598], [-82.65468, 27.74598], [-82.65468, 27.7458867]]]}}, {"type": "Feature", "properties": {"height": 10.5, "baseHeight": 0.0}, "geometry": {"type": "Polygon", "coordinates": [[[-82.65358, 27.74522], [-82.65332, 27.74522], [-82.65332, 27.74548], [-82.65358, 27.74548], [-82.65358, 27.74522]]]}}, {"type": "Feature", "properties": {"height": 10.2, "baseHeight": 0.0}, "geometry": {"type": "Polygon", "coordinates": [[[-82.65358, 27.74572], [-82.65332, 27.74572], [-82.65332, 27.74598], [-82.65358, 27.74598], [-82.65358, 27.74572]]]}}, {"type": "Feature", "properties": {"height": 7.5, "baseHeight": 0.0}, "geometry": {"type": "Polygon", "coordinates": [[[-82.65308, 27.74522], [-82.65282, 27.74522], [-82.65282, 27.74548], [-82.65308, 27.74548], [-82.65308, 27.74522]]]}}, {"type": "Feature", "properties": {"height": 11.5, "baseHeight": 0.0}, "geometry": {"type": "Polygon", "coordinates": [[[-82.65308, 27.74572], [-82.65282, 27.74572], [-82.65282, 27.74598], [-82.65308, 27.74598], [-82.65308, 27.74572]]]}}, {"type": "Feature", "properties": {"height": 10.2, "baseHeight": 0.0}, "geometry": {"type": "Polygon", "coordinates": [[[-82.65038, 27.74522], [-82.64962, 27.74522], [-82.64962, 27.7453133], [-82.65038, 27.7453133], [-82.65038, 27.74522]]]}}, {"type": "Feature", "properties": {"height": 9.0, "baseHeight": 0.0}, "geometry": {"type": "Polygon", "coordinates": [[[-82.65038, 27.7455533], [-82.64962, 27.7455533], [-82.64962, 27.7456467], [-82.65038, 27.7456467], [-82.65038, 27.7455533]]]}}, {"type": "Feature", "properties": {"height": 10.1, "baseHeight": 0.0}, "geometry": {"type": "Polygon", "coordinates": [[[-82.65038, 27.7458867], [-82.64962, 27.7458867], [-82.64962, 27.74598], [-82.65038, 27.74598], [-82.65038, 27.7458867]]]}}, {"type": "Feature", "properties": {"height": 7.9, "baseHeight": 0.0}, "geometry": {"type": "Polygon", "coordinates": [[[-82.64878, 27.74522], [-82.64852, 27.74522], [-82.64852, 27.7453133], [-82.64878, 27.7453133], [-82.64878, 27.74522]]]}}, {"type": "Feature", "properties": {"height": 8.5, "baseHeight": 0.0}, "geometry": {"type": "Polygon", "coordinates": [[[-82.64878, 27.7455533], [-82.64852, 27.7455533], [-82.64852, 27.7456467], [-82.64878, 27.7456467], [-82.64878, 27.7455533]]]}}, {"type": "Feature", "properties": {"height": 7.9, "baseHeight": 0.0}, "geometry": {"type": "Polygon", "coordinates": [[[-82.64878, 27.7458867], [-82.64852, 27.7458867], [-82.64852, 27.74598], [-82.64878, 27.74598], [-82.64878, 27.7458867]]]}}, {"type": "Feature", "properties": {"height": 11.1, "baseHeight": 0.0}, "geometry": {"type": "Polygon", "coordinates": [[[-82.64828, 27.74522], [-82.64802, 27.74522], [-82.64802, 27.7453133], [-82.64828, 27.7453133], [-82.64828, 27.74522]]]}}, {"type": "Feature", "properties": {"height": 6.2, "baseHeight": 0.0}, "geometry": {"type": "Polygon", "coordinates": [[[-82.64828, 27.7455533], [-82.64802, 27.7455533], [-82.64802, 27.7456467], [-82.64828, 27.7456467], [-82.64828, 27.7455533]]]}}, {"type": "Feature", "properties": {"height": 11.6, "baseHeight": 0.0}, "geometry": {"type": "Polygon", "coordinates": [[[-82.64558, 27.74522], [-82.64532, 27.74522], [-82.64532, 27.74598], [-82.64558, 27.74598], [-82.64558, 27.74522]]]}}, {"type": "Feature", "properties": {"height": 11.0, "baseHeight": 0.0}, "geometry": {"type": "Polygon", "coordinates": [[[-82.64508, 27.74522], [-82.64482, 27.74522], [-82.64482, 27.74598], [-82.64508, 27.74598], [-82.64508, 27.74522]]]}}, {"type": "Feature", "properties": {"height": 5.4, "baseHeight": 0.0}, "geometry": {"type": "Polygon", "coordinates": [[[-82.64398, 27.74522], [-82.64372, 27.74522], [-82.64372, 27.7453133], [-82.64398, 27.7453133], [-82.64398, 27.74522]]]}}, {"type": "Feature", "properties": {"height": 5.5, "baseHeight": 0.0}, "geometry": {"type": "Polygon", "coordinates": [[[-82.64398, 27.7455533], [-82.64372, 27.7455533], [-82.64372, 27.7456467], [-82.64398, 27.7456467], [-82.64398, 27.7455533]]]}}, {"type": "Feature", "properties": {"height": 8.7, "baseHeight": 0.0}, "geometry": {"type": "Polygon", "coordinates": [[[-82.64398, 27.7458867], [-82.64372, 27.7458867], [-82.64372, 27.74598], [-82.64398, 27.74598], [-82.64398, 27.7458867]]]}}, {"type": "Feature", "properties": {"height": 11.6, "baseHeight": 0.0}, "geometry": {"type": "Polygon", "coordinates": [[[-82.64348, 27.74522], [-82.64322, 27.74522], [-82.64322, 27.7453133], [-82.64348, 27.7453133], [-82.64348, 27.74522]]]}}, {"type": "Feature", "properties": {"height": 6.4, "baseHeight": 0.0}, "geometry": {"type": "Polygon", "coordinates": [[[-82.64348, 27.7455533], [-82.64322, 27.7455533], [-82.64322, 27.7456467], [-82.64348, 27.7456467], [-82.64348, 27.7455533]]]}}, {"type": "Feature", "properties": {"height": 11.4, "baseHeight": 0.0}, "geometry": {"type": "Polygon", "coordinates": [[[-82.64348, 27.7458867], [-82.64322, 27.7458867], [-82.64322, 27.74598], [-82.64348, 27.74598], [-82.64348, 27.7458867]]]}}, {"type": "Feature", "properties": {"height": 11.7, "baseHeight": 0.0}, "geometry": {"type": "Polygon", "coordinates": [[[-82.64078, 27.74522], [-82.64002, 27.74522], [-82.64002, 27.74598], [-82.64078, 27.74598], [-82.64078, 27.74522]]]}}, {"type": "Feature", "properties": {"height": 9.9, "baseHeight": 0.0}, "geometry": {"type": "Polygon", "coordinates": [[[-82.63438, 27.74522], [-82.63362, 27.74522], [-82.63362, 27.74548], [-82.63438, 27.74548], [-82.63438, 27.74522]]]}}, {"type": "Feature", "properties": {"height": 20.5, "baseHeight": 0.0}, "geometry": {"type": "Polygon", "coordinates": [[[-82.63438, 27.74572], [-82.63362, 27.74572], [-82.63362, 27.74598], [-82.63438, 27.74598], [-82.63438, 27.74572]]]}}, {"type": "Feature", "properties": {"height": 11.4, "baseHeight": 0.0}, "geometry": {"type": "Polygon", "coordinates": [[[-82.62798, 27.74522], [-82.62772, 27.74522], [-82.62772, 27.74598], [-82.62798, 27.74598], [-82.62798, 27.74522]]]}}, {"type": "Feature", "properties": {"height": 8.0, "baseHeight": 0.0}, "geometry": {"type": "Polygon", "coordinates": [[[-82.62638, 27.74522], [-82.62612, 27.74522], [-82.62612, 27.74598], [-82.62638, 27.74598], [-82.62638, 27.74522]]]}}, {"type": "Feature", "properties": {"height": 8.5, "baseHeight": 0.0}, "geometry": {"type": "Polygon", "coordinates": [[[-82.62588, 27.74522], [-82.62562, 27.74522], [-82.62562, 27.74598], [-82.62588, 27.74598], [-82.62588, 27.74522]]]}}, {"type": "Feature", "properties": {"height": 7.3, "baseHeight": 0.0}, "geometry": {"type": "Polygon", "coordinates": [[[-82.62318, 27.74522], [-82.6230867, 27.74522], [-82.6230867, 27.7453133], [-82.62318, 27.7453133], [-82.62318, 27.74522]]]}}, {"type": "Feature", "properties": {"height": 5.1, "baseHeight": 0.0}, "geometry": {"type": "Polygon", "coordinates": [[[-82.62318, 27.7455533], [-82.6230867, 27.7455533], [-82.6230867, 27.7456467], [-82.62318, 27.7456467], [-82.62318, 27.7455533]]]}}, {"type": "Feature", "properties": {"height": 8.3, "baseHeight": 0.0}, "geometry": {"type": "Polygon", "coordinates": [[[-82.62318, 27.7458867], [-82.6230867, 27.7458867], [-82.6230867, 27.74598], [-82.62318, 27.74598], [-82.62318, 27.7458867]]]}}, {"type": "Feature", "properties": {"height": 6.0, "baseHeight": 0.0}, "geometry": {"type": "Polygon", "coordinates": [[[-82.6228467, 27.74522], [-82.6227533, 27.74522], [-82.6227533, 27.7453133], [-82.6228467, 27.7453133], [-82.6228467, 27.74522]]]}}, {"type": "Feature", "properties": {"height": 8.7, "baseHeight": 0.0}, "geometry": {"type": "Polygon", "coordinates": [[[-82.6225133, 27.7458867], [-82.62242, 27.7458867], [-82.62242, 27.74598], [-82.6225133, 27.74598], [-82.6225133, 27.7458867]]]}}, {"type": "Feature", "properties": {"height": 10.2, "baseHeight": 0.0}, "geometry": {"type": "Polygon", "coordinates": [[[-82.62158, 27.74522], [-82.6214867, 27.74522], [-82.6214867, 27.74598], [-82.62158, 27.74598], [-82.62158, 27.74522]]]}}, {"type": "Feature", "properties": {"height": 11.6, "baseHeight": 0.0}, "geometry": {"type": "Polygon", "coordinates": [[[-82.6212467, 27.74522], [-82.6211533, 27.74522], [-82.6211533, 27.74598], [-82.6212467, 27.74598], [-82.6212467, 27.74522]]]}}, {"type": "Feature", "properties": {"height": 11.7, "baseHeight": 0.0}, "geometry": {"type": "Polygon", "coordinates": [[[-82.6209133, 27.74522], [-82.62082, 27.74522], [-82.62082, 27.74598], [-82.6209133, 27.74598], [-82.6209133, 27.74522]]]}}, {"type": "Feature", "properties": {"height": 7.2, "baseHeight": 0.0}, "geometry": {"type": "Polygon", "coordinates": [[[-82.61838, 27.74522], [-82.6182867, 27.74522], [-82.6182867, 27.74548], [-82.61838, 27.74548], [-82.61838, 27.74522]]]}}, {"type": "Feature", "properties": {"height": 5.5, "baseHeight": 0.0}, "geometry": {"type": "Polygon", "coordinates": [[[-82.61838, 27.74572], [-82.6182867, 27.74572], [-82.6182867, 27.74598], [-82.61838, 27.74598], [-82.61838, 27.74572]]]}}, {"type": "Feature", "properties": {"height": 7.5, "baseHeight": 0.0}, "geometry": {"type": "Polygon", "coordinates": [[[-82.6180467, 27.74522], [-82.6179533, 27.74522], [-82.6179533, 27.74548], [-82.6180467, 27.74548], [-82.6180467, 27.74522]]]}}, {"type": "Feature", "properties": {"height": 8.3, "baseHeight": 0.0}, "geometry": {"type": "Polygon", "coordinates": [[[-82.6177133, 27.74522], [-82.61762, 27.74522], [-82.61762, 27.74548], [-82.6177133, 27.74548], [-82.6177133, 27.74522]]]}}, {"type": "Feature", "properties": {"height": 9.3, "baseHeight": 0.0}, "geometry": {"type": "Polygon", "coordinates": [[[-82.6177133, 27.74572], [-82.61762, 27.74572], [-82.61762, 27.74598], [-82.6177133, 27.74598], [-82.6177133, 27.74572]]]}}, {"type": "Feature", "properties": {"height": 6.3, "baseHeight": 0.0}, "geometry": {"type": "Polygon", "coordinates": [[[-82.61678, 27.74522], [-82.61652, 27.74522], [-82.61652, 27.74548], [-82.61678, 27.74548], [-82.61678, 27.74522]]]}}, {"type": "Feature", "properties": {"height": 5.4, "baseHeight": 0.0}, "geometry": {"type": "Polygon", "coordinates": [[[-82.61678, 27.74572], [-82.61652, 27.74572], [-82.61652, 27.74598], [-82.61678, 27.74598], [-82.61678, 27.74572]]]}}, {"type": "Feature", "properties": {"height": 7.0, "baseHeight": 0.0}, "geometry": {"type": "Polygon", "coordinates": [[[-82.61628, 27.74522], [-82.61602, 27.74522], [-82.61602, 27.74548], [-82.61628, 27.74548], [-82.61628, 27.74522]]]}}, {"type": "Feature", "properties": {"height": 11.5, "baseHeight": 0.0}, "geometry": {"type": "Polygon", "coordinates": [[[-82.61628, 27.74572], [-82.61602, 27.74572], [-82.61602, 27.74598], [-82.61628, 27.74598], [-82.61628, 27.74572]]]}}, {"type": "Feature", "properties": {"height": 11.1, "baseHeight": 0.0}, "geometry": {"type": "Polygon", "coordinates": [[[-82.61518, 27.74522], [-82.61442, 27.74522], [-82.61442, 27.74598], [-82.61518, 27.74598], [-82.61518, 27.74522]]]}}, {"type": "Feature", "properties": {"height": 11.8, "baseHeight": 0.0}, "geometry": {"type": "Polygon", "coordinates": [[[-82.61198, 27.74522], [-82.61172, 27.74522], [-82.61172, 27.74548], [-82.61198, 27.74548], [-82.61198, 27.74522]]]}}, {"type": "Feature", "properties": {"height": 20.2, "baseHeight": 0.0}, "geometry": {"type": "Polygon", "coordinates": [[[-82.61148, 27.74522], [-82.61122, 27.74522], [-82.61122, 27.74548], [-82.61148, 27.74548], [-82.61148, 27.74522]]]}}, {"type": "Feature", "properties": {"height": 9.5, "baseHeight": 0.0}, "geometry": {"type": "Polygon", "coordinates": [[[-82.61148, 27.74572], [-82.61122, 27.74572], [-82.61122, 27.74598], [-82.61148, 27.74598], [-82.61148, 27.74572]]]}}, {"type": "Feature", "properties": {"height": 6.5, "baseHeight": 0.0}, "geometry": {"type": "Polygon", "coordinates": [[[-82.66318, 27.74682], [-82.6630867, 27.74682], [-82.6630867, 27.74708], [-82.66318, 27.74708], [-82.66318, 27.74682]]]}}, {"type": "Feature", "properties": {"height": 7.2, "baseHeight": 0.0}, "geometry": {"type": "Polygon", "coordinates": [[[-82.66318, 27.74732], [-82.6630867, 27.74732], [-82.6630867, 27.74758], [-82.66318, 27.74758], [-82.66318, 27.74732]]]}}, {"type": "Feature", "properties": {"height": 10.0, "baseHeight": 0.0}, "geometry": {"type": "Polygon", "coordinates": [[[-82.6628467, 27.74682], [-82.6627533, 27.74682], [-82.6627533, 27.74708], [-82.6628467, 27.74708], [-82.6628467, 27.74682]]]}}, {"type": "Feature", "properties": {"height": 47.3, "baseHeight": 0.0}, "geometry": {"type": "Polygon", "coordinates": [[[-82.6625133, 27.74682], [-82.66242, 27.74682], [-82.66242, 27.74708], [-82.6625133, 27.74708], [-82.6625133, 27.74682]]]}}, {"type": "Feature", "properties": {"height": 6.0, "baseHeight": 0.0}, "geometry": {"type": "Polygon", "coordinates": [[[-82.66158, 27.74682], [-82.6614867, 27.74682], [-82.6614867, 27.7469133], [-82.66158, 27.7469133], [-82.66158, 27.74682]]]}}, {"type": "Feature", "properties": {"height": 5.2, "baseHeight": 0.0}, "geometry": {"type": "Polygon", "coordinates": [[[-82.66158, 27.7471533], [-82.6614867, 27.7471533], [-82.6614867, 27.7472467], [-82.66158, 27.7472467], [-82.66158, 27.7471533]]]}}, {"type": "Feature", "properties": {"height": 9.5, "baseHeight": 0.0}, "geometry": {"type": "Polygon", "coordinates": [[[-82.66158, 27.7474867], [-82.6614867, 27.7474867], [-82.6614867, 27.74758], [-82.66158, 27.74758], [-82.66158, 27.7474867]]]}}, {"type": "Feature", "properties": {"height": 6.1, "baseHeight": 0.0}, "geometry": {"type": "Polygon", "coordinates": [[[-82.6612467, 27.74682], [-82.6611533, 27.74682], [-82.6611533, 27.7469133], [-82.6612467, 27.7469133], [-82.6612467, 27.74682]]]}}, {"type": "Feature", "properties": {"height": 8.7, "baseHeight": 0.0}, "geometry": {"type": "Polygon", "coordinates": [[[-82.6612467, 27.7471533], [-82.6611533, 27.7471533], [-82.6611533, 27.7472467], [-82.6612467, 27.7472467], [-82.6612467, 27.7471533]]]}}, {"type": "Feature", "properties": {"height": 7.1, "baseHeight": 0.0}, "geometry": {"type": "Polygon", "coordinates": [[[-82.6609133, 27.7474867], [-82.66082, 27.7474867], [-82.66082, 27.74758], [-82.6609133, 27.74758], [-82.6609133, 27.7474867]]]}}, {"type": "Feature", "properties": {"height": 11.5, "baseHeight": 0.0}, "geometry": {"type": "Polygon", "coordinates": [[[-82.65998, 27.74682], [-82.65972, 27.74682], [-82.65972, 27.74708], [-82.65998, 27.74708], [-82.65998, 27.74682]]]}}, {"type": "Feature", "properties": {"height": 46.2, "baseHeight": 0.0}, "geometry": {"type": "Polygon", "coordinates": [[[-82.65948, 27.74682], [-82.65922, 27.74682], [-82.65922, 27.74708], [-82.65948, 27.74708], [-82.65948, 27.74682]]]}}, {"type": "Feature", "properties": {"height": 7.3, "baseHeight": 0.0}, "geometry": {"type": "Polygon", "coordinates": [[[-82.65948, 27.74732], [-82.65922, 27.74732], [-82.65922, 27.74758], [-82.65948, 27.74758], [-82.65948, 27.74732]]]}}, {"type": "Feature", "properties": {"height": 6.6, "baseHeight": 0.0}, "geometry": {"type": "Polygon", "coordinates": [[[-82.65838, 27.74682], [-82.65762, 27.74682], [-82.65762, 27.74758], [-82.65838, 27.74758], [-82.65838, 27.74682]]]}}, {"type": "Feature", "properties": {"height": 6.8, "baseHeight": 0.0}, "geometry": {"type": "Polygon", "coordinates": [[[-82.65678, 27.74682], [-82.65652, 27.74682], [-82.65652, 27.74708], [-82.65678, 27.74708], [-82.65678, 27.74682]]]}}, {"type": "Feature", "properties": {"height": 8.4, "baseHeight": 0.0}, "geometry": {"type": "Polygon", "coordinates": [[[-82.65678, 27.74732], [-82.65652, 27.74732], [-82.65652, 27.74758], [-82.65678, 27.74758], [-82.65678, 27.74732]]]}}, {"type": "Feature", "properties": {"height": 11.2, "baseHeight": 0.0}, "geometry": {"type": "Polygon", "coordinates": [[[-82.65628, 27.74682], [-82.65602, 27.74682], [-82.65602, 27.74708], [-82.65628, 27.74708], [-82.65628, 27.74682]]]}}, {"type": "Feature", "properties": {"height": 10.9, "baseHeight": 0.0}, "geometry": {"type": "Polygon", "coordinates": [[[-82.65628, 27.74732], [-82.65602, 27.74732], [-82.65602, 27.74758], [-82.65628, 27.74758], [-82.65628, 27.74732]]]}}, {"type": "Feature", "properties": {"height": 8.6, "baseHeight": 0.0}, "geometry": {"type": "Polygon", "coordinates": [[[-82.65518, 27.74682], [-82.65492, 27.74682], [-82.65492, 27.74708], [-82.65518, 27.74708], [-82.65518, 27.74682]]]}}, {"type": "Feature", "properties": {"height": 5.9, "baseHeight": 0.0}, "geometry": {"type": "Polygon", "coordinates": [[[-82.65518, 27.74732], [-82.65492, 27.74732], [-82.65492, 27.74758], [-82.65518, 27.74758], [-82.65518, 27.74732]]]}}, {"type": "Feature", "properties": {"height": 7.2, "baseHeight": 0.0}, "geometry": {"type": "Polygon", "coordinates": [[[-82.65468, 27.74682], [-82.65442, 27.74682], [-82.65442, 27.74708], [-82.65468, 27.74708], [-82.65468, 27.74682]]]}}, {"type": "Feature", "properties": {"height": 9.2, "baseHeight": 0.0}, "geometry": {"type": "Polygon", "coordinates": [[[-82.65468, 27.74732], [-82.65442, 27.74732], [-82.65442, 27.74758], [-82.65468, 27.74758], [-82.65468, 27.74732]]]}}, {"type": "Feature", "properties": {"height": 10.7, "baseHeight": 0.0}, "geometry": {"type": "Polygon", "coordinates": [[[-82.65198, 27.74682], [-82.65122, 27.74682], [-82.65122, 27.74758], [-82.65198, 27.74758], [-82.65198, 27.74682]]]}}, {"type": "Feature", "properties": {"height": 11.4, "baseHeight": 0.0}, "geometry": {"type": "Polygon", "coordinates": [[[-82.65038, 27.74682], [-82.64962, 27.74682], [-82.64962, 27.74758], [-82.65038, 27.74758], [-82.65038, 27.74682]]]}}, {"type": "Feature", "properties": {"height": 10.5, "baseHeight": 0.0}, "geometry": {"type": "Polygon", "coordinates": [[[-82.64878, 27.74682], [-82.64802, 27.74682], [-82.64802, 27.74708], [-82.64878, 27.74708], [-82.64878, 27.74682]]]}}, {"type": "Feature", "properties": {"height": 7.8, "baseHeight": 0.0}, "geometry": {"type": "Polygon", "coordinates": [[[-82.64878, 27.74732], [-82.64802, 27.74732], [-82.64802, 27.74758], [-82.64878, 27.74758], [-82.64878, 27.74732]]]}}, {"type": "Feature", "properties": {"height": 5.4, "baseHeight": 0.0}, "geometry": {"type": "Polygon", "coordinates": [[[-82.64718, 27.74682], [-82.64692, 27.74682], [-82.64692, 27.74708], [-82.64718, 27.74708], [-82.64718, 27.74682]]]}}, {"type": "Feature", "properties": {"height": 8.6, "baseHeight": 0.0}, "geometry": {"type": "Polygon", "coordinates": [[[-82.64718, 27.74732], [-82.64692, 27.74732], [-82.64692, 27.74758], [-82.64718, 27.74758], [-82.64718, 27.74732]]]}}, {"type": "Feature", "properties": {"height": 10.6, "baseHeight": 0.0}, "geometry": {"type": "Polygon", "coordinates": [[[-82.64668, 27.74682], [-82.64642, 27.74682], [-82.64642, 27.74708], [-82.64668, 27.74708], [-82.64668, 27.74682]]]}}, {"type": "Feature", "properties": {"height": 11.9, "baseHeight": 0.0}, "geometry": {"type": "Polygon", "coordinates": [[[-82.64668, 27.74732], [-82.64642, 27.74732], [-82.64642, 27.74758], [-82.64668, 27.74758], [-82.64668, 27.74732]]]}}, {"type": "Feature", "properties": {"height": 8.5, "baseHeight": 0.0}, "geometry": {"type": "Polygon", "coordinates": [[[-82.64558, 27.74682], [-82.64482, 27.74682], [-82.64482, 27.74708], [-82.64558, 27.74708], [-82.64558, 27.74682]]]}}, {"type": "Feature", "properties": {"height": 10.4, "baseHeight": 0.0}, "geometry": {"type": "Polygon", "coordinates": [[[-82.64398, 27.74682], [-82.64372, 27.74682], [-82.64372, 27.74708], [-82.64398, 27.74708], [-82.64398, 27.74682]]]}}, {"type": "Feature", "properties": {"height": 7.4, "baseHeight": 0.0}, "geometry": {"type": "Polygon", "coordinates": [[[-82.64398, 27.74732], [-82.64372, 27.74732], [-82.64372, 27.74758], [-82.64398, 27.74758], [-82.64398, 27.74732]]]}}, {"type": "Feature", "properties": {"height": 10.6, "baseHeight": 0.0}, "geometry": {"type": "Polygon", "coordinates": [[[-82.64348, 27.74682], [-82.64322, 27.74682], [-82.64322, 27.74708], [-82.64348, 27.74708], [-82.64348, 27.74682]]]}}, {"type": "Feature", "properties": {"height": 10.7, "baseHeight": 0.0}, "geometry": {"type": "Polygon", "coordinates": [[[-82.64348, 27.74732], [-82.64322, 27.74732], [-82.64322, 27.74758], [-82.64348, 27.74758], [-82.64348, 27.74732]]]}}, {"type": "Feature", "properties": {"height": 11.7, "baseHeight": 0.0}, "geometry": {"type": "Polygon", "coordinates": [[[-82.64238, 27.74682], [-82.64212, 27.74682], [-82.64212, 27.74708], [-82.64238, 27.74708], [-82.64238, 27.74682]]]}}, {"type": "Feature", "properties": {"height": 8.1, "baseHeight": 0.0}, "geometry": {"type": "Polygon", "coordinates": [[[-82.64238, 27.74732], [-82.64212, 27.74732], [-82.64212, 27.74758], [-82.64238, 27.74758], [-82.64238, 27.74732]]]}}, {"type": "Feature", "properties": {"height": 11.6, "baseHeight": 0.0}, "geometry": {"type": "Polygon", "coordinates": [[[-82.64188, 27.74682], [-82.64162, 27.74682], [-82.64162, 27.74708], [-82.64188, 27.74708], [-82.64188, 27.74682]]]}}, {"type": "Feature", "properties": {"height": 12.0, "baseHeight": 0.0}, "geometry": {"type": "Polygon", "coordinates": [[[-82.64188, 27.74732], [-82.64162, 27.74732], [-82.64162, 27.74758], [-82.64188, 27.74758], [-82.64188, 27.74732]]]}}, {"type": "Feature", "properties": {"height": 9.0, "baseHeight": 0.0}, "geometry": {"type": "Polygon", "coordinates": [[[-82.63918, 27.74682], [-82.63842, 27.74682], [-82.63842, 27.74708], [-82.63918, 27.74708], [-82.63918, 27.74682]]]}}, {"type": "Feature", "properties": {"height": 6.9, "baseHeight": 0.0}, "geometry": {"type": "Polygon", "coordinates": [[[-82.63918, 27.74732], [-82.63842, 27.74732], [-82.63842, 27.74758], [-82.63918, 27.74758], [-82.63918, 27.74732]]]}}, {"type": "Feature", "properties": {"height": 5.4, "baseHeight": 0.0}, "geometry": {"type": "Polygon", "coordinates": [[[-82.63758, 27.74682], [-82.63682, 27.74682], [-82.63682, 27.74758], [-82.63758, 27.74758], [-82.63758, 27.74682]]]}}, {"type": "Feature", "properties": {"height": 5.3, "baseHeight": 0.0}, "geometry": {"type": "Polygon", "coordinates": [[[-82.63598, 27.74682], [-82.63522, 27.74682], [-82.63522, 27.74758], [-82.63598, 27.74758], [-82.63598, 27.74682]]]}}, {"type": "Feature", "properties": {"height": 8.6, "baseHeight": 0.0}, "geometry": {"type": "Polygon", "coordinates": [[[-82.63438, 27.74682], [-82.63412, 27.74682], [-82.63412, 27.7469133], [-82.63438, 27.7469133], [-82.63438, 27.74682]]]}}, {"type": "Feature", "properties": {"height": 8.8, "baseHeight": 0.0}, "geometry": {"type": "Polygon", "coordinates": [[[-82.63438, 27.7471533], [-82.63412, 27.7471533], [-82.63412, 27.7472467], [-82.63438, 27.7472467], [-82.63438, 27.7471533]]]}}, {"type": "Feature", "properties": {"height": 11.0, "baseHeight": 0.0}, "geometry": {"type": "Polygon", "coordinates": [[[-82.63438, 27.7474867], [-82.63412, 27.7474867], [-82.63412, 27.74758], [-82.63438, 27.74758], [-82.63438, 27.7474867]]]}}, {"type": "Feature", "properties": {"height": 9.9, "baseHeight": 0.0}, "geometry": {"type": "Polygon", "coordinates": [[[-82.63388, 27.74682], [-82.63362, 27.74682], [-82.63362, 27.7469133], [-82.63388, 27.7469133], [-82.63388, 27.74682]]]}}, {"type": "Feature", "properties": {"height": 8.3, "baseHeight": 0.0}, "geometry": {"type": "Polygon", "coordinates": [[[-82.63388, 27.7471533], [-82.63362, 27.7471533], [-82.63362, 27.7472467], [-82.63388, 27.7472467], [-82.63388, 27.7471533]]]}}, {"type": "Feature", "properties": {"height": 9.2, "baseHeight": 0.0}, "geometry": {"type": "Polygon", "coordinates": [[[-82.63388, 27.7474867], [-82.63362, 27.7474867], [-82.63362, 27.74758], [-82.63388, 27.74758], [-82.63388, 27.7474867]]]}}, {"type": "Feature", "properties": {"height": 7.3, "baseHeight": 0.0}, "geometry": {"type": "Polygon", "coordinates": [[[-82.63228, 27.74682], [-82.63202, 27.74682], [-82.63202, 27.74708], [-82.63228, 27.74708], [-82.63228, 27.74682]]]}}, {"type": "Feature", "properties": {"height": 9.9, "baseHeight": 0.0}, "geometry": {"type": "Polygon", "coordinates": [[[-82.62798, 27.74682], [-82.62772, 27.74682], [-82.62772, 27.74708], [-82.62798, 27.74708], [-82.62798, 27.74682]]]}}, {"type": "Feature", "properties": {"height": 10.6, "baseHeight": 0.0}, "geometry": {"type": "Polygon", "coordinates": [[[-82.62798, 27.74732], [-82.62772, 27.74732], [-82.62772, 27.74758], [-82.62798, 27.74758], [-82.62798, 27.74732]]]}}, {"type": "Feature", "properties": {"height": 7.0, "baseHeight": 0.0}, "geometry": {"type": "Polygon", "coordinates": [[[-82.62748, 27.74682], [-82.62722, 27.74682], [-82.62722, 27.74708], [-82.62748, 27.74708], [-82.62748, 27.74682]]]}}, {"type": "Feature", "properties": {"height": 11.0, "baseHeight": 0.0}, "geometry": {"type": "Polygon", "coordinates": [[[-82.62748, 27.74732], [-82.62722, 27.74732], [-82.62722, 27.74758], [-82.62748, 27.74758], [-82.62748, 27.74732]]]}}, {"type": "Feature", "properties": {"height": 9.9, "baseHeight": 0.0}, "geometry": {"type": "Polygon", "coordinates": [[[-82.62638, 27.74682], [-82.62612, 27.74682], [-82.62612, 27.7469133], [-82.62638, 27.7469133], [-82.62638, 27.74682]]]}}, {"type": "Feature", "properties": {"height": 5.7, "baseHeight": 0.0}, "geometry": {"type": "Polygon", "coordinates": [[[-82.62638, 27.7471533], [-82.62612, 27.7471533], [-82.62612, 27.7472467], [-82.62638, 27.7472467], [-82.62638, 27.7471533]]]}}, {"type": "Feature", "properties": {"height": 7.7, "baseHeight": 0.0}, "geometry": {"type": "Polygon", "coordinates": [[[-82.62638, 27.7474867], [-82.62612, 27.7474867], [-82.62612, 27.74758], [-82.62638, 27.74758], [-82.62638, 27.7474867]]]}}, {"type": "Feature", "properties": {"height": 6.0, "baseHeight": 0.0}, "geometry": {"type": "Polygon", "coordinates": [[[-82.62588, 27.74682], [-82.62562, 27.74682], [-82.62562, 27.7469133], [-82.62588, 27.7469133], [-82.62588, 27.74682]]]}}, {"type": "Feature", "properties": {"height": 11.2, "baseHeight": 0.0}, "geometry": {"type": "Polygon", "coordinates": [[[-82.62588, 27.7471533], [-82.62562, 27.7471533], [-82.62562, 27.7472467], [-82.62588, 27.7472467], [-82.62588, 27.7471533]]]}}, {"type": "Feature", "properties": {"height": 12.0, "baseHeight": 0.0}, "geometry": {"type": "Polygon", "coordinates": [[[-82.62588, 27.7474867], [-82.62562, 27.7474867], [-82.62562, 27.74758], [-82.62588, 27.74758], [-82.62588, 27.7474867]]]}}, {"type": "Feature", "properties": {"height": 6.4, "baseHeight": 0.0}, "geometry": {"type": "Polygon", "coordinates": [[[-82.62478, 27.74682], [-82.62402, 27.74682], [-82.62402, 27.74708], [-82.62478, 27.74708], [-82.62478, 27.74682]]]}}, {"type": "Feature", "properties": {"height": 6.2, "baseHeight": 0.0}, "geometry": {"type": "Polygon", "coordinates": [[[-82.62478, 27.74732], [-82.62402, 27.74732], [-82.62402, 27.74758], [-82.62478, 27.74758], [-82.62478, 27.74732]]]}}, {"type": "Feature", "properties": {"height": 27.1, "baseHeight": 0.0}, "geometry": {"type": "Polygon", "coordinates": [[[-82.62268, 27.74682], [-82.62242, 27.74682], [-82.62242, 27.74758], [-82.62268, 27.74758], [-82.62268, 27.74682]]]}}, {"type": "Feature", "properties": {"height": 10.9, "baseHeight": 0.0}, "geometry": {"type": "Polygon", "coordinates": [[[-82.62158, 27.74682], [-82.62132, 27.74682], [-82.62132, 27.7469133], [-82.62158, 27.7469133], [-82.62158, 27.74682]]]}}, {"type": "Feature", "properties": {"height": 7.8, "baseHeight": 0.0}, "geometry": {"type": "Polygon", "coordinates": [[[-82.62158, 27.7471533], [-82.62132, 27.7471533], [-82.62132, 27.7472467], [-82.62158, 27.7472467], [-82.62158, 27.7471533]]]}}, {"type": "Feature", "properties": {"height": 6.6, "baseHeight": 0.0}, "geometry": {"type": "Polygon", "coordinates": [[[-82.62158, 27.7474867], [-82.62132, 27.7474867], [-82.62132, 27.74758], [-82.62158, 27.74758], [-82.62158, 27.7474867]]]}}, {"type": "Feature", "properties": {"height": 8.6, "baseHeight": 0.0}, "geometry": {"type": "Polygon", "coordinates": [[[-82.62108, 27.74682], [-82.62082, 27.74682], [-82.62082, 27.7469133], [-82.62108, 27.7469133], [-82.62108, 27.74682]]]}}, {"type": "Feature", "properties": {"height": 5.0, "baseHeight": 0.0}, "geometry": {"type": "Polygon", "coordinates": [[[-82.62108, 27.7471533], [-82.62082, 27.7471533], [-82.62082, 27.7472467], [-82.62108, 27.7472467], [-82.62108, 27.7471533]]]}}, {"type": "Feature", "properties": {"height": 5.8, "baseHeight": 0.0}, "geometry": {"type": "Polygon", "coordinates": [[[-82.62108, 27.7474867], [-82.62082, 27.7474867], [-82.62082, 27.74758], [-82.62108, 27.74758], [-82.62108, 27.7474867]]]}}, {"type": "Feature", "properties": {"height": 5.8, "baseHeight": 0.0}, "geometry": {"type": "Polygon", "coordinates": [[[-82.61998, 27.74682], [-82.61922, 27.74682], [-82.61922, 27.74708], [-82.61998, 27.74708], [-82.61998, 27.74682]]]}}, {"type": "Feature", "properties": {"height": 11.4, "baseHeight": 0.0}, "geometry": {"type": "Polygon", "coordinates": [[[-82.61998, 27.74732], [-82.61922, 27.74732], [-82.61922, 27.74758], [-82.61998, 27.74758], [-82.61998, 27.74732]]]}}, {"type": "Feature", "properties": {"height": 8.5, "baseHeight": 0.0}, "geometry": {"type": "Polygon", "coordinates": [[[-82.61838, 27.74682], [-82.61762, 27.74682], [-82.61762, 27.7469133], [-82.61838, 27.7469133], [-82.61838, 27.74682]]]}}, {"type": "Feature", "properties": {"height": 5.3, "baseHeight": 0.0}, "geometry": {"type": "Polygon", "coordinates": [[[-82.61838, 27.7471533], [-82.61762, 27.7471533], [-82.61762, 27.7472467], [-82.61838, 27.7472467], [-82.61838, 27.7471533]]]}}, {"type": "Feature", "properties": {"height": 6.1, "baseHeight": 0.0}, "geometry": {"type": "Polygon", "coordinates": [[[-82.61678, 27.74682], [-82.61602, 27.74682], [-82.61602, 27.7469133], [-82.61678, 27.7469133], [-82.61678, 27.74682]]]}}, {"type": "Feature", "properties": {"height": 10.1, "baseHeight": 0.0}, "geometry": {"type": "Polygon", "coordinates": [[[-82.61678, 27.7471533], [-82.61602, 27.7471533], [-82.61602, 27.7472467], [-82.61678, 27.7472467], [-82.61678, 27.7471533]]]}}, {"type": "Feature", "properties": {"height": 35.2, "baseHeight": 0.0}, "geometry": {"type": "Polygon", "coordinates": [[[-82.61678, 27.7474867], [-82.61602, 27.7474867], [-82.61602, 27.74758], [-82.61678, 27.74758], [-82.61678, 27.7474867]]]}}, {"type": "Feature", "properties": {"height": 10.4, "baseHeight": 0.0}, "geometry": {"type": "Polygon", "coordinates": [[[-82.61518, 27.74682], [-82.61442, 27.74682], [-82.61442, 27.7469133], [-82.61518, 27.7469133], [-82.61518, 27.74682]]]}}, {"type": "Feature", "properties": {"height": 6.7, "baseHeight": 0.0}, "geometry": {"type": "Polygon", "coordinates": [[[-82.61518, 27.7471533], [-82.61442, 27.7471533], [-82.61442, 27.7472467], [-82.61518, 27.7472467], [-82.61518, 27.7471533]]]}}, {"type": "Feature", "properties": {"height": 7.3, "baseHeight": 0.0}, "geometry": {"type": "Polygon", "coordinates": [[[-82.61358, 27.74682], [-82.61282, 27.74682], [-82.61282, 27.7469133], [-82.61358, 27.7469133], [-82.61358, 27.74682]]]}}, {"type": "Feature", "properties": {"height": 9.0, "baseHeight": 0.0}, "geometry": {"type": "Polygon", "coordinates": [[[-82.61358, 27.7471533], [-82.61282, 27.7471533], [-82.61282, 27.7472467], [-82.61358, 27.7472467], [-82.61358, 27.7471533]]]}}, {"type": "Feature", "properties": {"height": 9.8, "baseHeight": 0.0}, "geometry": {"type": "Polygon", "coordinates": [[[-82.61358, 27.7474867], [-82.61282, 27.7474867], [-82.61282, 27.74758], [-82.61358, 27.74758], [-82.61358, 27.7474867]]]}}, {"type": "Feature", "properties": {"height": 11.4, "baseHeight": 0.0}, "geometry": {"type": "Polygon", "coordinates": [[[-82.61198, 27.74682], [-82.61172, 27.74682], [-82.61172, 27.74758], [-82.61198, 27.74758], [-82.61198, 27.74682]]]}}, {"type": "Feature", "properties": {"height": 6.3, "baseHeight": 0.0}, "geometry": {"type": "Polygon", "coordinates": [[[-82.61148, 27.74682], [-82.61122, 27.74682], [-82.61122, 27.74758], [-82.61148, 27.74758], [-82.61148, 27.74682]]]}}, {"type": "Feature", "properties": {"height": 11.5, "baseHeight": 0.0}, "geometry": {"type": "Polygon", "coordinates": [[[-82.66798, 27.74842], [-82.66772, 27.74842], [-82.66772, 27.74918], [-82.66798, 27.74918], [-82.66798, 27.74842]]]}}, {"type": "Feature", "properties": {"height": 7.0, "baseHeight": 0.0}, "geometry": {"type": "Polygon", "coordinates": [[[-82.66748, 27.74842], [-82.66722, 27.74842], [-82.66722, 27.74918], [-82.66748, 27.74918], [-82.66748, 27.74842]]]}}, {"type": "Feature", "properties": {"height": 7.2, "baseHeight": 0.0}, "geometry": {"type": "Polygon", "coordinates": [[[-82.66638, 27.7487533], [-82.66562, 27.7487533], [-82.66562, 27.7488467], [-82.66638, 27.7488467], [-82.66638, 27.7487533]]]}}, {"type": "Feature", "properties": {"height": 7.9, "baseHeight": 0.0}, "geometry": {"type": "Polygon", "coordinates": [[[-82.66638, 27.7490867], [-82.66562, 27.7490867], [-82.66562, 27.74918], [-82.66638, 27.74918], [-82.66638, 27.7490867]]]}}, {"type": "Feature", "properties": {"height": 11.6, "baseHeight": 0.0}, "geometry": {"type": "Polygon", "coordinates": [[[-82.66478, 27.74842], [-82.66402, 27.74842], [-82.66402, 27.74918], [-82.66478, 27.74918], [-82.66478, 27.74842]]]}}, {"type": "Feature", "properties": {"height": 10.9, "baseHeight": 0.0}, "geometry": {"type": "Polygon", "coordinates": [[[-82.66158, 27.74842], [-82.66132, 27.74842], [-82.66132, 27.7485133], [-82.66158, 27.7485133], [-82.66158, 27.74842]]]}}, {"type": "Feature", "properties": {"height": 11.9, "baseHeight": 0.0}, "geometry": {"type": "Polygon", "coordinates": [[[-82.66158, 27.7487533], [-82.66132, 27.7487533], [-82.66132, 27.7488467], [-82.66158, 27.7488467], [-82.66158, 27.7487533]]]}}, {"type": "Feature", "properties": {"height": 9.5, "baseHeight": 0.0}, "geometry": {"type": "Polygon", "coordinates": [[[-82.66158, 27.7490867], [-82.66132, 27.7490867], [-82.66132, 27.74918], [-82.66158, 27.74918], [-82.66158, 27.7490867]]]}}, {"type": "Feature", "properties": {"height": 7.9, "baseHeight": 0.0}, "geometry": {"type": "Polygon", "coordinates": [[[-82.66108, 27.74842], [-82.66082, 27.74842], [-82.66082, 27.7485133], [-82.66108, 27.7485133], [-82.66108, 27.74842]]]}}, {"type": "Feature", "properties": {"height": 5.5, "baseHeight": 0.0}, "geometry": {"type": "Polygon", "coordinates": [[[-82.66108, 27.7487533], [-82.66082, 27.7487533], [-82.66082, 27.7488467], [-82.66108, 27.7488467], [-82.66108, 27.7487533]]]}}, {"type": "Feature", "properties": {"height": 10.1, "baseHeight": 0.0}, "geometry": {"type": "Polygon", "coordinates": [[[-82.65998, 27.74842], [-82.65922, 27.74842], [-82.65922, 27.74918], [-82.65998, 27.74918], [-82.65998, 27.74842]]]}}, {"type": "Feature", "properties": {"height": 10.8, "baseHeight": 0.0}, "geometry": {"type": "Polygon", "coordinates": [[[-82.65518, 27.74842], [-82.65492, 27.74842], [-82.65492, 27.74918], [-82.65518, 27.74918], [-82.65518, 27.74842]]]}}, {"type": "Feature", "properties": {"height": 29.9, "baseHeight": 0.0}, "geometry": {"type": "Polygon", "coordinates": [[[-82.65468, 27.74842], [-82.65442, 27.74842], [-82.65442, 27.74918], [-82.65468, 27.74918], [-82.65468, 27.74842]]]}}, {"type": "Feature", "properties": {"height": 8.3, "baseHeight": 0.0}, "geometry": {"type": "Polygon", "coordinates": [[[-82.65198, 27.74842], [-82.65122, 27.74842], [-82.65122, 27.74868], [-82.65198, 27.74868], [-82.65198, 27.74842]]]}}, {"type": "Feature", "properties": {"height": 10.6, "baseHeight": 0.0}, "geometry": {"type": "Polygon", "coordinates": [[[-82.65198, 27.74892], [-82.65122, 27.74892], [-82.65122, 27.74918], [-82.65198, 27.74918], [-82.65198, 27.74892]]]}}, {"type": "Feature", "properties": {"height": 10.1, "baseHeight": 0.0}, "geometry": {"type": "Polygon", "coordinates": [[[-82.65038, 27.7487533], [-82.65012, 27.7487533], [-82.65012, 27.7488467], [-82.65038, 27.7488467], [-82.65038, 27.7487533]]]}}, {"type": "Feature", "properties": {"height": 6.2, "baseHeight": 0.0}, "geometry": {"type": "Polygon", "coordinates": [[[-82.65038, 27.7490867], [-82.65012, 27.7490867], [-82.65012, 27.74918], [-82.65038, 27.74918], [-82.65038, 27.7490867]]]}}, {"type": "Feature", "properties": {"height": 11.7, "baseHeight": 0.0}, "geometry": {"type": "Polygon", "coordinates": [[[-82.64988, 27.7487533], [-82.64962, 27.7487533], [-82.64962, 27.7488467], [-82.64988, 27.7488467], [-82.64988, 27.7487533]]]}}, {"type": "Feature", "properties": {"height": 8.8, "baseHeight": 0.0}, "geometry": {"type": "Polygon", "coordinates": [[[-82.64988, 27.7490867], [-82.64962, 27.7490867], [-82.64962, 27.74918], [-82.64988, 27.74918], [-82.64988, 27.7490867]]]}}, {"type": "Feature", "properties": {"height": 5.7, "baseHeight": 0.0}, "geometry": {"type": "Polygon", "coordinates": [[[-82.64878, 27.74842], [-82.6486867, 27.74842], [-82.6486867, 27.74918], [-82.64878, 27.74918], [-82.64878, 27.74842]]]}}, {"type": "Feature", "properties": {"height": 9.7, "baseHeight": 0.0}, "geometry": {"type": "Polygon", "coordinates": [[[-82.6484467, 27.74842], [-82.6483533, 27.74842], [-82.6483533, 27.74918], [-82.6484467, 27.74918], [-82.6484467, 27.74842]]]}}, {"type": "Feature", "properties": {"height": 6.9, "baseHeight": 0.0}, "geometry": {"type": "Polygon", "coordinates": [[[-82.64718, 27.74842], [-82.64692, 27.74842], [-82.64692, 27.74868], [-82.64718, 27.74868], [-82.64718, 27.74842]]]}}, {"type": "Feature", "properties": {"height": 10.5, "baseHeight": 0.0}, "geometry": {"type": "Polygon", "coordinates": [[[-82.64718, 27.74892], [-82.64692, 27.74892], [-82.64692, 27.74918], [-82.64718, 27.74918], [-82.64718, 27.74892]]]}}, {"type": "Feature", "properties": {"height": 6.5, "baseHeight": 0.0}, "geometry": {"type": "Polygon", "coordinates": [[[-82.64668, 27.74842], [-82.64642, 27.74842], [-82.64642, 27.74868], [-82.64668, 27.74868], [-82.64668, 27.74842]]]}}, {"type": "Feature", "properties": {"height": 33.7, "baseHeight": 0.0}, "geometry": {"type": "Polygon", "coordinates": [[[-82.64668, 27.74892], [-82.64642, 27.74892], [-82.64642, 27.74918], [-82.64668, 27.74918], [-82.64668, 27.74892]]]}}, {"type": "Feature", "properties": {"height": 35.8, "baseHeight": 0.0}, "geometry": {"type": "Polygon", "coordinates": [[[-82.64558, 27.74842], [-82.64532, 27.74842], [-82.64532, 27.74918], [-82.64558, 27.74918], [-82.64558, 27.74842]]]}}, {"type": "Feature", "properties": {"height": 10.8, "baseHeight": 0.0}, "geometry": {"type": "Polygon", "coordinates": [[[-82.64508, 27.74842], [-82.64482, 27.74842], [-82.64482, 27.74918], [-82.64508, 27.74918], [-82.64508, 27.74842]]]}}, {"type": "Feature", "properties": {"height": 11.9, "baseHeight": 0.0}, "geometry": {"type": "Polygon", "coordinates": [[[-82.64348, 27.74842], [-82.64322, 27.74842], [-82.64322, 27.74918], [-82.64348, 27.74918], [-82.64348, 27.74842]]]}}, {"type": "Feature", "properties": {"height": 5.2, "baseHeight": 0.0}, "geometry": {"type": "Polygon", "coordinates": [[[-82.64238, 27.7487533], [-82.64212, 27.7487533], [-82.64212, 27.7488467], [-82.64238, 27.7488467], [-82.64238, 27.7487533]]]}}, {"type": "Feature", "properties": {"height": 44.4, "baseHeight": 0.0}, "geometry": {"type": "Polygon", "coordinates": [[[-82.64238, 27.7490867], [-82.64212, 27.7490867], [-82.64212, 27.74918], [-82.64238, 27.74918], [-82.64238, 27.7490867]]]}}, {"type": "Feature", "properties": {"height": 7.7, "baseHeight": 0.0}, "geometry": {"type": "Polygon", "coordinates": [[[-82.64188, 27.74842], [-82.64162, 27.74842], [-82.64162, 27.7485133], [-82.64188, 27.7485133], [-82.64188, 27.74842]]]}}, {"type": "Feature", "properties": {"height": 5.7, "baseHeight": 0.0}, "geometry": {"type": "Polygon", "coordinates": [[[-82.64188, 27.7490867], [-82.64162, 27.7490867], [-82.64162, 27.74918], [-82.64188, 27.74918], [-82.64188, 27.7490867]]]}}, {"type": "Feature", "properties": {"height": 8.1, "baseHeight": 0.0}, "geometry": {"type": "Polygon", "coordinates": [[[-82.64078, 27.74842], [-82.64052, 27.74842], [-82.64052, 27.74868], [-82.64078, 27.74868], [-82.64078, 27.74842]]]}}, {"type": "Feature", "properties": {"height": 10.1, "baseHeight": 0.0}, "geometry": {"type": "Polygon", "coordinates": [[[-82.64078, 27.74892], [-82.64052, 27.74892], [-82.64052, 27.74918], [-82.64078, 27.74918], [-82.64078, 27.74892]]]}}, {"type": "Feature", "properties": {"height": 11.2, "baseHeight": 0.0}, "geometry": {"type": "Polygon", "coordinates": [[[-82.64028, 27.74842], [-82.64002, 27.74842], [-82.64002, 27.74868], [-82.64028, 27.74868], [-82.64028, 27.74842]]]}}, {"type": "Feature", "properties": {"height": 7.7, "baseHeight": 0.0}, "geometry": {"type": "Polygon", "coordinates": [[[-82.64028, 27.74892], [-82.64002, 27.74892], [-82.64002, 27.74918], [-82.64028, 27.74918], [-82.64028, 27.74892]]]}}, {"type": "Feature", "properties": {"height": 7.0, "baseHeight": 0.0}, "geometry": {"type": "Polygon", "coordinates": [[[-82.63278, 27.74842], [-82.63202, 27.74842], [-82.63202, 27.74868], [-82.63278, 27.74868], [-82.63278, 27.74842]]]}}, {"type": "Feature", "properties": {"height": 7.4, "baseHeight": 0.0}, "geometry": {"type": "Polygon", "coordinates": [[[-82.63278, 27.74892], [-82.63202, 27.74892], [-82.63202, 27.74918], [-82.63278, 27.74918], [-82.63278, 27.74892]]]}}, {"type": "Feature", "properties": {"height": 30.6, "baseHeight": 0.0}, "geometry": {"type": "Polygon", "coordinates": [[[-82.63118, 27.74842], [-82.63092, 27.74842], [-82.63092, 27.74868], [-82.63118, 27.74868], [-82.63118, 27.74842]]]}}, {"type": "Feature", "properties": {"height": 8.1, "baseHeight": 0.0}, "geometry": {"type": "Polygon", "coordinates": [[[-82.63118, 27.74892], [-82.63092, 27.74892], [-82.63092, 27.74918], [-82.63118, 27.74918], [-82.63118, 27.74892]]]}}, {"type": "Feature", "properties": {"height": 11.2, "baseHeight": 0.0}, "geometry": {"type": "Polygon", "coordinates": [[[-82.63068, 27.74842], [-82.63042, 27.74842], [-82.63042, 27.74868], [-82.63068, 27.74868], [-82.63068, 27.74842]]]}}, {"type": "Feature", "properties": {"height": 8.4, "baseHeight": 0.0}, "geometry": {"type": "Polygon", "coordinates": [[[-82.62798, 27.74842], [-82.6278867, 27.74842], [-82.6278867, 27.74868], [-82.62798, 27.74868], [-82.62798, 27.74842]]]}}, {"type": "Feature", "properties": {"height": 9.4, "baseHeight": 0.0}, "geometry": {"type": "Polygon", "coordinates": [[[-82.62798, 27.74892], [-82.6278867, 27.74892], [-82.6278867, 27.74918], [-82.62798, 27.74918], [-82.62798, 27.74892]]]}}, {"type": "Feature", "properties": {"height": 11.3, "baseHeight": 0.0}, "geometry": {"type": "Polygon", "coordinates": [[[-82.6276467, 27.74842], [-82.6275533, 27.74842], [-82.6275533, 27.74868], [-82.6276467, 27.74868], [-82.6276467, 27.74842]]]}}, {"type": "Feature", "properties": {"height": 5.4, "baseHeight": 0.0}, "geometry": {"type": "Polygon", "coordinates": [[[-82.6276467, 27.74892], [-82.6275533, 27.74892], [-82.6275533, 27.74918], [-82.6276467, 27.74918], [-82.6276467, 27.74892]]]}}, {"type": "Feature", "properties": {"height": 7.4, "baseHeight": 0.0}, "geometry": {"type": "Polygon", "coordinates": [[[-82.6273133, 27.74842], [-82.62722, 27.74842], [-82.62722, 27.74868], [-82.6273133, 27.74868], [-82.6273133, 27.74842]]]}}, {"type": "Feature", "properties": {"height": 6.6, "baseHeight": 0.0}, "geometry": {"type": "Polygon", "coordinates": [[[-82.6273133, 27.74892], [-82.62722, 27.74892], [-82.62722, 27.74918], [-82.6273133, 27.74918], [-82.6273133, 27.74892]]]}}, {"type": "Feature", "properties": {"height": 7.4, "baseHeight": 0.0}, "geometry": {"type": "Polygon", "coordinates": [[[-82.62478, 27.74842], [-82.62402, 27.74842], [-82.62402, 27.7485133], [-82.62478, 27.7485133], [-82.62478, 27.74842]]]}}, {"type": "Feature", "properties": {"height": 10.2, "baseHeight": 0.0}, "geometry": {"type": "Polygon", "coordinates": [[[-82.62478, 27.7487533], [-82.62402, 27.7487533], [-82.62402, 27.7488467], [-82.62478, 27.7488467], [-82.62478, 27.7487533]]]}}, {"type": "Feature", "properties": {"height": 7.5, "baseHeight": 0.0}, "geometry": {"type": "Polygon", "coordinates": [[[-82.62478, 27.7490867], [-82.62402, 27.7490867], [-82.62402, 27.74918], [-82.62478, 27.74918], [-82.62478, 27.7490867]]]}}, {"type": "Feature", "properties": {"height": 9.9, "baseHeight": 0.0}, "geometry": {"type": "Polygon", "coordinates": [[[-82.62318, 27.74842], [-82.6230867, 27.74842], [-82.6230867, 27.74918], [-82.62318, 27.74918], [-82.62318, 27.74842]]]}}, {"type": "Feature", "properties": {"height": 10.5, "baseHeight": 0.0}, "geometry": {"type": "Polygon", "coordinates": [[[-82.6225133, 27.74842], [-82.62242, 27.74842], [-82.62242, 27.74918], [-82.6225133, 27.74918], [-82.6225133, 27.74842]]]}}, {"type": "Feature", "properties": {"height": 11.7, "baseHeight": 0.0}, "geometry": {"type": "Polygon", "coordinates": [[[-82.62158, 27.74842], [-82.62132, 27.74842], [-82.62132, 27.74918], [-82.62158, 27.74918], [-82.62158, 27.74842]]]}}, {"type": "Feature", "properties": {"height": 8.5, "baseHeight": 0.0}, "geometry": {"type": "Polygon", "coordinates": [[[-82.62108, 27.74842], [-82.62082, 27.74842], [-82.62082, 27.74918], [-82.62108, 27.74918], [-82.62108, 27.74842]]]}}, {"type": "Feature", "properties": {"height": 40.7, "baseHeight": 0.0}, "geometry": {"type": "Polygon", "coordinates": [[[-82.61838, 27.74842], [-82.61812, 27.74842], [-82.61812, 27.74868], [-82.61838, 27.74868], [-82.61838, 27.74842]]]}}, {"type": "Feature", "properties": {"height": 7.6, "baseHeight": 0.0}, "geometry": {"type": "Polygon", "coordinates": [[[-82.61838, 27.74892], [-82.61812, 27.74892], [-82.61812, 27.74918], [-82.61838, 27.74918], [-82.61838, 27.74892]]]}}, {"type": "Feature", "properties": {"height": 10.4, "baseHeight": 0.0}, "geometry": {"type": "Polygon", "coordinates": [[[-82.61788, 27.74842], [-82.61762, 27.74842], [-82.61762, 27.74868], [-82.61788, 27.74868], [-82.61788, 27.74842]]]}}, {"type": "Feature", "properties": {"height": 8.7, "baseHeight": 0.0}, "geometry": {"type": "Polygon", "coordinates": [[[-82.61788, 27.74892], [-82.61762, 27.74892], [-82.61762, 27.74918], [-82.61788, 27.74918], [-82.61788, 27.74892]]]}}, {"type": "Feature", "properties": {"height": 8.0, "baseHeight": 0.0}, "geometry": {"type": "Polygon", "coordinates": [[[-82.61678, 27.7487533], [-82.61652, 27.7487533], [-82.61652, 27.7488467], [-82.61678, 27.7488467], [-82.61678, 27.7487533]]]}}, {"type": "Feature", "properties": {"height": 11.7, "baseHeight": 0.0}, "geometry": {"type": "Polygon", "coordinates": [[[-82.61678, 27.7490867], [-82.61652, 27.7490867], [-82.61652, 27.74918], [-82.61678, 27.74918], [-82.61678, 27.7490867]]]}}, {"type": "Feature", "properties": {"height": 10.3, "baseHeight": 0.0}, "geometry": {"type": "Polygon", "coordinates": [[[-82.61628, 27.74842], [-82.61602, 27.74842], [-82.61602, 27.7485133], [-82.61628, 27.7485133], [-82.61628, 27.74842]]]}}, {"type": "Feature", "properties": {"height": 8.6, "baseHeight": 0.0}, "geometry": {"type": "Polygon", "coordinates": [[[-82.61628, 27.7490867], [-82.61602, 27.7490867], [-82.61602, 27.74918], [-82.61628, 27.74918], [-82.61628, 27.7490867]]]}}, {"type": "Feature", "properties": {"height": 8.3, "baseHeight": 0.0}, "geometry": {"type": "Polygon", "coordinates": [[[-82.61518, 27.74842], [-82.61442, 27.74842], [-82.61442, 27.7485133], [-82.61518, 27.7485133], [-82.61518, 27.74842]]]}}, {"type": "Feature", "properties": {"height": 11.5, "baseHeight": 0.0}, "geometry": {"type": "Polygon", "coordinates": [[[-82.61518, 27.7490867], [-82.61442, 27.7490867], [-82.61442, 27.74918], [-82.61518, 27.74918], [-82.61518, 27.7490867]]]}}, {"type": "Feature", "properties": {"height": 10.1, "baseHeight": 0.0}, "geometry": {"type": "Polygon", "coordinates": [[[-82.61358, 27.74842], [-82.61332, 27.74842], [-82.61332, 27.7485133], [-82.61358, 27.7485133], [-82.61358, 27.74842]]]}}, {"type": "Feature", "properties": {"height": 7.8, "baseHeight": 0.0}, "geometry": {"type": "Polygon", "coordinates": [[[-82.61358, 27.7487533], [-82.61332, 27.7487533], [-82.61332, 27.7488467], [-82.61358, 27.7488467], [-82.61358, 27.7487533]]]}}, {"type": "Feature", "properties": {"height": 9.9, "baseHeight": 0.0}, "geometry": {"type": "Polygon", "coordinates": [[[-82.61308, 27.74842], [-82.61282, 27.74842], [-82.61282, 27.7485133], [-82.61308, 27.7485133], [-82.61308, 27.74842]]]}}, {"type": "Feature", "properties": {"height": 7.5, "baseHeight": 0.0}, "geometry": {"type": "Polygon", "coordinates": [[[-82.61308, 27.7487533], [-82.61282, 27.7487533], [-82.61282, 27.7488467], [-82.61308, 27.7488467], [-82.61308, 27.7487533]]]}}, {"type": "Feature", "properties": {"height": 10.2, "baseHeight": 0.0}, "geometry": {"type": "Polygon", "coordinates": [[[-82.61308, 27.7490867], [-82.61282, 27.7490867], [-82.61282, 27.74918], [-82.61308, 27.74918], [-82.61308, 27.7490867]]]}}, {"type": "Feature", "properties": {"height": 10.3, "baseHeight": 0.0}, "geometry": {"type": "Polygon", "coordinates": [[[-82.61198, 27.74842], [-82.6118867, 27.74842], [-82.6118867, 27.7485133], [-82.61198, 27.7485133], [-82.61198, 27.74842]]]}}, {"type": "Feature", "properties": {"height": 6.2, "baseHeight": 0.0}, "geometry": {"type": "Polygon", "coordinates": [[[-82.61198, 27.7487533], [-82.6118867, 27.7487533], [-82.6118867, 27.7488467], [-82.61198, 27.7488467], [-82.61198, 27.7487533]]]}}, {"type": "Feature", "properties": {"height": 11.9, "baseHeight": 0.0}, "geometry": {"type": "Polygon", "coordinates": [[[-82.61198, 27.7490867], [-82.6118867, 27.7490867], [-82.6118867, 27.74918], [-82.61198, 27.74918], [-82.61198, 27.7490867]]]}}, {"type": "Feature", "properties": {"height": 5.0, "baseHeight": 0.0}, "geometry": {"type": "Polygon", "coordinates": [[[-82.6116467, 27.74842], [-82.6115533, 27.74842], [-82.6115533, 27.7485133], [-82.6116467, 27.7485133], [-82.6116467, 27.74842]]]}}, {"type": "Feature", "properties": {"height": 6.9, "baseHeight": 0.0}, "geometry": {"type": "Polygon", "coordinates": [[[-82.6116467, 27.7487533], [-82.6115533, 27.7487533], [-82.6115533, 27.7488467], [-82.6116467, 27.7488467], [-82.6116467, 27.7487533]]]}}, {"type": "Feature", "properties": {"height": 11.4, "baseHeight": 0.0}, "geometry": {"type": "Polygon", "coordinates": [[[-82.6116467, 27.7490867], [-82.6115533, 27.7490867], [-82.6115533, 27.74918], [-82.6116467, 27.74918], [-82.6116467, 27.7490867]]]}}, {"type": "Feature", "properties": {"height": 6.4, "baseHeight": 0.0}, "geometry": {"type": "Polygon", "coordinates": [[[-82.6113133, 27.74842], [-82.61122, 27.74842], [-82.61122, 27.7485133], [-82.6113133, 27.7485133], [-82.6113133, 27.74842]]]}}, {"type": "Feature", "properties": {"height": 9.2, "baseHeight": 0.0}, "geometry": {"type": "Polygon", "coordinates": [[[-82.6113133, 27.7487533], [-82.61122, 27.7487533], [-82.61122, 27.7488467], [-82.6113133, 27.7488467], [-82.6113133, 27.7487533]]]}}, {"type": "Feature", "properties": {"height": 8.9, "baseHeight": 0.0}, "geometry": {"type": "Polygon", "coordinates": [[[-82.6113133, 27.7490867], [-82.61122, 27.7490867], [-82.61122, 27.74918], [-82.6113133, 27.74918], [-82.6113133, 27.7490867]]]}}, {"type": "Feature", "properties": {"height": 11.8, "baseHeight": 0.0}, "geometry": {"type": "Polygon", "coordinates": [[[-82.66798, 27.75002], [-82.66772, 27.75002], [-82.66772, 27.75028], [-82.66798, 27.75028], [-82.66798, 27.75002]]]}}, {"type": "Feature", "properties": {"height": 10.0, "baseHeight": 0.0}, "geometry": {"type": "Polygon", "coordinates": [[[-82.66798, 27.75052], [-82.66772, 27.75052], [-82.66772, 27.75078], [-82.66798, 27.75078], [-82.66798, 27.75052]]]}}, {"type": "Feature", "properties": {"height": 8.8, "baseHeight": 0.0}, "geometry": {"type": "Polygon", "coordinates": [[[-82.66748, 27.75002], [-82.66722, 27.75002], [-82.66722, 27.75028], [-82.66748, 27.75028], [-82.66748, 27.75002]]]}}, {"type": "Feature", "properties": {"height": 41.7, "baseHeight": 0.0}, "geometry": {"type": "Polygon", "coordinates": [[[-82.66748, 27.75052], [-82.66722, 27.75052], [-82.66722, 27.75078], [-82.66748, 27.75078], [-82.66748, 27.75052]]]}}, {"type": "Feature", "properties": {"height": 7.4, "baseHeight": 0.0}, "geometry": {"type": "Polygon", "coordinates": [[[-82.66638, 27.75002], [-82.66562, 27.75002], [-82.66562, 27.75078], [-82.66638, 27.75078], [-82.66638, 27.75002]]]}}, {"type": "Feature", "properties": {"height": 6.4, "baseHeight": 0.0}, "geometry": {"type": "Polygon", "coordinates": [[[-82.66318, 27.7503533], [-82.66242, 27.7503533], [-82.66242, 27.7504467], [-82.66318, 27.7504467], [-82.66318, 27.7503533]]]}}, {"type": "Feature", "properties": {"height": 9.9, "baseHeight": 0.0}, "geometry": {"type": "Polygon", "coordinates": [[[-82.66318, 27.7506867], [-82.66242, 27.7506867], [-82.66242, 27.75078], [-82.66318, 27.75078], [-82.66318, 27.7506867]]]}}, {"type": "Feature", "properties": {"height": 11.0, "baseHeight": 0.0}, "geometry": {"type": "Polygon", "coordinates": [[[-82.66108, 27.75002], [-82.66082, 27.75002], [-82.66082, 27.75078], [-82.66108, 27.75078], [-82.66108, 27.75002]]]}}, {"type": "Feature", "properties": {"height": 10.1, "baseHeight": 0.0}, "geometry": {"type": "Polygon", "coordinates": [[[-82.65838, 27.75002], [-82.65762, 27.75002], [-82.65762, 27.75028], [-82.65838, 27.75028], [-82.65838, 27.75002]]]}}, {"type": "Feature", "properties": {"height": 8.0, "baseHeight": 0.0}, "geometry": {"type": "Polygon", "coordinates": [[[-82.65838, 27.75052], [-82.65762, 27.75052], [-82.65762, 27.75078], [-82.65838, 27.75078], [-82.65838, 27.75052]]]}}, {"type": "Feature", "properties": {"height": 7.4, "baseHeight": 0.0}, "geometry": {"type": "Polygon", "coordinates": [[[-82.65678, 27.75002], [-82.65652, 27.75002], [-82.65652, 27.75028], [-82.65678, 27.75028], [-82.65678, 27.75002]]]}}, {"type": "Feature", "properties": {"height": 9.6, "baseHeight": 0.0}, "geometry": {"type": "Polygon", "coordinates": [[[-82.65678, 27.75052], [-82.65652, 27.75052], [-82.65652, 27.75078], [-82.65678, 27.75078], [-82.65678, 27.75052]]]}}, {"type": "Feature", "properties": {"height": 5.2, "baseHeight": 0.0}, "geometry": {"type": "Polygon", "coordinates": [[[-82.65628, 27.75052], [-82.65602, 27.75052], [-82.65602, 27.75078], [-82.65628, 27.75078], [-82.65628, 27.75052]]]}}, {"type": "Feature", "properties": {"height": 35.6, "baseHeight": 0.0}, "geometry": {"type": "Polygon", "coordinates": [[[-82.65038, 27.75002], [-82.65012, 27.75002], [-82.65012, 27.75078], [-82.65038, 27.75078], [-82.65038, 27.75002]]]}}, {"type": "Feature", "properties": {"height": 5.9, "baseHeight": 0.0}, "geometry": {"type": "Polygon", "coordinates": [[[-82.64718, 27.75002], [-82.64692, 27.75002], [-82.64692, 27.75028], [-82.64718, 27.75028], [-82.64718, 27.75002]]]}}, {"type": "Feature", "properties": {"height": 6.9, "baseHeight": 0.0}, "geometry": {"type": "Polygon", "coordinates": [[[-82.64718, 27.75052], [-82.64692, 27.75052], [-82.64692, 27.75078], [-82.64718, 27.75078], [-82.64718, 27.75052]]]}}, {"type": "Feature", "properties": {"height": 10.0, "baseHeight": 0.0}, "geometry": {"type": "Polygon", "coordinates": [[[-82.64668, 27.75002], [-82.64642, 27.75002], [-82.64642, 27.75028], [-82.64668, 27.75028], [-82.64668, 27.75002]]]}}, {"type": "Feature", "properties": {"height": 7.5, "baseHeight": 0.0}, "geometry": {"type": "Polygon", "coordinates": [[[-82.64668, 27.75052], [-82.64642, 27.75052], [-82.64642, 27.75078], [-82.64668, 27.75078], [-82.64668, 27.75052]]]}}, {"type": "Feature", "properties": {"height": 10.1, "baseHeight": 0.0}, "geometry": {"type": "Polygon", "coordinates": [[[-82.64398, 27.75002], [-82.64372, 27.75002], [-82.64372, 27.75028], [-82.64398, 27.75028], [-82.64398, 27.75002]]]}}, {"type": "Feature", "properties": {"height": 9.0, "baseHeight": 0.0}, "geometry": {"type": "Polygon", "coordinates": [[[-82.64398, 27.75052], [-82.64372, 27.75052], [-82.64372, 27.75078], [-82.64398, 27.75078], [-82.64398, 27.75052]]]}}, {"type": "Feature", "properties": {"height": 5.9, "baseHeight": 0.0}, "geometry": {"type": "Polygon", "coordinates": [[[-82.64348, 27.75002], [-82.64322, 27.75002], [-82.64322, 27.75028], [-82.64348, 27.75028], [-82.64348, 27.75002]]]}}, {"type": "Feature", "properties": {"height": 10.5, "baseHeight": 0.0}, "geometry": {"type": "Polygon", "coordinates": [[[-82.64348, 27.75052], [-82.64322, 27.75052], [-82.64322, 27.75078], [-82.64348, 27.75078], [-82.64348, 27.75052]]]}}, {"type": "Feature", "properties": {"height": 8.6, "baseHeight": 0.0}, "geometry": {"type": "Polygon", "coordinates": [[[-82.64238, 27.75052], [-82.6422867, 27.75052], [-82.6422867, 27.75078], [-82.64238, 27.75078], [-82.64238, 27.75052]]]}}, {"type": "Feature", "properties": {"height": 7.7, "baseHeight": 0.0}, "geometry": {"type": "Polygon", "coordinates": [[[-82.6420467, 27.75002], [-82.6419533, 27.75002], [-82.6419533, 27.75028], [-82.6420467, 27.75028], [-82.6420467, 27.75002]]]}}, {"type": "Feature", "properties": {"height": 9.0, "baseHeight": 0.0}, "geometry": {"type": "Polygon", "coordinates": [[[-82.6420467, 27.75052], [-82.6419533, 27.75052], [-82.6419533, 27.75078], [-82.6420467, 27.75078], [-82.6420467, 27.75052]]]}}, {"type": "Feature", "properties": {"height": 11.3, "baseHeight": 0.0}, "geometry": {"type": "Polygon", "coordinates": [[[-82.6417133, 27.75002], [-82.64162, 27.75002], [-82.64162, 27.75028], [-82.6417133, 27.75028], [-82.6417133, 27.75002]]]}}, {"type": "Feature", "properties": {"height": 7.9, "baseHeight": 0.0}, "geometry": {"type": "Polygon", "coordinates": [[[-82.6417133, 27.75052], [-82.64162, 27.75052], [-82.64162, 27.75078], [-82.6417133, 27.75078], [-82.6417133, 27.75052]]]}}, {"type": "Feature", "properties": {"height": 9.2, "baseHeight": 0.0}, "geometry": {"type": "Polygon", "coordinates": [[[-82.64078, 27.75002], [-82.64052, 27.75002], [-82.64052, 27.75078], [-82.64078, 27.75078], [-82.64078, 27.75002]]]}}, {"type": "Feature", "properties": {"height": 5.6, "baseHeight": 0.0}, "geometry": {"type": "Polygon", "coordinates": [[[-82.64028, 27.75002], [-82.64002, 27.75002], [-82.64002, 27.75078], [-82.64028, 27.75078], [-82.64028, 27.75002]]]}}, {"type": "Feature", "properties": {"height": 11.1, "baseHeight": 0.0}, "geometry": {"type": "Polygon", "coordinates": [[[-82.6340467, 27.75002], [-82.6339533, 27.75002], [-82.6339533, 27.75078], [-82.6340467, 27.75078], [-82.6340467, 27.75002]]]}}, {"type": "Feature", "properties": {"height": 5.9, "baseHeight": 0.0}, "geometry": {"type": "Polygon", "coordinates": [[[-82.6337133, 27.75002], [-82.63362, 27.75002], [-82.63362, 27.75078], [-82.6337133, 27.75078], [-82.6337133, 27.75002]]]}}, {"type": "Feature", "properties": {"height": 8.1, "baseHeight": 0.0}, "geometry": {"type": "Polygon", "coordinates": [[[-82.63278, 27.75002], [-82.63252, 27.75002], [-82.63252, 27.75028], [-82.63278, 27.75028], [-82.63278, 27.75002]]]}}, {"type": "Feature", "properties": {"height": 5.4, "baseHeight": 0.0}, "geometry": {"type": "Polygon", "coordinates": [[[-82.63278, 27.75052], [-82.63252, 27.75052], [-82.63252, 27.75078], [-82.63278, 27.75078], [-82.63278, 27.75052]]]}}, {"type": "Feature", "properties": {"height": 5.3, "baseHeight": 0.0}, "geometry": {"type": "Polygon", "coordinates": [[[-82.63228, 27.75052], [-82.63202, 27.75052], [-82.63202, 27.75078], [-82.63228, 27.75078], [-82.63228, 27.75052]]]}}, {"type": "Feature", "properties": {"height": 9.3, "baseHeight": 0.0}, "geometry": {"type": "Polygon", "coordinates": [[[-82.63118, 27.75002], [-82.63092, 27.75002], [-82.63092, 27.75028], [-82.63118, 27.75028], [-82.63118, 27.75002]]]}}, {"type": "Feature", "properties": {"height": 10.5, "baseHeight": 0.0}, "geometry": {"type": "Polygon", "coordinates": [[[-82.63118, 27.75052], [-82.63092, 27.75052], [-82.63092, 27.75078], [-82.63118, 27.75078], [-82.63118, 27.75052]]]}}, {"type": "Feature", "properties": {"height": 10.1, "baseHeight": 0.0}, "geometry": {"type": "Polygon", "coordinates": [[[-82.63068, 27.75002], [-82.63042, 27.75002], [-82.63042, 27.75028], [-82.63068, 27.75028], [-82.63068, 27.75002]]]}}, {"type": "Feature", "properties": {"height": 6.1, "baseHeight": 0.0}, "geometry": {"type": "Polygon", "coordinates": [[[-82.63068, 27.75052], [-82.63042, 27.75052], [-82.63042, 27.75078], [-82.63068, 27.75078], [-82.63068, 27.75052]]]}}, {"type": "Feature", "properties": {"height": 10.3, "baseHeight": 0.0}, "geometry": {"type": "Polygon", "coordinates": [[[-82.62958, 27.75052], [-82.62882, 27.75052], [-82.62882, 27.75078], [-82.62958, 27.75078], [-82.62958, 27.75052]]]}}, {"type": "Feature", "properties": {"height": 8.7, "baseHeight": 0.0}, "geometry": {"type": "Polygon", "coordinates": [[[-82.62638, 27.75052], [-82.62562, 27.75052], [-82.62562, 27.75078], [-82.62638, 27.75078], [-82.62638, 27.75052]]]}}, {"type": "Feature", "properties": {"height": 11.9, "baseHeight": 0.0}, "geometry": {"type": "Polygon", "coordinates": [[[-82.6241133, 27.75002], [-82.62402, 27.75002], [-82.62402, 27.75078], [-82.6241133, 27.75078], [-82.6241133, 27.75002]]]}}, {"type": "Feature", "properties": {"height": 8.2, "baseHeight": 0.0}, "geometry": {"type": "Polygon", "coordinates": [[[-82.62158, 27.75002], [-82.62082, 27.75002], [-82.62082, 27.75028], [-82.62158, 27.75028], [-82.62158, 27.75002]]]}}, {"type": "Feature", "properties": {"height": 6.6, "baseHeight": 0.0}, "geometry": {"type": "Polygon", "coordinates": [[[-82.61838, 27.75002], [-82.61762, 27.75002], [-82.61762, 27.75028], [-82.61838, 27.75028], [-82.61838, 27.75002]]]}}, {"type": "Feature", "properties": {"height": 7.7, "baseHeight": 0.0}, "geometry": {"type": "Polygon", "coordinates": [[[-82.61678, 27.75002], [-82.61652, 27.75002], [-82.61652, 27.75078], [-82.61678, 27.75078], [-82.61678, 27.75002]]]}}, {"type": "Feature", "properties": {"height": 9.9, "baseHeight": 0.0}, "geometry": {"type": "Polygon", "coordinates": [[[-82.61518, 27.75002], [-82.61442, 27.75002], [-82.61442, 27.75028], [-82.61518, 27.75028], [-82.61518, 27.75002]]]}}, {"type": "Feature", "properties": {"height": 5.9, "baseHeight": 0.0}, "geometry": {"type": "Polygon", "coordinates": [[[-82.61518, 27.75052], [-82.61442, 27.75052], [-82.61442, 27.75078], [-82.61518, 27.75078], [-82.61518, 27.75052]]]}}, {"type": "Feature", "properties": {"height": 11.9, "baseHeight": 0.0}, "geometry": {"type": "Polygon", "coordinates": [[[-82.61358, 27.75002], [-82.61332, 27.75002], [-82.61332, 27.7501133], [-82.61358, 27.7501133], [-82.61358, 27.75002]]]}}, {"type": "Feature", "properties": {"height": 11.2, "baseHeight": 0.0}, "geometry": {"type": "Polygon", "coordinates": [[[-82.61358, 27.7506867], [-82.61332, 27.7506867], [-82.61332, 27.75078], [-82.61358, 27.75078], [-82.61358, 27.7506867]]]}}, {"type": "Feature", "properties": {"height": 7.7, "baseHeight": 0.0}, "geometry": {"type": "Polygon", "coordinates": [[[-82.61308, 27.75002], [-82.61282, 27.75002], [-82.61282, 27.7501133], [-82.61308, 27.7501133], [-82.61308, 27.75002]]]}}, {"type": "Feature", "properties": {"height": 9.8, "baseHeight": 0.0}, "geometry": {"type": "Polygon", "coordinates": [[[-82.61308, 27.7503533], [-82.61282, 27.7503533], [-82.61282, 27.7504467], [-82.61308, 27.7504467], [-82.61308, 27.7503533]]]}}, {"type": "Feature", "properties": {"height": 7.8, "baseHeight": 0.0}, "geometry": {"type": "Polygon", "coordinates": [[[-82.61308, 27.7506867], [-82.61282, 27.7506867], [-82.61282, 27.75078], [-82.61308, 27.75078], [-82.61308, 27.7506867]]]}}, {"type": "Feature", "properties": {"height": 7.0, "baseHeight": 0.0}, "geometry": {"type": "Polygon", "coordinates": [[[-82.66958, 27.75162], [-82.66882, 27.75162], [-82.66882, 27.7517133], [-82.66958, 27.7517133], [-82.66958, 27.75162]]]}}, {"type": "Feature", "properties": {"height": 11.5, "baseHeight": 0.0}, "geometry": {"type": "Polygon", "coordinates": [[[-82.66798, 27.75162], [-82.66722, 27.75162], [-82.66722, 27.75188], [-82.66798, 27.75188], [-82.66798, 27.75162]]]}}, {"type": "Feature", "properties": {"height": 10.0, "baseHeight": 0.0}, "geometry": {"type": "Polygon", "coordinates": [[[-82.66798, 27.75212], [-82.66722, 27.75212], [-82.66722, 27.75238], [-82.66798, 27.75238], [-82.66798, 27.75212]]]}}, {"type": "Feature", "properties": {"height": 10.6, "baseHeight": 0.0}, "geometry": {"type": "Polygon", "coordinates": [[[-82.66638, 27.75162], [-82.66562, 27.75162], [-82.66562, 27.7517133], [-82.66638, 27.7517133], [-82.66638, 27.75162]]]}}, {"type": "Feature", "properties": {"height": 34.3, "baseHeight": 0.0}, "geometry": {"type": "Polygon", "coordinates": [[[-82.66638, 27.7519533], [-82.66562, 27.7519533], [-82.66562, 27.7520467], [-82.66638, 27.7520467], [-82.66638, 27.7519533]]]}}, {"type": "Feature", "properties": {"height": 11.4, "baseHeight": 0.0}, "geometry": {"type": "Polygon", "coordinates": [[[-82.66638, 27.7522867], [-82.66562, 27.7522867], [-82.66562, 27.75238], [-82.66638, 27.75238], [-82.66638, 27.7522867]]]}}, {"type": "Feature", "properties": {"height": 6.3, "baseHeight": 0.0}, "geometry": {"type": "Polygon", "coordinates": [[[-82.66478, 27.75162], [-82.66402, 27.75162], [-82.66402, 27.75238], [-82.66478, 27.75238], [-82.66478, 27.75162]]]}}, {"type": "Feature", "properties": {"height": 6.7, "baseHeight": 0.0}, "geometry": {"type": "Polygon", "coordinates": [[[-82.66268, 27.75162], [-82.66242, 27.75162], [-82.66242, 27.75238], [-82.66268, 27.75238], [-82.66268, 27.75162]]]}}, {"type": "Feature", "properties": {"height": 11.9, "baseHeight": 0.0}, "geometry": {"type": "Polygon", "coordinates": [[[-82.66158, 27.7519533], [-82.6614867, 27.7519533], [-82.6614867, 27.7520467], [-82.66158, 27.7520467], [-82.66158, 27.7519533]]]}}, {"type": "Feature", "properties": {"height": 7.5, "baseHeight": 0.0}, "geometry": {"type": "Polygon", "coordinates": [[[-82.66158, 27.7522867], [-82.6614867, 27.7522867], [-82.6614867, 27.75238], [-82.66158, 27.75238], [-82.66158, 27.7522867]]]}}, {"type": "Feature", "properties": {"height": 6.3, "baseHeight": 0.0}, "geometry": {"type": "Polygon", "coordinates": [[[-82.6612467, 27.75162], [-82.6611533, 27.75162], [-82.6611533, 27.7517133], [-82.6612467, 27.7517133], [-82.6612467, 27.75162]]]}}, {"type": "Feature", "properties": {"height": 7.4, "baseHeight": 0.0}, "geometry": {"type": "Polygon", "coordinates": [[[-82.6612467, 27.7522867], [-82.6611533, 27.7522867], [-82.6611533, 27.75238], [-82.6612467, 27.75238], [-82.6612467, 27.7522867]]]}}, {"type": "Feature", "properties": {"height": 11.4, "baseHeight": 0.0}, "geometry": {"type": "Polygon", "coordinates": [[[-82.6609133, 27.75162], [-82.66082, 27.75162], [-82.66082, 27.7517133], [-82.6609133, 27.7517133], [-82.6609133, 27.75162]]]}}, {"type": "Feature", "properties": {"height": 5.7, "baseHeight": 0.0}, "geometry": {"type": "Polygon", "coordinates": [[[-82.6609133, 27.7519533], [-82.66082, 27.7519533], [-82.66082, 27.7520467], [-82.6609133, 27.7520467], [-82.6609133, 27.7519533]]]}}, {"type": "Feature", "properties": {"height": 7.0, "baseHeight": 0.0}, "geometry": {"type": "Polygon", "coordinates": [[[-82.6609133, 27.7522867], [-82.66082, 27.7522867], [-82.66082, 27.75238], [-82.6609133, 27.75238], [-82.6609133, 27.7522867]]]}}, {"type": "Feature", "properties": {"height": 10.4, "baseHeight": 0.0}, "geometry": {"type": "Polygon", "coordinates": [[[-82.65678, 27.75162], [-82.65602, 27.75162], [-82.65602, 27.75238], [-82.65678, 27.75238], [-82.65678, 27.75162]]]}}, {"type": "Feature", "properties": {"height": 11.0, "baseHeight": 0.0}, "geometry": {"type": "Polygon", "coordinates": [[[-82.65518, 27.75162], [-82.65492, 27.75162], [-82.65492, 27.75238], [-82.65518, 27.75238], [-82.65518, 27.75162]]]}}, {"type": "Feature", "properties": {"height": 6.3, "baseHeight": 0.0}, "geometry": {"type": "Polygon", "coordinates": [[[-82.65468, 27.75162], [-82.65442, 27.75162], [-82.65442, 27.75238], [-82.65468, 27.75238], [-82.65468, 27.75162]]]}}, {"type": "Feature", "properties": {"height": 11.0, "baseHeight": 0.0}, "geometry": {"type": "Polygon", "coordinates": [[[-82.65198, 27.75162], [-82.65122, 27.75162], [-82.65122, 27.75238], [-82.65198, 27.75238], [-82.65198, 27.75162]]]}}, {"type": "Feature", "properties": {"height": 5.3, "baseHeight": 0.0}, "geometry": {"type": "Polygon", "coordinates": [[[-82.65038, 27.75162], [-82.65012, 27.75162], [-82.65012, 27.75238], [-82.65038, 27.75238], [-82.65038, 27.75162]]]}}, {"type": "Feature", "properties": {"height": 8.0, "baseHeight": 0.0}, "geometry": {"type": "Polygon", "coordinates": [[[-82.64988, 27.75162], [-82.64962, 27.75162], [-82.64962, 27.75238], [-82.64988, 27.75238], [-82.64988, 27.75162]]]}}, {"type": "Feature", "properties": {"height": 8.3, "baseHeight": 0.0}, "geometry": {"type": "Polygon", "coordinates": [[[-82.64878, 27.75162], [-82.64852, 27.75162], [-82.64852, 27.7517133], [-82.64878, 27.7517133], [-82.64878, 27.75162]]]}}, {"type": "Feature", "properties": {"height": 6.0, "baseHeight": 0.0}, "geometry": {"type": "Polygon", "coordinates": [[[-82.64878, 27.7519533], [-82.64852, 27.7519533], [-82.64852, 27.7520467], [-82.64878, 27.7520467], [-82.64878, 27.7519533]]]}}, {"type": "Feature", "properties": {"height": 6.2, "baseHeight": 0.0}, "geometry": {"type": "Polygon", "coordinates": [[[-82.64878, 27.7522867], [-82.64852, 27.7522867], [-82.64852, 27.75238], [-82.64878, 27.75238], [-82.64878, 27.7522867]]]}}, {"type": "Feature", "properties": {"height": 5.0, "baseHeight": 0.0}, "geometry": {"type": "Polygon", "coordinates": [[[-82.64828, 27.75162], [-82.64802, 27.75162], [-82.64802, 27.7517133], [-82.64828, 27.7517133], [-82.64828, 27.75162]]]}}, {"type": "Feature", "properties": {"height": 6.2, "baseHeight": 0.0}, "geometry": {"type": "Polygon", "coordinates": [[[-82.64828, 27.7519533], [-82.64802, 27.7519533], [-82.64802, 27.7520467], [-82.64828, 27.7520467], [-82.64828, 27.7519533]]]}}, {"type": "Feature", "properties": {"height": 5.4, "baseHeight": 0.0}, "geometry": {"type": "Polygon", "coordinates": [[[-82.64828, 27.7522867], [-82.64802, 27.7522867], [-82.64802, 27.75238], [-82.64828, 27.75238], [-82.64828, 27.7522867]]]}}, {"type": "Feature", "properties": {"height": 11.9, "baseHeight": 0.0}, "geometry": {"type": "Polygon", "coordinates": [[[-82.64718, 27.75162], [-82.6470867, 27.75162], [-82.6470867, 27.75238], [-82.64718, 27.75238], [-82.64718, 27.75162]]]}}, {"type": "Feature", "properties": {"height": 10.0, "baseHeight": 0.0}, "geometry": {"type": "Polygon", "coordinates": [[[-82.6468467, 27.75162], [-82.6467533, 27.75162], [-82.6467533, 27.75238], [-82.6468467, 27.75238], [-82.6468467, 27.75162]]]}}, {"type": "Feature", "properties": {"height": 7.0, "baseHeight": 0.0}, "geometry": {"type": "Polygon", "coordinates": [[[-82.64398, 27.75162], [-82.64322, 27.75162], [-82.64322, 27.75188], [-82.64398, 27.75188], [-82.64398, 27.75162]]]}}, {"type": "Feature", "properties": {"height": 5.9, "baseHeight": 0.0}, "geometry": {"type": "Polygon", "coordinates": [[[-82.64398, 27.75212], [-82.64322, 27.75212], [-82.64322, 27.75238], [-82.64398, 27.75238], [-82.64398, 27.75212]]]}}, {"type": "Feature", "properties": {"height": 11.0, "baseHeight": 0.0}, "geometry": {"type": "Polygon", "coordinates": [[[-82.64078, 27.7519533], [-82.64002, 27.7519533], [-82.64002, 27.7520467], [-82.64078, 27.7520467], [-82.64078, 27.7519533]]]}}, {"type": "Feature", "properties": {"height": 9.1, "baseHeight": 0.0}, "geometry": {"type": "Polygon", "coordinates": [[[-82.64078, 27.7522867], [-82.64002, 27.7522867], [-82.64002, 27.75238], [-82.64078, 27.75238], [-82.64078, 27.7522867]]]}}, {"type": "Feature", "properties": {"height": 9.0, "baseHeight": 0.0}, "geometry": {"type": "Polygon", "coordinates": [[[-82.63598, 27.75162], [-82.63572, 27.75162], [-82.63572, 27.75238], [-82.63598, 27.75238], [-82.63598, 27.75162]]]}}, {"type": "Feature", "properties": {"height": 11.1, "baseHeight": 0.0}, "geometry": {"type": "Polygon", "coordinates": [[[-82.63548, 27.75162], [-82.63522, 27.75162], [-82.63522, 27.75238], [-82.63548, 27.75238], [-82.63548, 27.75162]]]}}, {"type": "Feature", "properties": {"height": 12.0, "baseHeight": 0.0}, "geometry": {"type": "Polygon", "coordinates": [[[-82.63438, 27.75162], [-82.63362, 27.75162], [-82.63362, 27.7517133], [-82.63438, 27.7517133], [-82.63438, 27.75162]]]}}, {"type": "Feature", "properties": {"height": 8.9, "baseHeight": 0.0}, "geometry": {"type": "Polygon", "coordinates": [[[-82.63278, 27.75162], [-82.63202, 27.75162], [-82.63202, 27.75238], [-82.63278, 27.75238], [-82.63278, 27.75162]]]}}, {"type": "Feature", "properties": {"height": 9.8, "baseHeight": 0.0}, "geometry": {"type": "Polygon", "coordinates": [[[-82.63118, 27.75162], [-82.63042, 27.75162], [-82.63042, 27.75238], [-82.63118, 27.75238], [-82.63118, 27.75162]]]}}, {"type": "Feature", "properties": {"height": 11.3, "baseHeight": 0.0}, "geometry": {"type": "Polygon", "coordinates": [[[-82.62958, 27.75162], [-82.62882, 27.75162], [-82.62882, 27.75188], [-82.62958, 27.75188], [-82.62958, 27.75162]]]}}, {"type": "Feature", "properties": {"height": 7.2, "baseHeight": 0.0}, "geometry": {"type": "Polygon", "coordinates": [[[-82.62958, 27.75212], [-82.62882, 27.75212], [-82.62882, 27.75238], [-82.62958, 27.75238], [-82.62958, 27.75212]]]}}, {"type": "Feature", "properties": {"height": 5.3, "baseHeight": 0.0}, "geometry": {"type": "Polygon", "coordinates": [[[-82.62798, 27.75162], [-82.62772, 27.75162], [-82.62772, 27.75188], [-82.62798, 27.75188], [-82.62798, 27.75162]]]}}, {"type": "Feature", "properties": {"height": 9.4, "baseHeight": 0.0}, "geometry": {"type": "Polygon", "coordinates": [[[-82.62798, 27.75212], [-82.62772, 27.75212], [-82.62772, 27.75238], [-82.62798, 27.75238], [-82.62798, 27.75212]]]}}, {"type": "Feature", "properties": {"height": 8.5, "baseHeight": 0.0}, "geometry": {"type": "Polygon", "coordinates": [[[-82.62748, 27.75162], [-82.62722, 27.75162], [-82.62722, 27.75188], [-82.62748, 27.75188], [-82.62748, 27.75162]]]}}, {"type": "Feature", "properties": {"height": 7.7, "baseHeight": 0.0}, "geometry": {"type": "Polygon", "coordinates": [[[-82.62748, 27.75212], [-82.62722, 27.75212], [-82.62722, 27.75238], [-82.62748, 27.75238], [-82.62748, 27.75212]]]}}, {"type": "Feature", "properties": {"height": 8.4, "baseHeight": 0.0}, "geometry": {"type": "Polygon", "coordinates": [[[-82.62318, 27.75162], [-82.62292, 27.75162], [-82.62292, 27.75188], [-82.62318, 27.75188], [-82.62318, 27.75162]]]}}, {"type": "Feature", "properties": {"height": 28.8, "baseHeight": 0.0}, "geometry": {"type": "Polygon", "coordinates": [[[-82.62318, 27.75212], [-82.62292, 27.75212], [-82.62292, 27.75238], [-82.62318, 27.75238], [-82.62318, 27.75212]]]}}, {"type": "Feature", "properties": {"height": 8.9, "baseHeight": 0.0}, "geometry": {"type": "Polygon", "coordinates": [[[-82.62268, 27.75162], [-82.62242, 27.75162], [-82.62242, 27.75188], [-82.62268, 27.75188], [-82.62268, 27.75162]]]}}, {"type": "Feature", "properties": {"height": 5.5, "baseHeight": 0.0}, "geometry": {"type": "Polygon", "coordinates": [[[-82.62268, 27.75212], [-82.62242, 27.75212], [-82.62242, 27.75238], [-82.62268, 27.75238], [-82.62268, 27.75212]]]}}, {"type": "Feature", "properties": {"height": 6.4, "baseHeight": 0.0}, "geometry": {"type": "Polygon", "coordinates": [[[-82.62158, 27.75212], [-82.6214867, 27.75212], [-82.6214867, 27.75238], [-82.62158, 27.75238], [-82.62158, 27.75212]]]}}, {"type": "Feature", "properties": {"height": 11.7, "baseHeight": 0.0}, "geometry": {"type": "Polygon", "coordinates": [[[-82.6212467, 27.75162], [-82.6211533, 27.75162], [-82.6211533, 27.75188], [-82.6212467, 27.75188], [-82.6212467, 27.75162]]]}}, {"type": "Feature", "properties": {"height": 8.6, "baseHeight": 0.0}, "geometry": {"type": "Polygon", "coordinates": [[[-82.6212467, 27.75212], [-82.6211533, 27.75212], [-82.6211533, 27.75238], [-82.6212467, 27.75238], [-82.6212467, 27.75212]]]}}, {"type": "Feature", "properties": {"height": 9.7, "baseHeight": 0.0}, "geometry": {"type": "Polygon", "coordinates": [[[-82.6209133, 27.75212], [-82.62082, 27.75212], [-82.62082, 27.75238], [-82.6209133, 27.75238], [-82.6209133, 27.75212]]]}}, {"type": "Feature", "properties": {"height": 9.6, "baseHeight": 0.0}, "geometry": {"type": "Polygon", "coordinates": [[[-82.61998, 27.75162], [-82.61972, 27.75162], [-82.61972, 27.75188], [-82.61998, 27.75188], [-82.61998, 27.75162]]]}}, {"type": "Feature", "properties": {"height": 8.2, "baseHeight": 0.0}, "geometry": {"type": "Polygon", "coordinates": [[[-82.61998, 27.75212], [-82.61972, 27.75212], [-82.61972, 27.75238], [-82.61998, 27.75238], [-82.61998, 27.75212]]]}}, {"type": "Feature", "properties": {"height": 5.9, "baseHeight": 0.0}, "geometry": {"type": "Polygon", "coordinates": [[[-82.61948, 27.75162], [-82.61922, 27.75162], [-82.61922, 27.75188], [-82.61948, 27.75188], [-82.61948, 27.75162]]]}}, {"type": "Feature", "properties": {"height": 8.2, "baseHeight": 0.0}, "geometry": {"type": "Polygon", "coordinates": [[[-82.61948, 27.75212], [-82.61922, 27.75212], [-82.61922, 27.75238], [-82.61948, 27.75238], [-82.61948, 27.75212]]]}}, {"type": "Feature", "properties": {"height": 7.1, "baseHeight": 0.0}, "geometry": {"type": "Polygon", "coordinates": [[[-82.61678, 27.75162], [-82.6166867, 27.75162], [-82.6166867, 27.7517133], [-82.61678, 27.7517133], [-82.61678, 27.75162]]]}}, {"type": "Feature", "properties": {"height": 7.4, "baseHeight": 0.0}, "geometry": {"type": "Polygon", "coordinates": [[[-82.61678, 27.7519533], [-82.6166867, 27.7519533], [-82.6166867, 27.7520467], [-82.61678, 27.7520467], [-82.61678, 27.7519533]]]}}, {"type": "Feature", "properties": {"height": 6.3, "baseHeight": 0.0}, "geometry": {"type": "Polygon", "coordinates": [[[-82.6164467, 27.75162], [-82.6163533, 27.75162], [-82.6163533, 27.7517133], [-82.6164467, 27.7517133], [-82.6164467, 27.75162]]]}}, {"type": "Feature", "properties": {"height": 11.1, "baseHeight": 0.0}, "geometry": {"type": "Polygon", "coordinates": [[[-82.6164467, 27.7519533], [-82.6163533, 27.7519533], [-82.6163533, 27.7520467], [-82.6164467, 27.7520467], [-82.6164467, 27.7519533]]]}}, {"type": "Feature", "properties": {"height": 7.1, "baseHeight": 0.0}, "geometry": {"type": "Polygon", "coordinates": [[[-82.6164467, 27.7522867], [-82.6163533, 27.7522867], [-82.6163533, 27.75238], [-82.6164467, 27.75238], [-82.6164467, 27.7522867]]]}}, {"type": "Feature", "properties": {"height": 8.9, "baseHeight": 0.0}, "geometry": {"type": "Polygon", "coordinates": [[[-82.6161133, 27.7519533], [-82.61602, 27.7519533], [-82.61602, 27.7520467], [-82.6161133, 27.7520467], [-82.6161133, 27.7519533]]]}}, {"type": "Feature", "properties": {"height": 6.5, "baseHeight": 0.0}, "geometry": {"type": "Polygon", "coordinates": [[[-82.6161133, 27.7522867], [-82.61602, 27.7522867], [-82.61602, 27.75238], [-82.6161133, 27.75238], [-82.6161133, 27.7522867]]]}}, {"type": "Feature", "properties": {"height": 8.7, "baseHeight": 0.0}, "geometry": {"type": "Polygon", "coordinates": [[[-82.61518, 27.75212], [-82.61492, 27.75212], [-82.61492, 27.75238], [-82.61518, 27.75238], [-82.61518, 27.75212]]]}}, {"type": "Feature", "properties": {"height": 9.7, "baseHeight": 0.0}, "geometry": {"type": "Polygon", "coordinates": [[[-82.61468, 27.75162], [-82.61442, 27.75162], [-82.61442, 27.75188], [-82.61468, 27.75188], [-82.61468, 27.75162]]]}}, {"type": "Feature", "properties": {"height": 10.8, "baseHeight": 0.0}, "geometry": {"type": "Polygon", "coordinates": [[[-82.61468, 27.75212], [-82.61442, 27.75212], [-82.61442, 27.75238], [-82.61468, 27.75238], [-82.61468, 27.75212]]]}}, {"type": "Feature", "properties": {"height": 11.8, "baseHeight": 0.0}, "geometry": {"type": "Polygon", "coordinates": [[[-82.61358, 27.75162], [-82.61332, 27.75162], [-82.61332, 27.75238], [-82.61358, 27.75238], [-82.61358, 27.75162]]]}}, {"type": "Feature", "properties": {"height": 7.7, "baseHeight": 0.0}, "geometry": {"type": "Polygon", "coordinates": [[[-82.61308, 27.75162], [-82.61282, 27.75162], [-82.61282, 27.75238], [-82.61308, 27.75238], [-82.61308, 27.75162]]]}}, {"type": "Feature", "properties": {"height": 7.1, "baseHeight": 0.0}, "geometry": {"type": "Polygon", "coordinates": [[[-82.61198, 27.75162], [-82.61122, 27.75162], [-82.61122, 27.75188], [-82.61198, 27.75188], [-82.61198, 27.75162]]]}}, {"type": "Feature", "properties": {"height": 5.7, "baseHeight": 0.0}, "geometry": {"type": "Polygon", "coordinates": [[[-82.61198, 27.75212], [-82.61122, 27.75212], [-82.61122, 27.75238], [-82.61198, 27.75238], [-82.61198, 27.75212]]]}}, {"type": "Feature", "properties": {"height": 9.5, "baseHeight": 0.0}, "geometry": {"type": "Polygon", "coordinates": [[[-82.66958, 27.75322], [-82.66882, 27.75322], [-82.66882, 27.75398], [-82.66958, 27.75398], [-82.66958, 27.75322]]]}}, {"type": "Feature", "properties": {"height": 6.7, "baseHeight": 0.0}, "geometry": {"type": "Polygon", "coordinates": [[[-82.66798, 27.75322], [-82.66722, 27.75322], [-82.66722, 27.7533133], [-82.66798, 27.7533133], [-82.66798, 27.75322]]]}}, {"type": "Feature", "properties": {"height": 6.3, "baseHeight": 0.0}, "geometry": {"type": "Polygon", "coordinates": [[[-82.66798, 27.7535533], [-82.66722, 27.7535533], [-82.66722, 27.7536467], [-82.66798, 27.7536467], [-82.66798, 27.7535533]]]}}, {"type": "Feature", "properties": {"height": 11.9, "baseHeight": 0.0}, "geometry": {"type": "Polygon", "coordinates": [[[-82.66798, 27.7538867], [-82.66722, 27.7538867], [-82.66722, 27.75398], [-82.66798, 27.75398], [-82.66798, 27.7538867]]]}}, {"type": "Feature", "properties": {"height": 9.2, "baseHeight": 0.0}, "geometry": {"type": "Polygon", "coordinates": [[[-82.6644467, 27.75322], [-82.6643533, 27.75322], [-82.6643533, 27.75398], [-82.6644467, 27.75398], [-82.6644467, 27.75322]]]}}, {"type": "Feature", "properties": {"height": 8.7, "baseHeight": 0.0}, "geometry": {"type": "Polygon", "coordinates": [[[-82.6641133, 27.75322], [-82.66402, 27.75322], [-82.66402, 27.75398], [-82.6641133, 27.75398], [-82.6641133, 27.75322]]]}}, {"type": "Feature", "properties": {"height": 33.5, "baseHeight": 0.0}, "geometry": {"type": "Polygon", "coordinates": [[[-82.66158, 27.75322], [-82.66082, 27.75322], [-82.66082, 27.75398], [-82.66158, 27.75398], [-82.66158, 27.75322]]]}}, {"type": "Feature", "properties": {"height": 5.4, "baseHeight": 0.0}, "geometry": {"type": "Polygon", "coordinates": [[[-82.65998, 27.75322], [-82.65922, 27.75322], [-82.65922, 27.75398], [-82.65998, 27.75398], [-82.65998, 27.75322]]]}}, {"type": "Feature", "properties": {"height": 7.2, "baseHeight": 0.0}, "geometry": {"type": "Polygon", "coordinates": [[[-82.65838, 27.75322], [-82.6582867, 27.75322], [-82.6582867, 27.75398], [-82.65838, 27.75398], [-82.65838, 27.75322]]]}}, {"type": "Feature", "properties": {"height": 47.4, "baseHeight": 0.0}, "geometry": {"type": "Polygon", "coordinates": [[[-82.6577133, 27.75322], [-82.65762, 27.75322], [-82.65762, 27.75398], [-82.6577133, 27.75398], [-82.6577133, 27.75322]]]}}, {"type": "Feature", "properties": {"height": 10.6, "baseHeight": 0.0}, "geometry": {"type": "Polygon", "coordinates": [[[-82.65678, 27.75322], [-82.65602, 27.75322], [-82.65602, 27.75398], [-82.65678, 27.75398], [-82.65678, 27.75322]]]}}, {"type": "Feature", "properties": {"height": 7.3, "baseHeight": 0.0}, "geometry": {"type": "Polygon", "coordinates": [[[-82.65518, 27.75322], [-82.65492, 27.75322], [-82.65492, 27.75398], [-82.65518, 27.75398], [-82.65518, 27.75322]]]}}, {"type": "Feature", "properties": {"height": 8.4, "baseHeight": 0.0}, "geometry": {"type": "Polygon", "coordinates": [[[-82.65358, 27.75322], [-82.6534867, 27.75322], [-82.6534867, 27.7533133], [-82.65358, 27.7533133], [-82.65358, 27.75322]]]}}, {"type": "Feature", "properties": {"height": 5.9, "baseHeight": 0.0}, "geometry": {"type": "Polygon", "coordinates": [[[-82.65358, 27.7535533], [-82.6534867, 27.7535533], [-82.6534867, 27.7536467], [-82.65358, 27.7536467], [-82.65358, 27.7535533]]]}}, {"type": "Feature", "properties": {"height": 6.0, "baseHeight": 0.0}, "geometry": {"type": "Polygon", "coordinates": [[[-82.65358, 27.7538867], [-82.6534867, 27.7538867], [-82.6534867, 27.75398], [-82.65358, 27.75398], [-82.65358, 27.7538867]]]}}, {"type": "Feature", "properties": {"height": 7.0, "baseHeight": 0.0}, "geometry": {"type": "Polygon", "coordinates": [[[-82.6532467, 27.75322], [-82.6531533, 27.75322], [-82.6531533, 27.7533133], [-82.6532467, 27.7533133], [-82.6532467, 27.75322]]]}}, {"type": "Feature", "properties": {"height": 8.2, "baseHeight": 0.0}, "geometry": {"type": "Polygon", "coordinates": [[[-82.6532467, 27.7535533], [-82.6531533, 27.7535533], [-82.6531533, 27.7536467], [-82.6532467, 27.7536467], [-82.6532467, 27.7535533]]]}}, {"type": "Feature", "properties": {"height": 7.9, "baseHeight": 0.0}, "geometry": {"type": "Polygon", "coordinates": [[[-82.6532467, 27.7538867], [-82.6531533, 27.7538867], [-82.6531533, 27.75398], [-82.6532467, 27.75398], [-82.6532467, 27.7538867]]]}}, {"type": "Feature", "properties": {"height": 11.5, "baseHeight": 0.0}, "geometry": {"type": "Polygon", "coordinates": [[[-82.6529133, 27.75322], [-82.65282, 27.75322], [-82.65282, 27.7533133], [-82.6529133, 27.7533133], [-82.6529133, 27.75322]]]}}, {"type": "Feature", "properties": {"height": 5.3, "baseHeight": 0.0}, "geometry": {"type": "Polygon", "coordinates": [[[-82.6529133, 27.7535533], [-82.65282, 27.7535533], [-82.65282, 27.7536467], [-82.6529133, 27.7536467], [-82.6529133, 27.7535533]]]}}, {"type": "Feature", "properties": {"height": 9.1, "baseHeight": 0.0}, "geometry": {"type": "Polygon", "coordinates": [[[-82.6529133, 27.7538867], [-82.65282, 27.7538867], [-82.65282, 27.75398], [-82.6529133, 27.75398], [-82.6529133, 27.7538867]]]}}, {"type": "Feature", "properties": {"height": 11.2, "baseHeight": 0.0}, "geometry": {"type": "Polygon", "coordinates": [[[-82.65198, 27.75322], [-82.65172, 27.75322], [-82.65172, 27.75398], [-82.65198, 27.75398], [-82.65198, 27.75322]]]}}, {"type": "Feature", "properties": {"height": 6.3, "baseHeight": 0.0}, "geometry": {"type": "Polygon", "coordinates": [[[-82.65148, 27.75322], [-82.65122, 27.75322], [-82.65122, 27.75398], [-82.65148, 27.75398], [-82.65148, 27.75322]]]}}, {"type": "Feature", "properties": {"height": 8.1, "baseHeight": 0.0}, "geometry": {"type": "Polygon", "coordinates": [[[-82.64878, 27.75322], [-82.64802, 27.75322], [-82.64802, 27.75398], [-82.64878, 27.75398], [-82.64878, 27.75322]]]}}, {"type": "Feature", "properties": {"height": 11.7, "baseHeight": 0.0}, "geometry": {"type": "Polygon", "coordinates": [[[-82.64718, 27.75322], [-82.64642, 27.75322], [-82.64642, 27.75398], [-82.64718, 27.75398], [-82.64718, 27.75322]]]}}, {"type": "Feature", "properties": {"height": 8.8, "baseHeight": 0.0}, "geometry": {"type": "Polygon", "coordinates": [[[-82.64398, 27.75322], [-82.64372, 27.75322], [-82.64372, 27.75398], [-82.64398, 27.75398], [-82.64398, 27.75322]]]}}, {"type": "Feature", "properties": {"height": 7.6, "baseHeight": 0.0}, "geometry": {"type": "Polygon", "coordinates": [[[-82.64348, 27.75322], [-82.64322, 27.75322], [-82.64322, 27.75398], [-82.64348, 27.75398], [-82.64348, 27.75322]]]}}, {"type": "Feature", "properties": {"height": 9.0, "baseHeight": 0.0}, "geometry": {"type": "Polygon", "coordinates": [[[-82.64238, 27.75322], [-82.64162, 27.75322], [-82.64162, 27.75348], [-82.64238, 27.75348], [-82.64238, 27.75322]]]}}, {"type": "Feature", "properties": {"height": 8.0, "baseHeight": 0.0}, "geometry": {"type": "Polygon", "coordinates": [[[-82.64238, 27.75372], [-82.64162, 27.75372], [-82.64162, 27.75398], [-82.64238, 27.75398], [-82.64238, 27.75372]]]}}, {"type": "Feature", "properties": {"height": 19.0, "baseHeight": 0.0}, "geometry": {"type": "Polygon", "coordinates": [[[-82.63918, 27.75322], [-82.63892, 27.75322], [-82.63892, 27.75348], [-82.63918, 27.75348], [-82.63918, 27.75322]]]}}, {"type": "Feature", "properties": {"height": 17.3, "baseHeight": 0.0}, "geometry": {"type": "Polygon", "coordinates": [[[-82.63918, 27.75372], [-82.63892, 27.75372], [-82.63892, 27.75398], [-82.63918, 27.75398], [-82.63918, 27.75372]]]}}, {"type": "Feature", "properties": {"height": 10.9, "baseHeight": 0.0}, "geometry": {"type": "Polygon", "coordinates": [[[-82.63868, 27.75322], [-82.63842, 27.75322], [-82.63842, 27.75348], [-82.63868, 27.75348], [-82.63868, 27.75322]]]}}, {"type": "Feature", "properties": {"height": 31.4, "baseHeight": 0.0}, "geometry": {"type": "Polygon", "coordinates": [[[-82.63868, 27.75372], [-82.63842, 27.75372], [-82.63842, 27.75398], [-82.63868, 27.75398], [-82.63868, 27.75372]]]}}, {"type": "Feature", "properties": {"height": 27.0, "baseHeight": 0.0}, "geometry": {"type": "Polygon", "coordinates": [[[-82.63598, 27.75322], [-82.63572, 27.75322], [-82.63572, 27.75348], [-82.63598, 27.75348], [-82.63598, 27.75322]]]}}, {"type": "Feature", "properties": {"height": 22.6, "baseHeight": 0.0}, "geometry": {"type": "Polygon", "coordinates": [[[-82.63598, 27.75372], [-82.63572, 27.75372], [-82.63572, 27.75398], [-82.63598, 27.75398], [-82.63598, 27.75372]]]}}, {"type": "Feature", "properties": {"height": 20.2, "baseHeight": 0.0}, "geometry": {"type": "Polygon", "coordinates": [[[-82.63548, 27.75322], [-82.63522, 27.75322], [-82.63522, 27.75348], [-82.63548, 27.75348], [-82.63548, 27.75322]]]}}, {"type": "Feature", "properties": {"height": 25.8, "baseHeight": 0.0}, "geometry": {"type": "Polygon", "coordinates": [[[-82.63548, 27.75372], [-82.63522, 27.75372], [-82.63522, 27.75398], [-82.63548, 27.75398], [-82.63548, 27.75372]]]}}, {"type": "Feature", "properties": {"height": 11.1, "baseHeight": 0.0}, "geometry": {"type": "Polygon", "coordinates": [[[-82.63438, 27.75322], [-82.63362, 27.75322], [-82.63362, 27.75348], [-82.63438, 27.75348], [-82.63438, 27.75322]]]}}, {"type": "Feature", "properties": {"height": 9.2, "baseHeight": 0.0}, "geometry": {"type": "Polygon", "coordinates": [[[-82.63438, 27.75372], [-82.63362, 27.75372], [-82.63362, 27.75398], [-82.63438, 27.75398], [-82.63438, 27.75372]]]}}, {"type": "Feature", "properties": {"height": 6.1, "baseHeight": 0.0}, "geometry": {"type": "Polygon", "coordinates": [[[-82.63278, 27.7535533], [-82.63202, 27.7535533], [-82.63202, 27.7536467], [-82.63278, 27.7536467], [-82.63278, 27.7535533]]]}}, {"type": "Feature", "properties": {"height": 6.4, "baseHeight": 0.0}, "geometry": {"type": "Polygon", "coordinates": [[[-82.63278, 27.7538867], [-82.63202, 27.7538867], [-82.63202, 27.75398], [-82.63278, 27.75398], [-82.63278, 27.7538867]]]}}, {"type": "Feature", "properties": {"height": 11.5, "baseHeight": 0.0}, "geometry": {"type": "Polygon", "coordinates": [[[-82.62958, 27.75322], [-82.6294867, 27.75322], [-82.6294867, 27.75398], [-82.62958, 27.75398], [-82.62958, 27.75322]]]}}, {"type": "Feature", "properties": {"height": 10.8, "baseHeight": 0.0}, "geometry": {"type": "Polygon", "coordinates": [[[-82.6292467, 27.75322], [-82.6291533, 27.75322], [-82.6291533, 27.75398], [-82.6292467, 27.75398], [-82.6292467, 27.75322]]]}}, {"type": "Feature", "properties": {"height": 9.4, "baseHeight": 0.0}, "geometry": {"type": "Polygon", "coordinates": [[[-82.62798, 27.75322], [-82.62772, 27.75322], [-82.62772, 27.7533133], [-82.62798, 27.7533133], [-82.62798, 27.75322]]]}}, {"type": "Feature", "properties": {"height": 7.8, "baseHeight": 0.0}, "geometry": {"type": "Polygon", "coordinates": [[[-82.62798, 27.7535533], [-82.62772, 27.7535533], [-82.62772, 27.7536467], [-82.62798, 27.7536467], [-82.62798, 27.7535533]]]}}, {"type": "Feature", "properties": {"height": 5.6, "baseHeight": 0.0}, "geometry": {"type": "Polygon", "coordinates": [[[-82.62798, 27.7538867], [-82.62772, 27.7538867], [-82.62772, 27.75398], [-82.62798, 27.75398], [-82.62798, 27.7538867]]]}}, {"type": "Feature", "properties": {"height": 8.2, "baseHeight": 0.0}, "geometry": {"type": "Polygon", "coordinates": [[[-82.62638, 27.75322], [-82.62562, 27.75322], [-82.62562, 27.75348], [-82.62638, 27.75348], [-82.62638, 27.75322]]]}}, {"type": "Feature", "properties": {"height": 11.0, "baseHeight": 0.0}, "geometry": {"type": "Polygon", "coordinates": [[[-82.62638, 27.75372], [-82.62562, 27.75372], [-82.62562, 27.75398], [-82.62638, 27.75398], [-82.62638, 27.75372]]]}}, {"type": "Feature", "properties": {"height": 9.1, "baseHeight": 0.0}, "geometry": {"type": "Polygon", "coordinates": [[[-82.62478, 27.75322], [-82.62452, 27.75322], [-82.62452, 27.75348], [-82.62478, 27.75348], [-82.62478, 27.75322]]]}}, {"type": "Feature", "properties": {"height": 11.7, "baseHeight": 0.0}, "geometry": {"type": "Polygon", "coordinates": [[[-82.62478, 27.75372], [-82.62452, 27.75372], [-82.62452, 27.75398], [-82.62478, 27.75398], [-82.62478, 27.75372]]]}}, {"type": "Feature", "properties": {"height": 6.9, "baseHeight": 0.0}, "geometry": {"type": "Polygon", "coordinates": [[[-82.62428, 27.75372], [-82.62402, 27.75372], [-82.62402, 27.75398], [-82.62428, 27.75398], [-82.62428, 27.75372]]]}}, {"type": "Feature", "properties": {"height": 11.1, "baseHeight": 0.0}, "geometry": {"type": "Polygon", "coordinates": [[[-82.62318, 27.75322], [-82.62292, 27.75322], [-82.62292, 27.7533133], [-82.62318, 27.7533133], [-82.62318, 27.75322]]]}}, {"type": "Feature", "properties": {"height": 10.8, "baseHeight": 0.0}, "geometry": {"type": "Polygon", "coordinates": [[[-82.62318, 27.7535533], [-82.62292, 27.7535533], [-82.62292, 27.7536467], [-82.62318, 27.7536467], [-82.62318, 27.7535533]]]}}, {"type": "Feature", "properties": {"height": 9.3, "baseHeight": 0.0}, "geometry": {"type": "Polygon", "coordinates": [[[-82.62318, 27.7538867], [-82.62292, 27.7538867], [-82.62292, 27.75398], [-82.62318, 27.75398], [-82.62318, 27.7538867]]]}}, {"type": "Feature", "properties": {"height": 7.0, "baseHeight": 0.0}, "geometry": {"type": "Polygon", "coordinates": [[[-82.62268, 27.75322], [-82.62242, 27.75322], [-82.62242, 27.7533133], [-82.62268, 27.7533133], [-82.62268, 27.75322]]]}}, {"type": "Feature", "properties": {"height": 7.4, "baseHeight": 0.0}, "geometry": {"type": "Polygon", "coordinates": [[[-82.62268, 27.7535533], [-82.62242, 27.7535533], [-82.62242, 27.7536467], [-82.62268, 27.7536467], [-82.62268, 27.7535533]]]}}, {"type": "Feature", "properties": {"height": 11.1, "baseHeight": 0.0}, "geometry": {"type": "Polygon", "coordinates": [[[-82.62268, 27.7538867], [-82.62242, 27.7538867], [-82.62242, 27.75398], [-82.62268, 27.75398], [-82.62268, 27.7538867]]]}}, {"type": "Feature", "properties": {"height": 6.2, "baseHeight": 0.0}, "geometry": {"type": "Polygon", "coordinates": [[[-82.61838, 27.75322], [-82.61762, 27.75322], [-82.61762, 27.75398], [-82.61838, 27.75398], [-82.61838, 27.75322]]]}}, {"type": "Feature", "properties": {"height": 11.7, "baseHeight": 0.0}, "geometry": {"type": "Polygon", "coordinates": [[[-82.61198, 27.75322], [-82.61122, 27.75322], [-82.61122, 27.7533133], [-82.61198, 27.7533133], [-82.61198, 27.75322]]]}}, {"type": "Feature", "properties": {"height": 7.6, "baseHeight": 0.0}, "geometry": {"type": "Polygon", "coordinates": [[[-82.61198, 27.7535533], [-82.61122, 27.7535533], [-82.61122, 27.7536467], [-82.61198, 27.7536467], [-82.61198, 27.7535533]]]}}, {"type": "Feature", "properties": {"height": 9.9, "baseHeight": 0.0}, "geometry": {"type": "Polygon", "coordinates": [[[-82.61198, 27.7538867], [-82.61122, 27.7538867], [-82.61122, 27.75398], [-82.61198, 27.75398], [-82.61198, 27.7538867]]]}}, {"type": "Feature", "properties": {"height": 10.5, "baseHeight": 0.0}, "geometry": {"type": "Polygon", "coordinates": [[[-82.66638, 27.75482], [-82.66562, 27.75482], [-82.66562, 27.75558], [-82.66638, 27.75558], [-82.66638, 27.75482]]]}}, {"type": "Feature", "properties": {"height": 11.0, "baseHeight": 0.0}, "geometry": {"type": "Polygon", "coordinates": [[[-82.66478, 27.75482], [-82.66402, 27.75482], [-82.66402, 27.75558], [-82.66478, 27.75558], [-82.66478, 27.75482]]]}}, {"type": "Feature", "properties": {"height": 10.3, "baseHeight": 0.0}, "geometry": {"type": "Polygon", "coordinates": [[[-82.66158, 27.75482], [-82.6614867, 27.75482], [-82.6614867, 27.7549133], [-82.66158, 27.7549133], [-82.66158, 27.75482]]]}}, {"type": "Feature", "properties": {"height": 8.7, "baseHeight": 0.0}, "geometry": {"type": "Polygon", "coordinates": [[[-82.66158, 27.7554867], [-82.6614867, 27.7554867], [-82.6614867, 27.75558], [-82.66158, 27.75558], [-82.66158, 27.7554867]]]}}, {"type": "Feature", "properties": {"height": 5.2, "baseHeight": 0.0}, "geometry": {"type": "Polygon", "coordinates": [[[-82.6612467, 27.7551533], [-82.6611533, 27.7551533], [-82.6611533, 27.7552467], [-82.6612467, 27.7552467], [-82.6612467, 27.7551533]]]}}, {"type": "Feature", "properties": {"height": 5.0, "baseHeight": 0.0}, "geometry": {"type": "Polygon", "coordinates": [[[-82.6612467, 27.7554867], [-82.6611533, 27.7554867], [-82.6611533, 27.75558], [-82.6612467, 27.75558], [-82.6612467, 27.7554867]]]}}, {"type": "Feature", "properties": {"height": 11.6, "baseHeight": 0.0}, "geometry": {"type": "Polygon", "coordinates": [[[-82.6609133, 27.75482], [-82.66082, 27.75482], [-82.66082, 27.7549133], [-82.6609133, 27.7549133], [-82.6609133, 27.75482]]]}}, {"type": "Feature", "properties": {"height": 11.7, "baseHeight": 0.0}, "geometry": {"type": "Polygon", "coordinates": [[[-82.6609133, 27.7551533], [-82.66082, 27.7551533], [-82.66082, 27.7552467], [-82.6609133, 27.7552467], [-82.6609133, 27.7551533]]]}}, {"type": "Feature", "properties": {"height": 9.8, "baseHeight": 0.0}, "geometry": {"type": "Polygon", "coordinates": [[[-82.6609133, 27.7554867], [-82.66082, 27.7554867], [-82.66082, 27.75558], [-82.6609133, 27.75558], [-82.6609133, 27.7554867]]]}}, {"type": "Feature", "properties": {"height": 9.2, "baseHeight": 0.0}, "geometry": {"type": "Polygon", "coordinates": [[[-82.65998, 27.75482], [-82.65972, 27.75482], [-82.65972, 27.75508], [-82.65998, 27.75508], [-82.65998, 27.75482]]]}}, {"type": "Feature", "properties": {"height": 10.3, "baseHeight": 0.0}, "geometry": {"type": "Polygon", "coordinates": [[[-82.65998, 27.75532], [-82.65972, 27.75532], [-82.65972, 27.75558], [-82.65998, 27.75558], [-82.65998, 27.75532]]]}}, {"type": "Feature", "properties": {"height": 10.0, "baseHeight": 0.0}, "geometry": {"type": "Polygon", "coordinates": [[[-82.65948, 27.75482], [-82.65922, 27.75482], [-82.65922, 27.75508], [-82.65948, 27.75508], [-82.65948, 27.75482]]]}}, {"type": "Feature", "properties": {"height": 6.3, "baseHeight": 0.0}, "geometry": {"type": "Polygon", "coordinates": [[[-82.65948, 27.75532], [-82.65922, 27.75532], [-82.65922, 27.75558], [-82.65948, 27.75558], [-82.65948, 27.75532]]]}}, {"type": "Feature", "properties": {"height": 7.7, "baseHeight": 0.0}, "geometry": {"type": "Polygon", "coordinates": [[[-82.65838, 27.75482], [-82.6582867, 27.75482], [-82.6582867, 27.75558], [-82.65838, 27.75558], [-82.65838, 27.75482]]]}}, {"type": "Feature", "properties": {"height": 10.1, "baseHeight": 0.0}, "geometry": {"type": "Polygon", "coordinates": [[[-82.6580467, 27.75482], [-82.6579533, 27.75482], [-82.6579533, 27.75558], [-82.6580467, 27.75558], [-82.6580467, 27.75482]]]}}, {"type": "Feature", "properties": {"height": 8.5, "baseHeight": 0.0}, "geometry": {"type": "Polygon", "coordinates": [[[-82.6545133, 27.75482], [-82.65442, 27.75482], [-82.65442, 27.75558], [-82.6545133, 27.75558], [-82.6545133, 27.75482]]]}}, {"type": "Feature", "properties": {"height": 5.4, "baseHeight": 0.0}, "geometry": {"type": "Polygon", "coordinates": [[[-82.65358, 27.75482], [-82.65332, 27.75482], [-82.65332, 27.75558], [-82.65358, 27.75558], [-82.65358, 27.75482]]]}}, {"type": "Feature", "properties": {"height": 8.7, "baseHeight": 0.0}, "geometry": {"type": "Polygon", "coordinates": [[[-82.65308, 27.75482], [-82.65282, 27.75482], [-82.65282, 27.75558], [-82.65308, 27.75558], [-82.65308, 27.75482]]]}}, {"type": "Feature", "properties": {"height": 10.4, "baseHeight": 0.0}, "geometry": {"type": "Polygon", "coordinates": [[[-82.65198, 27.75482], [-82.6518867, 27.75482], [-82.6518867, 27.75558], [-82.65198, 27.75558], [-82.65198, 27.75482]]]}}, {"type": "Feature", "properties": {"height": 7.9, "baseHeight": 0.0}, "geometry": {"type": "Polygon", "coordinates": [[[-82.6516467, 27.75482], [-82.6515533, 27.75482], [-82.6515533, 27.75558], [-82.6516467, 27.75558], [-82.6516467, 27.75482]]]}}, {"type": "Feature", "properties": {"height": 6.1, "baseHeight": 0.0}, "geometry": {"type": "Polygon", "coordinates": [[[-82.6513133, 27.75482], [-82.65122, 27.75482], [-82.65122, 27.75558], [-82.6513133, 27.75558], [-82.6513133, 27.75482]]]}}, {"type": "Feature", "properties": {"height": 7.8, "baseHeight": 0.0}, "geometry": {"type": "Polygon", "coordinates": [[[-82.65038, 27.75482], [-82.64962, 27.75482], [-82.64962, 27.75508], [-82.65038, 27.75508], [-82.65038, 27.75482]]]}}, {"type": "Feature", "properties": {"height": 8.1, "baseHeight": 0.0}, "geometry": {"type": "Polygon", "coordinates": [[[-82.65038, 27.75532], [-82.64962, 27.75532], [-82.64962, 27.75558], [-82.65038, 27.75558], [-82.65038, 27.75532]]]}}, {"type": "Feature", "properties": {"height": 6.3, "baseHeight": 0.0}, "geometry": {"type": "Polygon", "coordinates": [[[-82.64878, 27.75482], [-82.64852, 27.75482], [-82.64852, 27.75508], [-82.64878, 27.75508], [-82.64878, 27.75482]]]}}, {"type": "Feature", "properties": {"height": 5.1, "baseHeight": 0.0}, "geometry": {"type": "Polygon", "coordinates": [[[-82.64878, 27.75532], [-82.64852, 27.75532], [-82.64852, 27.75558], [-82.64878, 27.75558], [-82.64878, 27.75532]]]}}, {"type": "Feature", "properties": {"height": 6.0, "baseHeight": 0.0}, "geometry": {"type": "Polygon", "coordinates": [[[-82.64828, 27.75482], [-82.64802, 27.75482], [-82.64802, 27.75508], [-82.64828, 27.75508], [-82.64828, 27.75482]]]}}, {"type": "Feature", "properties": {"height": 7.1, "baseHeight": 0.0}, "geometry": {"type": "Polygon", "coordinates": [[[-82.64828, 27.75532], [-82.64802, 27.75532], [-82.64802, 27.75558], [-82.64828, 27.75558], [-82.64828, 27.75532]]]}}, {"type": "Feature", "properties": {"height": 10.6, "baseHeight": 0.0}, "geometry": {"type": "Polygon", "coordinates": [[[-82.64718, 27.75482], [-82.64692, 27.75482], [-82.64692, 27.75558], [-82.64718, 27.75558], [-82.64718, 27.75482]]]}}, {"type": "Feature", "properties": {"height": 10.9, "baseHeight": 0.0}, "geometry": {"type": "Polygon", "coordinates": [[[-82.64668, 27.75482], [-82.64642, 27.75482], [-82.64642, 27.75558], [-82.64668, 27.75558], [-82.64668, 27.75482]]]}}, {"type": "Feature", "properties": {"height": 16.2, "baseHeight": 0.0}, "geometry": {"type": "Polygon", "coordinates": [[[-82.64508, 27.75482], [-82.64482, 27.75482], [-82.64482, 27.75558], [-82.64508, 27.75558], [-82.64508, 27.75482]]]}}, {"type": "Feature", "properties": {"height": 47.0, "baseHeight": 0.0}, "geometry": {"type": "Polygon", "coordinates": [[[-82.64398, 27.75482], [-82.64372, 27.75482], [-82.64372, 27.75558], [-82.64398, 27.75558], [-82.64398, 27.75482]]]}}, {"type": "Feature", "properties": {"height": 13.0, "baseHeight": 0.0}, "geometry": {"type": "Polygon", "coordinates": [[[-82.64238, 27.75482], [-82.64162, 27.75482], [-82.64162, 27.75508], [-82.64238, 27.75508], [-82.64238, 27.75482]]]}}, {"type": "Feature", "properties": {"height": 18.8, "baseHeight": 0.0}, "geometry": {"type": "Polygon", "coordinates": [[[-82.64238, 27.75532], [-82.64162, 27.75532], [-82.64162, 27.75558], [-82.64238, 27.75558], [-82.64238, 27.75532]]]}}, {"type": "Feature", "properties": {"height": 20.9, "baseHeight": 0.0}, "geometry": {"type": "Polygon", "coordinates": [[[-82.63758, 27.75482], [-82.63732, 27.75482], [-82.63732, 27.7549133], [-82.63758, 27.7549133], [-82.63758, 27.75482]]]}}, {"type": "Feature", "properties": {"height": 23.4, "baseHeight": 0.0}, "geometry": {"type": "Polygon", "coordinates": [[[-82.63758, 27.7551533], [-82.63732, 27.7551533], [-82.63732, 27.7552467], [-82.63758, 27.7552467], [-82.63758, 27.7551533]]]}}, {"type": "Feature", "properties": {"height": 25.8, "baseHeight": 0.0}, "geometry": {"type": "Polygon", "coordinates": [[[-82.63758, 27.7554867], [-82.63732, 27.7554867], [-82.63732, 27.75558], [-82.63758, 27.75558], [-82.63758, 27.7554867]]]}}, {"type": "Feature", "properties": {"height": 10.6, "baseHeight": 0.0}, "geometry": {"type": "Polygon", "coordinates": [[[-82.63708, 27.75482], [-82.63682, 27.75482], [-82.63682, 27.7549133], [-82.63708, 27.7549133], [-82.63708, 27.75482]]]}}, {"type": "Feature", "properties": {"height": 27.2, "baseHeight": 0.0}, "geometry": {"type": "Polygon", "coordinates": [[[-82.63708, 27.7551533], [-82.63682, 27.7551533], [-82.63682, 27.7552467], [-82.63708, 27.7552467], [-82.63708, 27.7551533]]]}}, {"type": "Feature", "properties": {"height": 25.9, "baseHeight": 0.0}, "geometry": {"type": "Polygon", "coordinates": [[[-82.63708, 27.7554867], [-82.63682, 27.7554867], [-82.63682, 27.75558], [-82.63708, 27.75558], [-82.63708, 27.7554867]]]}}, {"type": "Feature", "properties": {"height": 43.5, "baseHeight": 0.0}, "geometry": {"type": "Polygon", "coordinates": [[[-82.63438, 27.75482], [-82.63412, 27.75482], [-82.63412, 27.75558], [-82.63438, 27.75558], [-82.63438, 27.75482]]]}}, {"type": "Feature", "properties": {"height": 29.0, "baseHeight": 0.0}, "geometry": {"type": "Polygon", "coordinates": [[[-82.63278, 27.75482], [-82.63202, 27.75482], [-82.63202, 27.7549133], [-82.63278, 27.7549133], [-82.63278, 27.75482]]]}}, {"type": "Feature", "properties": {"height": 19.9, "baseHeight": 0.0}, "geometry": {"type": "Polygon", "coordinates": [[[-82.63278, 27.7551533], [-82.63202, 27.7551533], [-82.63202, 27.7552467], [-82.63278, 27.7552467], [-82.63278, 27.7551533]]]}}, {"type": "Feature", "properties": {"height": 27.5, "baseHeight": 0.0}, "geometry": {"type": "Polygon", "coordinates": [[[-82.63278, 27.7554867], [-82.63202, 27.7554867], [-82.63202, 27.75558], [-82.63278, 27.75558], [-82.63278, 27.7554867]]]}}, {"type": "Feature", "properties": {"height": 25.0, "baseHeight": 0.0}, "geometry": {"type": "Polygon", "coordinates": [[[-82.62958, 27.75482], [-82.6294867, 27.75482], [-82.6294867, 27.75508], [-82.62958, 27.75508], [-82.62958, 27.75482]]]}}, {"type": "Feature", "properties": {"height": 11.8, "baseHeight": 0.0}, "geometry": {"type": "Polygon", "coordinates": [[[-82.62958, 27.75532], [-82.6294867, 27.75532], [-82.6294867, 27.75558], [-82.62958, 27.75558], [-82.62958, 27.75532]]]}}, {"type": "Feature", "properties": {"height": 29.3, "baseHeight": 0.0}, "geometry": {"type": "Polygon", "coordinates": [[[-82.6292467, 27.75482], [-82.6291533, 27.75482], [-82.6291533, 27.75508], [-82.6292467, 27.75508], [-82.6292467, 27.75482]]]}}, {"type": "Feature", "properties": {"height": 21.8, "baseHeight": 0.0}, "geometry": {"type": "Polygon", "coordinates": [[[-82.6292467, 27.75532], [-82.6291533, 27.75532], [-82.6291533, 27.75558], [-82.6292467, 27.75558], [-82.6292467, 27.75532]]]}}, {"type": "Feature", "properties": {"height": 31.7, "baseHeight": 0.0}, "geometry": {"type": "Polygon", "coordinates": [[[-82.6289133, 27.75482], [-82.62882, 27.75482], [-82.62882, 27.75508], [-82.6289133, 27.75508], [-82.6289133, 27.75482]]]}}, {"type": "Feature", "properties": {"height": 24.2, "baseHeight": 0.0}, "geometry": {"type": "Polygon", "coordinates": [[[-82.6289133, 27.75532], [-82.62882, 27.75532], [-82.62882, 27.75558], [-82.6289133, 27.75558], [-82.6289133, 27.75532]]]}}, {"type": "Feature", "properties": {"height": 8.0, "baseHeight": 0.0}, "geometry": {"type": "Polygon", "coordinates": [[[-82.62798, 27.75482], [-82.62772, 27.75482], [-82.62772, 27.75508], [-82.62798, 27.75508], [-82.62798, 27.75482]]]}}, {"type": "Feature", "properties": {"height": 9.8, "baseHeight": 0.0}, "geometry": {"type": "Polygon", "coordinates": [[[-82.62798, 27.75532], [-82.62772, 27.75532], [-82.62772, 27.75558], [-82.62798, 27.75558], [-82.62798, 27.75532]]]}}, {"type": "Feature", "properties": {"height": 5.9, "baseHeight": 0.0}, "geometry": {"type": "Polygon", "coordinates": [[[-82.62748, 27.75532], [-82.62722, 27.75532], [-82.62722, 27.75558], [-82.62748, 27.75558], [-82.62748, 27.75532]]]}}, {"type": "Feature", "properties": {"height": 11.6, "baseHeight": 0.0}, "geometry": {"type": "Polygon", "coordinates": [[[-82.62478, 27.75482], [-82.6246867, 27.75482], [-82.6246867, 27.75508], [-82.62478, 27.75508], [-82.62478, 27.75482]]]}}, {"type": "Feature", "properties": {"height": 5.7, "baseHeight": 0.0}, "geometry": {"type": "Polygon", "coordinates": [[[-82.62478, 27.75532], [-82.6246867, 27.75532], [-82.6246867, 27.75558], [-82.62478, 27.75558], [-82.62478, 27.75532]]]}}, {"type": "Feature", "properties": {"height": 6.3, "baseHeight": 0.0}, "geometry": {"type": "Polygon", "coordinates": [[[-82.6244467, 27.75482], [-82.6243533, 27.75482], [-82.6243533, 27.75508], [-82.6244467, 27.75508], [-82.6244467, 27.75482]]]}}, {"type": "Feature", "properties": {"height": 10.6, "baseHeight": 0.0}, "geometry": {"type": "Polygon", "coordinates": [[[-82.6244467, 27.75532], [-82.6243533, 27.75532], [-82.6243533, 27.75558], [-82.6244467, 27.75558], [-82.6244467, 27.75532]]]}}, {"type": "Feature", "properties": {"height": 6.0, "baseHeight": 0.0}, "geometry": {"type": "Polygon", "coordinates": [[[-82.6241133, 27.75482], [-82.62402, 27.75482], [-82.62402, 27.75508], [-82.6241133, 27.75508], [-82.6241133, 27.75482]]]}}, {"type": "Feature", "properties": {"height": 11.5, "baseHeight": 0.0}, "geometry": {"type": "Polygon", "coordinates": [[[-82.62318, 27.75482], [-82.62292, 27.75482], [-82.62292, 27.75508], [-82.62318, 27.75508], [-82.62318, 27.75482]]]}}, {"type": "Feature", "properties": {"height": 7.5, "baseHeight": 0.0}, "geometry": {"type": "Polygon", "coordinates": [[[-82.62318, 27.75532], [-82.62292, 27.75532], [-82.62292, 27.75558], [-82.62318, 27.75558], [-82.62318, 27.75532]]]}}, {"type": "Feature", "properties": {"height": 5.6, "baseHeight": 0.0}, "geometry": {"type": "Polygon", "coordinates": [[[-82.62268, 27.75482], [-82.62242, 27.75482], [-82.62242, 27.75508], [-82.62268, 27.75508], [-82.62268, 27.75482]]]}}, {"type": "Feature", "properties": {"height": 9.0, "baseHeight": 0.0}, "geometry": {"type": "Polygon", "coordinates": [[[-82.62268, 27.75532], [-82.62242, 27.75532], [-82.62242, 27.75558], [-82.62268, 27.75558], [-82.62268, 27.75532]]]}}, {"type": "Feature", "properties": {"height": 5.5, "baseHeight": 0.0}, "geometry": {"type": "Polygon", "coordinates": [[[-82.61838, 27.75482], [-82.61762, 27.75482], [-82.61762, 27.7549133], [-82.61838, 27.7549133], [-82.61838, 27.75482]]]}}, {"type": "Feature", "properties": {"height": 5.9, "baseHeight": 0.0}, "geometry": {"type": "Polygon", "coordinates": [[[-82.61838, 27.7551533], [-82.61762, 27.7551533], [-82.61762, 27.7552467], [-82.61838, 27.7552467], [-82.61838, 27.7551533]]]}}, {"type": "Feature", "properties": {"height": 6.7, "baseHeight": 0.0}, "geometry": {"type": "Polygon", "coordinates": [[[-82.61678, 27.75482], [-82.61602, 27.75482], [-82.61602, 27.75558], [-82.61678, 27.75558], [-82.61678, 27.75482]]]}}, {"type": "Feature", "properties": {"height": 7.0, "baseHeight": 0.0}, "geometry": {"type": "Polygon", "coordinates": [[[-82.61468, 27.75482], [-82.61442, 27.75482], [-82.61442, 27.75558], [-82.61468, 27.75558], [-82.61468, 27.75482]]]}}, {"type": "Feature", "properties": {"height": 5.0, "baseHeight": 0.0}, "geometry": {"type": "Polygon", "coordinates": [[[-82.61358, 27.75482], [-82.6134867, 27.75482], [-82.6134867, 27.75558], [-82.61358, 27.75558], [-82.61358, 27.75482]]]}}, {"type": "Feature", "properties": {"height": 7.7, "baseHeight": 0.0}, "geometry": {"type": "Polygon", "coordinates": [[[-82.6132467, 27.75482], [-82.6131533, 27.75482], [-82.6131533, 27.75558], [-82.6132467, 27.75558], [-82.6132467, 27.75482]]]}}, {"type": "Feature", "properties": {"height": 7.0, "baseHeight": 0.0}, "geometry": {"type": "Polygon", "coordinates": [[[-82.61198, 27.75482], [-82.61172, 27.75482], [-82.61172, 27.75558], [-82.61198, 27.75558], [-82.61198, 27.75482]]]}}, {"type": "Feature", "properties": {"height": 9.5, "baseHeight": 0.0}, "geometry": {"type": "Polygon", "coordinates": [[[-82.61148, 27.75482], [-82.61122, 27.75482], [-82.61122, 27.75558], [-82.61148, 27.75558], [-82.61148, 27.75482]]]}}, {"type": "Feature", "properties": {"height": 11.0, "baseHeight": 0.0}, "geometry": {"type": "Polygon", "coordinates": [[[-82.66958, 27.75642], [-82.6694867, 27.75642], [-82.6694867, 27.75718], [-82.66958, 27.75718], [-82.66958, 27.75642]]]}}, {"type": "Feature", "properties": {"height": 6.6, "baseHeight": 0.0}, "geometry": {"type": "Polygon", "coordinates": [[[-82.6692467, 27.75642], [-82.6691533, 27.75642], [-82.6691533, 27.75718], [-82.6692467, 27.75718], [-82.6692467, 27.75642]]]}}, {"type": "Feature", "properties": {"height": 6.6, "baseHeight": 0.0}, "geometry": {"type": "Polygon", "coordinates": [[[-82.6689133, 27.75642], [-82.66882, 27.75642], [-82.66882, 27.75718], [-82.6689133, 27.75718], [-82.6689133, 27.75642]]]}}, {"type": "Feature", "properties": {"height": 6.5, "baseHeight": 0.0}, "geometry": {"type": "Polygon", "coordinates": [[[-82.66638, 27.75642], [-82.66612, 27.75642], [-82.66612, 27.75668], [-82.66638, 27.75668], [-82.66638, 27.75642]]]}}, {"type": "Feature", "properties": {"height": 5.3, "baseHeight": 0.0}, "geometry": {"type": "Polygon", "coordinates": [[[-82.66638, 27.75692], [-82.66612, 27.75692], [-82.66612, 27.75718], [-82.66638, 27.75718], [-82.66638, 27.75692]]]}}, {"type": "Feature", "properties": {"height": 11.3, "baseHeight": 0.0}, "geometry": {"type": "Polygon", "coordinates": [[[-82.66588, 27.75642], [-82.66562, 27.75642], [-82.66562, 27.75668], [-82.66588, 27.75668], [-82.66588, 27.75642]]]}}, {"type": "Feature", "properties": {"height": 10.1, "baseHeight": 0.0}, "geometry": {"type": "Polygon", "coordinates": [[[-82.66588, 27.75692], [-82.66562, 27.75692], [-82.66562, 27.75718], [-82.66588, 27.75718], [-82.66588, 27.75692]]]}}, {"type": "Feature", "properties": {"height": 7.0, "baseHeight": 0.0}, "geometry": {"type": "Polygon", "coordinates": [[[-82.66318, 27.75692], [-82.66242, 27.75692], [-82.66242, 27.75718], [-82.66318, 27.75718], [-82.66318, 27.75692]]]}}, {"type": "Feature", "properties": {"height": 6.3, "baseHeight": 0.0}, "geometry": {"type": "Polygon", "coordinates": [[[-82.66158, 27.75642], [-82.6614867, 27.75642], [-82.6614867, 27.7565133], [-82.66158, 27.7565133], [-82.66158, 27.75642]]]}}, {"type": "Feature", "properties": {"height": 11.1, "baseHeight": 0.0}, "geometry": {"type": "Polygon", "coordinates": [[[-82.66158, 27.7567533], [-82.6614867, 27.7567533], [-82.6614867, 27.7568467], [-82.66158, 27.7568467], [-82.66158, 27.7567533]]]}}, {"type": "Feature", "properties": {"height": 8.0, "baseHeight": 0.0}, "geometry": {"type": "Polygon", "coordinates": [[[-82.66158, 27.7570867], [-82.6614867, 27.7570867], [-82.6614867, 27.75718], [-82.66158, 27.75718], [-82.66158, 27.7570867]]]}}, {"type": "Feature", "properties": {"height": 11.9, "baseHeight": 0.0}, "geometry": {"type": "Polygon", "coordinates": [[[-82.6612467, 27.75642], [-82.6611533, 27.75642], [-82.6611533, 27.7565133], [-82.6612467, 27.7565133], [-82.6612467, 27.75642]]]}}, {"type": "Feature", "properties": {"height": 5.7, "baseHeight": 0.0}, "geometry": {"type": "Polygon", "coordinates": [[[-82.6612467, 27.7567533], [-82.6611533, 27.7567533], [-82.6611533, 27.7568467], [-82.6612467, 27.7568467], [-82.6612467, 27.7567533]]]}}, {"type": "Feature", "properties": {"height": 10.8, "baseHeight": 0.0}, "geometry": {"type": "Polygon", "coordinates": [[[-82.6609133, 27.7567533], [-82.66082, 27.7567533], [-82.66082, 27.7568467], [-82.6609133, 27.7568467], [-82.6609133, 27.7567533]]]}}, {"type": "Feature", "properties": {"height": 6.3, "baseHeight": 0.0}, "geometry": {"type": "Polygon", "coordinates": [[[-82.65998, 27.75642], [-82.65972, 27.75642], [-82.65972, 27.75718], [-82.65998, 27.75718], [-82.65998, 27.75642]]]}}, {"type": "Feature", "properties": {"height": 9.4, "baseHeight": 0.0}, "geometry": {"type": "Polygon", "coordinates": [[[-82.65948, 27.75642], [-82.65922, 27.75642], [-82.65922, 27.75718], [-82.65948, 27.75718], [-82.65948, 27.75642]]]}}, {"type": "Feature", "properties": {"height": 11.9, "baseHeight": 0.0}, "geometry": {"type": "Polygon", "coordinates": [[[-82.65838, 27.7567533], [-82.6582867, 27.7567533], [-82.6582867, 27.7568467], [-82.65838, 27.7568467], [-82.65838, 27.7567533]]]}}, {"type": "Feature", "properties": {"height": 5.6, "baseHeight": 0.0}, "geometry": {"type": "Polygon", "coordinates": [[[-82.65838, 27.7570867], [-82.6582867, 27.7570867], [-82.6582867, 27.75718], [-82.65838, 27.75718], [-82.65838, 27.7570867]]]}}, {"type": "Feature", "properties": {"height": 11.4, "baseHeight": 0.0}, "geometry": {"type": "Polygon", "coordinates": [[[-82.6580467, 27.7567533], [-82.6579533, 27.7567533], [-82.6579533, 27.7568467], [-82.6580467, 27.7568467], [-82.6580467, 27.7567533]]]}}, {"type": "Feature", "properties": {"height": 8.6, "baseHeight": 0.0}, "geometry": {"type": "Polygon", "coordinates": [[[-82.6580467, 27.7570867], [-82.6579533, 27.7570867], [-82.6579533, 27.75718], [-82.6580467, 27.75718], [-82.6580467, 27.7570867]]]}}, {"type": "Feature", "properties": {"height": 11.4, "baseHeight": 0.0}, "geometry": {"type": "Polygon", "coordinates": [[[-82.6577133, 27.7567533], [-82.65762, 27.7567533], [-82.65762, 27.7568467], [-82.6577133, 27.7568467], [-82.6577133, 27.7567533]]]}}, {"type": "Feature", "properties": {"height": 5.4, "baseHeight": 0.0}, "geometry": {"type": "Polygon", "coordinates": [[[-82.6577133, 27.7570867], [-82.65762, 27.7570867], [-82.65762, 27.75718], [-82.6577133, 27.75718], [-82.6577133, 27.7570867]]]}}, {"type": "Feature", "properties": {"height": 11.4, "baseHeight": 0.0}, "geometry": {"type": "Polygon", "coordinates": [[[-82.65678, 27.75642], [-82.65652, 27.75642], [-82.65652, 27.75668], [-82.65678, 27.75668], [-82.65678, 27.75642]]]}}, {"type": "Feature", "properties": {"height": 10.9, "baseHeight": 0.0}, "geometry": {"type": "Polygon", "coordinates": [[[-82.65678, 27.75692], [-82.65652, 27.75692], [-82.65652, 27.75718], [-82.65678, 27.75718], [-82.65678, 27.75692]]]}}, {"type": "Feature", "properties": {"height": 10.7, "baseHeight": 0.0}, "geometry": {"type": "Polygon", "coordinates": [[[-82.65628, 27.75642], [-82.65602, 27.75642], [-82.65602, 27.75668], [-82.65628, 27.75668], [-82.65628, 27.75642]]]}}, {"type": "Feature", "properties": {"height": 7.6, "baseHeight": 0.0}, "geometry": {"type": "Polygon", "coordinates": [[[-82.65038, 27.75692], [-82.64962, 27.75692], [-82.64962, 27.75718], [-82.65038, 27.75718], [-82.65038, 27.75692]]]}}, {"type": "Feature", "properties": {"height": 14.0, "baseHeight": 0.0}, "geometry": {"type": "Polygon", "coordinates": [[[-82.64668, 27.75642], [-82.64642, 27.75642], [-82.64642, 27.75718], [-82.64668, 27.75718], [-82.64668, 27.75642]]]}}, {"type": "Feature", "properties": {"height": 16.6, "baseHeight": 0.0}, "geometry": {"type": "Polygon", "coordinates": [[[-82.64558, 27.75642], [-82.64482, 27.75642], [-82.64482, 27.75668], [-82.64558, 27.75668], [-82.64558, 27.75642]]]}}, {"type": "Feature", "properties": {"height": 28.7, "baseHeight": 0.0}, "geometry": {"type": "Polygon", "coordinates": [[[-82.64558, 27.75692], [-82.64482, 27.75692], [-82.64482, 27.75718], [-82.64558, 27.75718], [-82.64558, 27.75692]]]}}, {"type": "Feature", "properties": {"height": 18.2, "baseHeight": 0.0}, "geometry": {"type": "Polygon", "coordinates": [[[-82.64238, 27.75642], [-82.64162, 27.75642], [-82.64162, 27.75668], [-82.64238, 27.75668], [-82.64238, 27.75642]]]}}, {"type": "Feature", "properties": {"height": 23.3, "baseHeight": 0.0}, "geometry": {"type": "Polygon", "coordinates": [[[-82.64238, 27.75692], [-82.64162, 27.75692], [-82.64162, 27.75718], [-82.64238, 27.75718], [-82.64238, 27.75692]]]}}, {"type": "Feature", "properties": {"height": 26.4, "baseHeight": 0.0}, "geometry": {"type": "Polygon", "coordinates": [[[-82.64078, 27.75642], [-82.64052, 27.75642], [-82.64052, 27.75668], [-82.64078, 27.75668], [-82.64078, 27.75642]]]}}, {"type": "Feature", "properties": {"height": 14.1, "baseHeight": 0.0}, "geometry": {"type": "Polygon", "coordinates": [[[-82.64078, 27.75692], [-82.64052, 27.75692], [-82.64052, 27.75718], [-82.64078, 27.75718], [-82.64078, 27.75692]]]}}, {"type": "Feature", "properties": {"height": 14.1, "baseHeight": 0.0}, "geometry": {"type": "Polygon", "coordinates": [[[-82.64028, 27.75642], [-82.64002, 27.75642], [-82.64002, 27.75668], [-82.64028, 27.75668], [-82.64028, 27.75642]]]}}, {"type": "Feature", "properties": {"height": 16.4, "baseHeight": 0.0}, "geometry": {"type": "Polygon", "coordinates": [[[-82.64028, 27.75692], [-82.64002, 27.75692], [-82.64002, 27.75718], [-82.64028, 27.75718], [-82.64028, 27.75692]]]}}, {"type": "Feature", "properties": {"height": 32.8, "baseHeight": 0.0}, "geometry": {"type": "Polygon", "coordinates": [[[-82.63918, 27.75642], [-82.63842, 27.75642], [-82.63842, 27.7565133], [-82.63918, 27.7565133], [-82.63918, 27.75642]]]}}, {"type": "Feature", "properties": {"height": 22.7, "baseHeight": 0.0}, "geometry": {"type": "Polygon", "coordinates": [[[-82.63918, 27.7567533], [-82.63842, 27.7567533], [-82.63842, 27.7568467], [-82.63918, 27.7568467], [-82.63918, 27.7567533]]]}}, {"type": "Feature", "properties": {"height": 16.3, "baseHeight": 0.0}, "geometry": {"type": "Polygon", "coordinates": [[[-82.63758, 27.75642], [-82.63732, 27.75642], [-82.63732, 27.75668], [-82.63758, 27.75668], [-82.63758, 27.75642]]]}}, {"type": "Feature", "properties": {"height": 30.6, "baseHeight": 0.0}, "geometry": {"type": "Polygon", "coordinates": [[[-82.63758, 27.75692], [-82.63732, 27.75692], [-82.63732, 27.75718], [-82.63758, 27.75718], [-82.63758, 27.75692]]]}}, {"type": "Feature", "properties": {"height": 23.1, "baseHeight": 0.0}, "geometry": {"type": "Polygon", "coordinates": [[[-82.63708, 27.75692], [-82.63682, 27.75692], [-82.63682, 27.75718], [-82.63708, 27.75718], [-82.63708, 27.75692]]]}}, {"type": "Feature", "properties": {"height": 33.9, "baseHeight": 0.0}, "geometry": {"type": "Polygon", "coordinates": [[[-82.63598, 27.75642], [-82.63572, 27.75642], [-82.63572, 27.75668], [-82.63598, 27.75668], [-82.63598, 27.75642]]]}}, {"type": "Feature", "properties": {"height": 11.9, "baseHeight": 0.0}, "geometry": {"type": "Polygon", "coordinates": [[[-82.63598, 27.75692], [-82.63572, 27.75692], [-82.63572, 27.75718], [-82.63598, 27.75718], [-82.63598, 27.75692]]]}}, {"type": "Feature", "properties": {"height": 21.1, "baseHeight": 0.0}, "geometry": {"type": "Polygon", "coordinates": [[[-82.63548, 27.75642], [-82.63522, 27.75642], [-82.63522, 27.75668], [-82.63548, 27.75668], [-82.63548, 27.75642]]]}}, {"type": "Feature", "properties": {"height": 19.8, "baseHeight": 0.0}, "geometry": {"type": "Polygon", "coordinates": [[[-82.63548, 27.75692], [-82.63522, 27.75692], [-82.63522, 27.75718], [-82.63548, 27.75718], [-82.63548, 27.75692]]]}}, {"type": "Feature", "properties": {"height": 10.2, "baseHeight": 0.0}, "geometry": {"type": "Polygon", "coordinates": [[[-82.63438, 27.75642], [-82.63412, 27.75642], [-82.63412, 27.75718], [-82.63438, 27.75718], [-82.63438, 27.75642]]]}}, {"type": "Feature", "properties": {"height": 18.4, "baseHeight": 0.0}, "geometry": {"type": "Polygon", "coordinates": [[[-82.63388, 27.75642], [-82.63362, 27.75642], [-82.63362, 27.75718], [-82.63388, 27.75718], [-82.63388, 27.75642]]]}}, {"type": "Feature", "properties": {"height": 21.8, "baseHeight": 0.0}, "geometry": {"type": "Polygon", "coordinates": [[[-82.63278, 27.75642], [-82.63202, 27.75642], [-82.63202, 27.7565133], [-82.63278, 27.7565133], [-82.63278, 27.75642]]]}}, {"type": "Feature", "properties": {"height": 27.6, "baseHeight": 0.0}, "geometry": {"type": "Polygon", "coordinates": [[[-82.63278, 27.7567533], [-82.63202, 27.7567533], [-82.63202, 27.7568467], [-82.63278, 27.7568467], [-82.63278, 27.7567533]]]}}, {"type": "Feature", "properties": {"height": 28.9, "baseHeight": 0.0}, "geometry": {"type": "Polygon", "coordinates": [[[-82.63278, 27.7570867], [-82.63202, 27.7570867], [-82.63202, 27.75718], [-82.63278, 27.75718], [-82.63278, 27.7570867]]]}}, {"type": "Feature", "properties": {"height": 20.4, "baseHeight": 0.0}, "geometry": {"type": "Polygon", "coordinates": [[[-82.63118, 27.75642], [-82.63042, 27.75642], [-82.63042, 27.7565133], [-82.63118, 27.7565133], [-82.63118, 27.75642]]]}}, {"type": "Feature", "properties": {"height": 29.2, "baseHeight": 0.0}, "geometry": {"type": "Polygon", "coordinates": [[[-82.63118, 27.7567533], [-82.63042, 27.7567533], [-82.63042, 27.7568467], [-82.63118, 27.7568467], [-82.63118, 27.7567533]]]}}, {"type": "Feature", "properties": {"height": 20.4, "baseHeight": 0.0}, "geometry": {"type": "Polygon", "coordinates": [[[-82.63118, 27.7570867], [-82.63042, 27.7570867], [-82.63042, 27.75718], [-82.63118, 27.75718], [-82.63118, 27.7570867]]]}}, {"type": "Feature", "properties": {"height": 12.2, "baseHeight": 0.0}, "geometry": {"type": "Polygon", "coordinates": [[[-82.62958, 27.75642], [-82.62882, 27.75642], [-82.62882, 27.75668], [-82.62958, 27.75668], [-82.62958, 27.75642]]]}}, {"type": "Feature", "properties": {"height": 11.9, "baseHeight": 0.0}, "geometry": {"type": "Polygon", "coordinates": [[[-82.62798, 27.75642], [-82.62772, 27.75642], [-82.62772, 27.75668], [-82.62798, 27.75668], [-82.62798, 27.75642]]]}}, {"type": "Feature", "properties": {"height": 27.0, "baseHeight": 0.0}, "geometry": {"type": "Polygon", "coordinates": [[[-82.62798, 27.75692], [-82.62772, 27.75692], [-82.62772, 27.75718], [-82.62798, 27.75718], [-82.62798, 27.75692]]]}}, {"type": "Feature", "properties": {"height": 30.2, "baseHeight": 0.0}, "geometry": {"type": "Polygon", "coordinates": [[[-82.62748, 27.75642], [-82.62722, 27.75642], [-82.62722, 27.75668], [-82.62748, 27.75668], [-82.62748, 27.75642]]]}}, {"type": "Feature", "properties": {"height": 33.2, "baseHeight": 0.0}, "geometry": {"type": "Polygon", "coordinates": [[[-82.62748, 27.75692], [-82.62722, 27.75692], [-82.62722, 27.75718], [-82.62748, 27.75718], [-82.62748, 27.75692]]]}}, {"type": "Feature", "properties": {"height": 10.0, "baseHeight": 0.0}, "geometry": {"type": "Polygon", "coordinates": [[[-82.62478, 27.75642], [-82.62402, 27.75642], [-82.62402, 27.7565133], [-82.62478, 27.7565133], [-82.62478, 27.75642]]]}}, {"type": "Feature", "properties": {"height": 8.9, "baseHeight": 0.0}, "geometry": {"type": "Polygon", "coordinates": [[[-82.62478, 27.7567533], [-82.62402, 27.7567533], [-82.62402, 27.7568467], [-82.62478, 27.7568467], [-82.62478, 27.7567533]]]}}, {"type": "Feature", "properties": {"height": 5.4, "baseHeight": 0.0}, "geometry": {"type": "Polygon", "coordinates": [[[-82.62478, 27.7570867], [-82.62402, 27.7570867], [-82.62402, 27.75718], [-82.62478, 27.75718], [-82.62478, 27.7570867]]]}}, {"type": "Feature", "properties": {"height": 8.9, "baseHeight": 0.0}, "geometry": {"type": "Polygon", "coordinates": [[[-82.62318, 27.75642], [-82.6230867, 27.75642], [-82.6230867, 27.75668], [-82.62318, 27.75668], [-82.62318, 27.75642]]]}}, {"type": "Feature", "properties": {"height": 6.0, "baseHeight": 0.0}, "geometry": {"type": "Polygon", "coordinates": [[[-82.62318, 27.75692], [-82.6230867, 27.75692], [-82.6230867, 27.75718], [-82.62318, 27.75718], [-82.62318, 27.75692]]]}}, {"type": "Feature", "properties": {"height": 10.9, "baseHeight": 0.0}, "geometry": {"type": "Polygon", "coordinates": [[[-82.6228467, 27.75642], [-82.6227533, 27.75642], [-82.6227533, 27.75668], [-82.6228467, 27.75668], [-82.6228467, 27.75642]]]}}, {"type": "Feature", "properties": {"height": 12.0, "baseHeight": 0.0}, "geometry": {"type": "Polygon", "coordinates": [[[-82.6228467, 27.75692], [-82.6227533, 27.75692], [-82.6227533, 27.75718], [-82.6228467, 27.75718], [-82.6228467, 27.75692]]]}}, {"type": "Feature", "properties": {"height": 11.8, "baseHeight": 0.0}, "geometry": {"type": "Polygon", "coordinates": [[[-82.6225133, 27.75642], [-82.62242, 27.75642], [-82.62242, 27.75668], [-82.6225133, 27.75668], [-82.6225133, 27.75642]]]}}, {"type": "Feature", "properties": {"height": 10.2, "baseHeight": 0.0}, "geometry": {"type": "Polygon", "coordinates": [[[-82.6225133, 27.75692], [-82.62242, 27.75692], [-82.62242, 27.75718], [-82.6225133, 27.75718], [-82.6225133, 27.75692]]]}}, {"type": "Feature", "properties": {"height": 11.8, "baseHeight": 0.0}, "geometry": {"type": "Polygon", "coordinates": [[[-82.62158, 27.75642], [-82.6214867, 27.75642], [-82.6214867, 27.75668], [-82.62158, 27.75668], [-82.62158, 27.75642]]]}}, {"type": "Feature", "properties": {"height": 8.9, "baseHeight": 0.0}, "geometry": {"type": "Polygon", "coordinates": [[[-82.62158, 27.75692], [-82.6214867, 27.75692], [-82.6214867, 27.75718], [-82.62158, 27.75718], [-82.62158, 27.75692]]]}}, {"type": "Feature", "properties": {"height": 9.8, "baseHeight": 0.0}, "geometry": {"type": "Polygon", "coordinates": [[[-82.6212467, 27.75692], [-82.6211533, 27.75692], [-82.6211533, 27.75718], [-82.6212467, 27.75718], [-82.6212467, 27.75692]]]}}, {"type": "Feature", "properties": {"height": 8.1, "baseHeight": 0.0}, "geometry": {"type": "Polygon", "coordinates": [[[-82.6209133, 27.75642], [-82.62082, 27.75642], [-82.62082, 27.75668], [-82.6209133, 27.75668], [-82.6209133, 27.75642]]]}}, {"type": "Feature", "properties": {"height": 5.7, "baseHeight": 0.0}, "geometry": {"type": "Polygon", "coordinates": [[[-82.6209133, 27.75692], [-82.62082, 27.75692], [-82.62082, 27.75718], [-82.6209133, 27.75718], [-82.6209133, 27.75692]]]}}, {"type": "Feature", "properties": {"height": 5.4, "baseHeight": 0.0}, "geometry": {"type": "Polygon", "coordinates": [[[-82.61998, 27.75642], [-82.61922, 27.75642], [-82.61922, 27.7565133], [-82.61998, 27.7565133], [-82.61998, 27.75642]]]}}, {"type": "Feature", "properties": {"height": 32.6, "baseHeight": 0.0}, "geometry": {"type": "Polygon", "coordinates": [[[-82.61998, 27.7567533], [-82.61922, 27.7567533], [-82.61922, 27.7568467], [-82.61998, 27.7568467], [-82.61998, 27.7567533]]]}}, {"type": "Feature", "properties": {"height": 8.1, "baseHeight": 0.0}, "geometry": {"type": "Polygon", "coordinates": [[[-82.61998, 27.7570867], [-82.61922, 27.7570867], [-82.61922, 27.75718], [-82.61998, 27.75718], [-82.61998, 27.7570867]]]}}, {"type": "Feature", "properties": {"height": 7.8, "baseHeight": 0.0}, "geometry": {"type": "Polygon", "coordinates": [[[-82.61838, 27.75642], [-82.61812, 27.75642], [-82.61812, 27.75718], [-82.61838, 27.75718], [-82.61838, 27.75642]]]}}, {"type": "Feature", "properties": {"height": 11.9, "baseHeight": 0.0}, "geometry": {"type": "Polygon", "coordinates": [[[-82.61788, 27.75642], [-82.61762, 27.75642], [-82.61762, 27.75718], [-82.61788, 27.75718], [-82.61788, 27.75642]]]}}, {"type": "Feature", "properties": {"height": 11.6, "baseHeight": 0.0}, "geometry": {"type": "Polygon", "coordinates": [[[-82.61678, 27.75642], [-82.61602, 27.75642], [-82.61602, 27.75668], [-82.61678, 27.75668], [-82.61678, 27.75642]]]}}, {"type": "Feature", "properties": {"height": 6.0, "baseHeight": 0.0}, "geometry": {"type": "Polygon", "coordinates": [[[-82.61678, 27.75692], [-82.61602, 27.75692], [-82.61602, 27.75718], [-82.61678, 27.75718], [-82.61678, 27.75692]]]}}, {"type": "Feature", "properties": {"height": 6.4, "baseHeight": 0.0}, "geometry": {"type": "Polygon", "coordinates": [[[-82.61518, 27.75642], [-82.61442, 27.75642], [-82.61442, 27.75718], [-82.61518, 27.75718], [-82.61518, 27.75642]]]}}, {"type": "Feature", "properties": {"height": 11.8, "baseHeight": 0.0}, "geometry": {"type": "Polygon", "coordinates": [[[-82.61198, 27.75642], [-82.61172, 27.75642], [-82.61172, 27.7565133], [-82.61198, 27.7565133], [-82.61198, 27.75642]]]}}, {"type": "Feature", "properties": {"height": 9.6, "baseHeight": 0.0}, "geometry": {"type": "Polygon", "coordinates": [[[-82.61198, 27.7567533], [-82.61172, 27.7567533], [-82.61172, 27.7568467], [-82.61198, 27.7568467], [-82.61198, 27.7567533]]]}}, {"type": "Feature", "properties": {"height": 9.7, "baseHeight": 0.0}, "geometry": {"type": "Polygon", "coordinates": [[[-82.61198, 27.7570867], [-82.61172, 27.7570867], [-82.61172, 27.75718], [-82.61198, 27.75718], [-82.61198, 27.7570867]]]}}, {"type": "Feature", "properties": {"height": 10.1, "baseHeight": 0.0}, "geometry": {"type": "Polygon", "coordinates": [[[-82.61148, 27.75642], [-82.61122, 27.75642], [-82.61122, 27.7565133], [-82.61148, 27.7565133], [-82.61148, 27.75642]]]}}, {"type": "Feature", "properties": {"height": 11.5, "baseHeight": 0.0}, "geometry": {"type": "Polygon", "coordinates": [[[-82.61148, 27.7570867], [-82.61122, 27.7570867], [-82.61122, 27.75718], [-82.61148, 27.75718], [-82.61148, 27.7570867]]]}}, {"type": "Feature", "properties": {"height": 8.6, "baseHeight": 0.0}, "geometry": {"type": "Polygon", "coordinates": [[[-82.66958, 27.75802], [-82.66882, 27.75802], [-82.66882, 27.75828], [-82.66958, 27.75828], [-82.66958, 27.75802]]]}}, {"type": "Feature", "properties": {"height": 8.5, "baseHeight": 0.0}, "geometry": {"type": "Polygon", "coordinates": [[[-82.66958, 27.75852], [-82.66882, 27.75852], [-82.66882, 27.75878], [-82.66958, 27.75878], [-82.66958, 27.75852]]]}}, {"type": "Feature", "properties": {"height": 5.3, "baseHeight": 0.0}, "geometry": {"type": "Polygon", "coordinates": [[[-82.66798, 27.75802], [-82.6678867, 27.75802], [-82.6678867, 27.75828], [-82.66798, 27.75828], [-82.66798, 27.75802]]]}}, {"type": "Feature", "properties": {"height": 10.1, "baseHeight": 0.0}, "geometry": {"type": "Polygon", "coordinates": [[[-82.6676467, 27.75852], [-82.6675533, 27.75852], [-82.6675533, 27.75878], [-82.6676467, 27.75878], [-82.6676467, 27.75852]]]}}, {"type": "Feature", "properties": {"height": 11.6, "baseHeight": 0.0}, "geometry": {"type": "Polygon", "coordinates": [[[-82.6673133, 27.75802], [-82.66722, 27.75802], [-82.66722, 27.75828], [-82.6673133, 27.75828], [-82.6673133, 27.75802]]]}}, {"type": "Feature", "properties": {"height": 6.0, "baseHeight": 0.0}, "geometry": {"type": "Polygon", "coordinates": [[[-82.6673133, 27.75852], [-82.66722, 27.75852], [-82.66722, 27.75878], [-82.6673133, 27.75878], [-82.6673133, 27.75852]]]}}, {"type": "Feature", "properties": {"height": 7.2, "baseHeight": 0.0}, "geometry": {"type": "Polygon", "coordinates": [[[-82.66638, 27.75802], [-82.66562, 27.75802], [-82.66562, 27.7581133], [-82.66638, 27.7581133], [-82.66638, 27.75802]]]}}, {"type": "Feature", "properties": {"height": 9.2, "baseHeight": 0.0}, "geometry": {"type": "Polygon", "coordinates": [[[-82.66638, 27.7583533], [-82.66562, 27.7583533], [-82.66562, 27.7584467], [-82.66638, 27.7584467], [-82.66638, 27.7583533]]]}}, {"type": "Feature", "properties": {"height": 11.8, "baseHeight": 0.0}, "geometry": {"type": "Polygon", "coordinates": [[[-82.66638, 27.7586867], [-82.66562, 27.7586867], [-82.66562, 27.75878], [-82.66638, 27.75878], [-82.66638, 27.7586867]]]}}, {"type": "Feature", "properties": {"height": 9.2, "baseHeight": 0.0}, "geometry": {"type": "Polygon", "coordinates": [[[-82.66478, 27.75802], [-82.66452, 27.75802], [-82.66452, 27.75878], [-82.66478, 27.75878], [-82.66478, 27.75802]]]}}, {"type": "Feature", "properties": {"height": 12.0, "baseHeight": 0.0}, "geometry": {"type": "Polygon", "coordinates": [[[-82.66318, 27.75802], [-82.66292, 27.75802], [-82.66292, 27.75828], [-82.66318, 27.75828], [-82.66318, 27.75802]]]}}, {"type": "Feature", "properties": {"height": 5.9, "baseHeight": 0.0}, "geometry": {"type": "Polygon", "coordinates": [[[-82.66318, 27.75852], [-82.66292, 27.75852], [-82.66292, 27.75878], [-82.66318, 27.75878], [-82.66318, 27.75852]]]}}, {"type": "Feature", "properties": {"height": 7.0, "baseHeight": 0.0}, "geometry": {"type": "Polygon", "coordinates": [[[-82.66268, 27.75802], [-82.66242, 27.75802], [-82.66242, 27.75828], [-82.66268, 27.75828], [-82.66268, 27.75802]]]}}, {"type": "Feature", "properties": {"height": 5.2, "baseHeight": 0.0}, "geometry": {"type": "Polygon", "coordinates": [[[-82.66158, 27.7583533], [-82.66132, 27.7583533], [-82.66132, 27.7584467], [-82.66158, 27.7584467], [-82.66158, 27.7583533]]]}}, {"type": "Feature", "properties": {"height": 7.4, "baseHeight": 0.0}, "geometry": {"type": "Polygon", "coordinates": [[[-82.66158, 27.7586867], [-82.66132, 27.7586867], [-82.66132, 27.75878], [-82.66158, 27.75878], [-82.66158, 27.7586867]]]}}, {"type": "Feature", "properties": {"height": 11.2, "baseHeight": 0.0}, "geometry": {"type": "Polygon", "coordinates": [[[-82.66108, 27.75802], [-82.66082, 27.75802], [-82.66082, 27.7581133], [-82.66108, 27.7581133], [-82.66108, 27.75802]]]}}, {"type": "Feature", "properties": {"height": 6.0, "baseHeight": 0.0}, "geometry": {"type": "Polygon", "coordinates": [[[-82.66108, 27.7583533], [-82.66082, 27.7583533], [-82.66082, 27.7584467], [-82.66108, 27.7584467], [-82.66108, 27.7583533]]]}}, {"type": "Feature", "properties": {"height": 8.4, "baseHeight": 0.0}, "geometry": {"type": "Polygon", "coordinates": [[[-82.66108, 27.7586867], [-82.66082, 27.7586867], [-82.66082, 27.75878], [-82.66108, 27.75878], [-82.66108, 27.7586867]]]}}, {"type": "Feature", "properties": {"height": 5.0, "baseHeight": 0.0}, "geometry": {"type": "Polygon", "coordinates": [[[-82.65998, 27.75802], [-82.65922, 27.75802], [-82.65922, 27.75878], [-82.65998, 27.75878], [-82.65998, 27.75802]]]}}, {"type": "Feature", "properties": {"height": 7.5, "baseHeight": 0.0}, "geometry": {"type": "Polygon", "coordinates": [[[-82.65838, 27.75802], [-82.6582867, 27.75802], [-82.6582867, 27.75878], [-82.65838, 27.75878], [-82.65838, 27.75802]]]}}, {"type": "Feature", "properties": {"height": 10.3, "baseHeight": 0.0}, "geometry": {"type": "Polygon", "coordinates": [[[-82.6580467, 27.75802], [-82.6579533, 27.75802], [-82.6579533, 27.75878], [-82.6580467, 27.75878], [-82.6580467, 27.75802]]]}}, {"type": "Feature", "properties": {"height": 11.4, "baseHeight": 0.0}, "geometry": {"type": "Polygon", "coordinates": [[[-82.6577133, 27.75802], [-82.65762, 27.75802], [-82.65762, 27.75878], [-82.6577133, 27.75878], [-82.6577133, 27.75802]]]}}, {"type": "Feature", "properties": {"height": 7.3, "baseHeight": 0.0}, "geometry": {"type": "Polygon", "coordinates": [[[-82.65678, 27.75802], [-82.65602, 27.75802], [-82.65602, 27.7581133], [-82.65678, 27.7581133], [-82.65678, 27.75802]]]}}, {"type": "Feature", "properties": {"height": 10.6, "baseHeight": 0.0}, "geometry": {"type": "Polygon", "coordinates": [[[-82.65678, 27.7583533], [-82.65602, 27.7583533], [-82.65602, 27.7584467], [-82.65678, 27.7584467], [-82.65678, 27.7583533]]]}}, {"type": "Feature", "properties": {"height": 11.8, "baseHeight": 0.0}, "geometry": {"type": "Polygon", "coordinates": [[[-82.65678, 27.7586867], [-82.65602, 27.7586867], [-82.65602, 27.75878], [-82.65678, 27.75878], [-82.65678, 27.7586867]]]}}, {"type": "Feature", "properties": {"height": 6.8, "baseHeight": 0.0}, "geometry": {"type": "Polygon", "coordinates": [[[-82.65518, 27.75802], [-82.6550867, 27.75802], [-82.6550867, 27.75828], [-82.65518, 27.75828], [-82.65518, 27.75802]]]}}, {"type": "Feature", "properties": {"height": 10.8, "baseHeight": 0.0}, "geometry": {"type": "Polygon", "coordinates": [[[-82.65518, 27.75852], [-82.6550867, 27.75852], [-82.6550867, 27.75878], [-82.65518, 27.75878], [-82.65518, 27.75852]]]}}, {"type": "Feature", "properties": {"height": 42.1, "baseHeight": 0.0}, "geometry": {"type": "Polygon", "coordinates": [[[-82.6548467, 27.75802], [-82.6547533, 27.75802], [-82.6547533, 27.75828], [-82.6548467, 27.75828], [-82.6548467, 27.75802]]]}}, {"type": "Feature", "properties": {"height": 9.8, "baseHeight": 0.0}, "geometry": {"type": "Polygon", "coordinates": [[[-82.6548467, 27.75852], [-82.6547533, 27.75852], [-82.6547533, 27.75878], [-82.6548467, 27.75878], [-82.6548467, 27.75852]]]}}, {"type": "Feature", "properties": {"height": 36.3, "baseHeight": 0.0}, "geometry": {"type": "Polygon", "coordinates": [[[-82.6545133, 27.75802], [-82.65442, 27.75802], [-82.65442, 27.75828], [-82.6545133, 27.75828], [-82.6545133, 27.75802]]]}}, {"type": "Feature", "properties": {"height": 5.3, "baseHeight": 0.0}, "geometry": {"type": "Polygon", "coordinates": [[[-82.6545133, 27.75852], [-82.65442, 27.75852], [-82.65442, 27.75878], [-82.6545133, 27.75878], [-82.6545133, 27.75852]]]}}, {"type": "Feature", "properties": {"height": 23.0, "baseHeight": 0.0}, "geometry": {"type": "Polygon", "coordinates": [[[-82.65358, 27.75802], [-82.65332, 27.75802], [-82.65332, 27.75878], [-82.65358, 27.75878], [-82.65358, 27.75802]]]}}, {"type": "Feature", "properties": {"height": 6.7, "baseHeight": 0.0}, "geometry": {"type": "Polygon", "coordinates": [[[-82.65308, 27.75802], [-82.65282, 27.75802], [-82.65282, 27.75878], [-82.65308, 27.75878], [-82.65308, 27.75802]]]}}, {"type": "Feature", "properties": {"height": 5.2, "baseHeight": 0.0}, "geometry": {"type": "Polygon", "coordinates": [[[-82.65198, 27.75802], [-82.65172, 27.75802], [-82.65172, 27.75878], [-82.65198, 27.75878], [-82.65198, 27.75802]]]}}, {"type": "Feature", "properties": {"height": 6.2, "baseHeight": 0.0}, "geometry": {"type": "Polygon", "coordinates": [[[-82.65148, 27.75802], [-82.65122, 27.75802], [-82.65122, 27.75878], [-82.65148, 27.75878], [-82.65148, 27.75802]]]}}, {"type": "Feature", "properties": {"height": 10.2, "baseHeight": 0.0}, "geometry": {"type": "Polygon", "coordinates": [[[-82.64878, 27.75852], [-82.6486867, 27.75852], [-82.6486867, 27.75878], [-82.64878, 27.75878], [-82.64878, 27.75852]]]}}, {"type": "Feature", "properties": {"height": 30.2, "baseHeight": 0.0}, "geometry": {"type": "Polygon", "coordinates": [[[-82.6484467, 27.75802], [-82.6483533, 27.75802], [-82.6483533, 27.75828], [-82.6484467, 27.75828], [-82.6484467, 27.75802]]]}}, {"type": "Feature", "properties": {"height": 31.4, "baseHeight": 0.0}, "geometry": {"type": "Polygon", "coordinates": [[[-82.6484467, 27.75852], [-82.6483533, 27.75852], [-82.6483533, 27.75878], [-82.6484467, 27.75878], [-82.6484467, 27.75852]]]}}, {"type": "Feature", "properties": {"height": 18.8, "baseHeight": 0.0}, "geometry": {"type": "Polygon", "coordinates": [[[-82.6481133, 27.75802], [-82.64802, 27.75802], [-82.64802, 27.75828], [-82.6481133, 27.75828], [-82.6481133, 27.75802]]]}}, {"type": "Feature", "properties": {"height": 26.0, "baseHeight": 0.0}, "geometry": {"type": "Polygon", "coordinates": [[[-82.6481133, 27.75852], [-82.64802, 27.75852], [-82.64802, 27.75878], [-82.6481133, 27.75878], [-82.6481133, 27.75852]]]}}, {"type": "Feature", "properties": {"height": 55.5, "baseHeight": 0.0}, "geometry": {"type": "Polygon", "coordinates": [[[-82.64718, 27.75802], [-82.64692, 27.75802], [-82.64692, 27.7581133], [-82.64718, 27.7581133], [-82.64718, 27.75802]]]}}, {"type": "Feature", "properties": {"height": 11.9, "baseHeight": 0.0}, "geometry": {"type": "Polygon", "coordinates": [[[-82.64718, 27.7583533], [-82.64692, 27.7583533], [-82.64692, 27.7584467], [-82.64718, 27.7584467], [-82.64718, 27.7583533]]]}}, {"type": "Feature", "properties": {"height": 18.5, "baseHeight": 0.0}, "geometry": {"type": "Polygon", "coordinates": [[[-82.64668, 27.75802], [-82.64642, 27.75802], [-82.64642, 27.7581133], [-82.64668, 27.7581133], [-82.64668, 27.75802]]]}}, {"type": "Feature", "properties": {"height": 12.2, "baseHeight": 0.0}, "geometry": {"type": "Polygon", "coordinates": [[[-82.64668, 27.7583533], [-82.64642, 27.7583533], [-82.64642, 27.7584467], [-82.64668, 27.7584467], [-82.64668, 27.7583533]]]}}, {"type": "Feature", "properties": {"height": 16.1, "baseHeight": 0.0}, "geometry": {"type": "Polygon", "coordinates": [[[-82.64668, 27.7586867], [-82.64642, 27.7586867], [-82.64642, 27.75878], [-82.64668, 27.75878], [-82.64668, 27.7586867]]]}}, {"type": "Feature", "properties": {"height": 10.3, "baseHeight": 0.0}, "geometry": {"type": "Polygon", "coordinates": [[[-82.64398, 27.75802], [-82.6438867, 27.75802], [-82.6438867, 27.75878], [-82.64398, 27.75878], [-82.64398, 27.75802]]]}}, {"type": "Feature", "properties": {"height": 23.3, "baseHeight": 0.0}, "geometry": {"type": "Polygon", "coordinates": [[[-82.6436467, 27.75802], [-82.6435533, 27.75802], [-82.6435533, 27.75878], [-82.6436467, 27.75878], [-82.6436467, 27.75802]]]}}, {"type": "Feature", "properties": {"height": 17.0, "baseHeight": 0.0}, "geometry": {"type": "Polygon", "coordinates": [[[-82.6433133, 27.75802], [-82.64322, 27.75802], [-82.64322, 27.75878], [-82.6433133, 27.75878], [-82.6433133, 27.75802]]]}}, {"type": "Feature", "properties": {"height": 29.5, "baseHeight": 0.0}, "geometry": {"type": "Polygon", "coordinates": [[[-82.64238, 27.75802], [-82.64212, 27.75802], [-82.64212, 27.75878], [-82.64238, 27.75878], [-82.64238, 27.75802]]]}}, {"type": "Feature", "properties": {"height": 21.2, "baseHeight": 0.0}, "geometry": {"type": "Polygon", "coordinates": [[[-82.64188, 27.75802], [-82.64162, 27.75802], [-82.64162, 27.75878], [-82.64188, 27.75878], [-82.64188, 27.75802]]]}}, {"type": "Feature", "properties": {"height": 13.4, "baseHeight": 0.0}, "geometry": {"type": "Polygon", "coordinates": [[[-82.64078, 27.75802], [-82.64002, 27.75802], [-82.64002, 27.75828], [-82.64078, 27.75828], [-82.64078, 27.75802]]]}}, {"type": "Feature", "properties": {"height": 10.6, "baseHeight": 0.0}, "geometry": {"type": "Polygon", "coordinates": [[[-82.64078, 27.75852], [-82.64002, 27.75852], [-82.64002, 27.75878], [-82.64078, 27.75878], [-82.64078, 27.75852]]]}}, {"type": "Feature", "properties": {"height": 15.5, "baseHeight": 0.0}, "geometry": {"type": "Polygon", "coordinates": [[[-82.63598, 27.75802], [-82.63572, 27.75802], [-82.63572, 27.75878], [-82.63598, 27.75878], [-82.63598, 27.75802]]]}}, {"type": "Feature", "properties": {"height": 20.8, "baseHeight": 0.0}, "geometry": {"type": "Polygon", "coordinates": [[[-82.63548, 27.75802], [-82.63522, 27.75802], [-82.63522, 27.75878], [-82.63548, 27.75878], [-82.63548, 27.75802]]]}}, {"type": "Feature", "properties": {"height": 27.8, "baseHeight": 0.0}, "geometry": {"type": "Polygon", "coordinates": [[[-82.63438, 27.75802], [-82.63362, 27.75802], [-82.63362, 27.75828], [-82.63438, 27.75828], [-82.63438, 27.75802]]]}}, {"type": "Feature", "properties": {"height": 33.4, "baseHeight": 0.0}, "geometry": {"type": "Polygon", "coordinates": [[[-82.63438, 27.75852], [-82.63362, 27.75852], [-82.63362, 27.75878], [-82.63438, 27.75878], [-82.63438, 27.75852]]]}}, {"type": "Feature", "properties": {"height": 28.4, "baseHeight": 0.0}, "geometry": {"type": "Polygon", "coordinates": [[[-82.63278, 27.75802], [-82.6326867, 27.75802], [-82.6326867, 27.75828], [-82.63278, 27.75828], [-82.63278, 27.75802]]]}}, {"type": "Feature", "properties": {"height": 27.0, "baseHeight": 0.0}, "geometry": {"type": "Polygon", "coordinates": [[[-82.6324467, 27.75802], [-82.6323533, 27.75802], [-82.6323533, 27.75828], [-82.6324467, 27.75828], [-82.6324467, 27.75802]]]}}, {"type": "Feature", "properties": {"height": 33.6, "baseHeight": 0.0}, "geometry": {"type": "Polygon", "coordinates": [[[-82.6324467, 27.75852], [-82.6323533, 27.75852], [-82.6323533, 27.75878], [-82.6324467, 27.75878], [-82.6324467, 27.75852]]]}}, {"type": "Feature", "properties": {"height": 13.2, "baseHeight": 0.0}, "geometry": {"type": "Polygon", "coordinates": [[[-82.6321133, 27.75802], [-82.63202, 27.75802], [-82.63202, 27.75828], [-82.6321133, 27.75828], [-82.6321133, 27.75802]]]}}, {"type": "Feature", "properties": {"height": 31.4, "baseHeight": 0.0}, "geometry": {"type": "Polygon", "coordinates": [[[-82.6321133, 27.75852], [-82.63202, 27.75852], [-82.63202, 27.75878], [-82.6321133, 27.75878], [-82.6321133, 27.75852]]]}}, {"type": "Feature", "properties": {"height": 29.3, "baseHeight": 0.0}, "geometry": {"type": "Polygon", "coordinates": [[[-82.62958, 27.75802], [-82.62932, 27.75802], [-82.62932, 27.75878], [-82.62958, 27.75878], [-82.62958, 27.75802]]]}}, {"type": "Feature", "properties": {"height": 19.3, "baseHeight": 0.0}, "geometry": {"type": "Polygon", "coordinates": [[[-82.62638, 27.75802], [-82.62612, 27.75802], [-82.62612, 27.7581133], [-82.62638, 27.7581133], [-82.62638, 27.75802]]]}}, {"type": "Feature", "properties": {"height": 101.7, "baseHeight": 0.0}, "geometry": {"type": "Polygon", "coordinates": [[[-82.62638, 27.7583533], [-82.62612, 27.7583533], [-82.62612, 27.7584467], [-82.62638, 27.7584467], [-82.62638, 27.7583533]]]}}, {"type": "Feature", "properties": {"height": 32.7, "baseHeight": 0.0}, "geometry": {"type": "Polygon", "coordinates": [[[-82.62588, 27.75802], [-82.62562, 27.75802], [-82.62562, 27.7581133], [-82.62588, 27.7581133], [-82.62588, 27.75802]]]}}, {"type": "Feature", "properties": {"height": 12.6, "baseHeight": 0.0}, "geometry": {"type": "Polygon", "coordinates": [[[-82.62588, 27.7583533], [-82.62562, 27.7583533], [-82.62562, 27.7584467], [-82.62588, 27.7584467], [-82.62588, 27.7583533]]]}}, {"type": "Feature", "properties": {"height": 46.8, "baseHeight": 0.0}, "geometry": {"type": "Polygon", "coordinates": [[[-82.62588, 27.7586867], [-82.62562, 27.7586867], [-82.62562, 27.75878], [-82.62588, 27.75878], [-82.62588, 27.7586867]]]}}, {"type": "Feature", "properties": {"height": 32.4, "baseHeight": 0.0}, "geometry": {"type": "Polygon", "coordinates": [[[-82.62478, 27.75802], [-82.6246867, 27.75802], [-82.6246867, 27.75828], [-82.62478, 27.75828], [-82.62478, 27.75802]]]}}, {"type": "Feature", "properties": {"height": 15.7, "baseHeight": 0.0}, "geometry": {"type": "Polygon", "coordinates": [[[-82.62478, 27.75852], [-82.6246867, 27.75852], [-82.6246867, 27.75878], [-82.62478, 27.75878], [-82.62478, 27.75852]]]}}, {"type": "Feature", "properties": {"height": 30.4, "baseHeight": 0.0}, "geometry": {"type": "Polygon", "coordinates": [[[-82.6244467, 27.75802], [-82.6243533, 27.75802], [-82.6243533, 27.75828], [-82.6244467, 27.75828], [-82.6244467, 27.75802]]]}}, {"type": "Feature", "properties": {"height": 24.0, "baseHeight": 0.0}, "geometry": {"type": "Polygon", "coordinates": [[[-82.6244467, 27.75852], [-82.6243533, 27.75852], [-82.6243533, 27.75878], [-82.6244467, 27.75878], [-82.6244467, 27.75852]]]}}, {"type": "Feature", "properties": {"height": 29.7, "baseHeight": 0.0}, "geometry": {"type": "Polygon", "coordinates": [[[-82.6241133, 27.75802], [-82.62402, 27.75802], [-82.62402, 27.75828], [-82.6241133, 27.75828], [-82.6241133, 27.75802]]]}}, {"type": "Feature", "properties": {"height": 20.8, "baseHeight": 0.0}, "geometry": {"type": "Polygon", "coordinates": [[[-82.6241133, 27.75852], [-82.62402, 27.75852], [-82.62402, 27.75878], [-82.6241133, 27.75878], [-82.6241133, 27.75852]]]}}, {"type": "Feature", "properties": {"height": 5.7, "baseHeight": 0.0}, "geometry": {"type": "Polygon", "coordinates": [[[-82.62318, 27.75852], [-82.62292, 27.75852], [-82.62292, 27.75878], [-82.62318, 27.75878], [-82.62318, 27.75852]]]}}, {"type": "Feature", "properties": {"height": 11.7, "baseHeight": 0.0}, "geometry": {"type": "Polygon", "coordinates": [[[-82.62268, 27.75802], [-82.62242, 27.75802], [-82.62242, 27.75828], [-82.62268, 27.75828], [-82.62268, 27.75802]]]}}, {"type": "Feature", "properties": {"height": 9.3, "baseHeight": 0.0}, "geometry": {"type": "Polygon", "coordinates": [[[-82.62268, 27.75852], [-82.62242, 27.75852], [-82.62242, 27.75878], [-82.62268, 27.75878], [-82.62268, 27.75852]]]}}, {"type": "Feature", "properties": {"height": 11.9, "baseHeight": 0.0}, "geometry": {"type": "Polygon", "coordinates": [[[-82.61998, 27.7583533], [-82.61922, 27.7583533], [-82.61922, 27.7584467], [-82.61998, 27.7584467], [-82.61998, 27.7583533]]]}}, {"type": "Feature", "properties": {"height": 5.6, "baseHeight": 0.0}, "geometry": {"type": "Polygon", "coordinates": [[[-82.61998, 27.7586867], [-82.61922, 27.7586867], [-82.61922, 27.75878], [-82.61998, 27.75878], [-82.61998, 27.7586867]]]}}, {"type": "Feature", "properties": {"height": 9.4, "baseHeight": 0.0}, "geometry": {"type": "Polygon", "coordinates": [[[-82.61838, 27.75802], [-82.61762, 27.75802], [-82.61762, 27.75828], [-82.61838, 27.75828], [-82.61838, 27.75802]]]}}, {"type": "Feature", "properties": {"height": 7.6, "baseHeight": 0.0}, "geometry": {"type": "Polygon", "coordinates": [[[-82.61678, 27.7583533], [-82.6166867, 27.7583533], [-82.6166867, 27.7584467], [-82.61678, 27.7584467], [-82.61678, 27.7583533]]]}}, {"type": "Feature", "properties": {"height": 7.9, "baseHeight": 0.0}, "geometry": {"type": "Polygon", "coordinates": [[[-82.61678, 27.7586867], [-82.6166867, 27.7586867], [-82.6166867, 27.75878], [-82.61678, 27.75878], [-82.61678, 27.7586867]]]}}, {"type": "Feature", "properties": {"height": 11.8, "baseHeight": 0.0}, "geometry": {"type": "Polygon", "coordinates": [[[-82.6164467, 27.75802], [-82.6163533, 27.75802], [-82.6163533, 27.7581133], [-82.6164467, 27.7581133], [-82.6164467, 27.75802]]]}}, {"type": "Feature", "properties": {"height": 11.0, "baseHeight": 0.0}, "geometry": {"type": "Polygon", "coordinates": [[[-82.6164467, 27.7583533], [-82.6163533, 27.7583533], [-82.6163533, 27.7584467], [-82.6164467, 27.7584467], [-82.6164467, 27.7583533]]]}}, {"type": "Feature", "properties": {"height": 11.4, "baseHeight": 0.0}, "geometry": {"type": "Polygon", "coordinates": [[[-82.6164467, 27.7586867], [-82.6163533, 27.7586867], [-82.6163533, 27.75878], [-82.6164467, 27.75878], [-82.6164467, 27.7586867]]]}}, {"type": "Feature", "properties": {"height": 7.7, "baseHeight": 0.0}, "geometry": {"type": "Polygon", "coordinates": [[[-82.6161133, 27.7583533], [-82.61602, 27.7583533], [-82.61602, 27.7584467], [-82.6161133, 27.7584467], [-82.6161133, 27.7583533]]]}}, {"type": "Feature", "properties": {"height": 11.2, "baseHeight": 0.0}, "geometry": {"type": "Polygon", "coordinates": [[[-82.6161133, 27.7586867], [-82.61602, 27.7586867], [-82.61602, 27.75878], [-82.6161133, 27.75878], [-82.6161133, 27.7586867]]]}}, {"type": "Feature", "properties": {"height": 11.8, "baseHeight": 0.0}, "geometry": {"type": "Polygon", "coordinates": [[[-82.61518, 27.75802], [-82.6150867, 27.75802], [-82.6150867, 27.75828], [-82.61518, 27.75828], [-82.61518, 27.75802]]]}}, {"type": "Feature", "properties": {"height": 11.0, "baseHeight": 0.0}, "geometry": {"type": "Polygon", "coordinates": [[[-82.61518, 27.75852], [-82.6150867, 27.75852], [-82.6150867, 27.75878], [-82.61518, 27.75878], [-82.61518, 27.75852]]]}}, {"type": "Feature", "properties": {"height": 5.6, "baseHeight": 0.0}, "geometry": {"type": "Polygon", "coordinates": [[[-82.6148467, 27.75802], [-82.6147533, 27.75802], [-82.6147533, 27.75828], [-82.6148467, 27.75828], [-82.6148467, 27.75802]]]}}, {"type": "Feature", "properties": {"height": 10.3, "baseHeight": 0.0}, "geometry": {"type": "Polygon", "coordinates": [[[-82.6148467, 27.75852], [-82.6147533, 27.75852], [-82.6147533, 27.75878], [-82.6148467, 27.75878], [-82.6148467, 27.75852]]]}}, {"type": "Feature", "properties": {"height": 7.9, "baseHeight": 0.0}, "geometry": {"type": "Polygon", "coordinates": [[[-82.6145133, 27.75802], [-82.61442, 27.75802], [-82.61442, 27.75828], [-82.6145133, 27.75828], [-82.6145133, 27.75802]]]}}, {"type": "Feature", "properties": {"height": 11.2, "baseHeight": 0.0}, "geometry": {"type": "Polygon", "coordinates": [[[-82.6145133, 27.75852], [-82.61442, 27.75852], [-82.61442, 27.75878], [-82.6145133, 27.75878], [-82.6145133, 27.75852]]]}}, {"type": "Feature", "properties": {"height": 5.2, "baseHeight": 0.0}, "geometry": {"type": "Polygon", "coordinates": [[[-82.61358, 27.75852], [-82.61282, 27.75852], [-82.61282, 27.75878], [-82.61358, 27.75878], [-82.61358, 27.75852]]]}}, {"type": "Feature", "properties": {"height": 9.3, "baseHeight": 0.0}, "geometry": {"type": "Polygon", "coordinates": [[[-82.66478, 27.7599533], [-82.66452, 27.7599533], [-82.66452, 27.7600467], [-82.66478, 27.7600467], [-82.66478, 27.7599533]]]}}, {"type": "Feature", "properties": {"height": 6.9, "baseHeight": 0.0}, "geometry": {"type": "Polygon", "coordinates": [[[-82.66478, 27.7602867], [-82.66452, 27.7602867], [-82.66452, 27.76038], [-82.66478, 27.76038], [-82.66478, 27.7602867]]]}}, {"type": "Feature", "properties": {"height": 9.2, "baseHeight": 0.0}, "geometry": {"type": "Polygon", "coordinates": [[[-82.66428, 27.75962], [-82.66402, 27.75962], [-82.66402, 27.7597133], [-82.66428, 27.7597133], [-82.66428, 27.75962]]]}}, {"type": "Feature", "properties": {"height": 11.1, "baseHeight": 0.0}, "geometry": {"type": "Polygon", "coordinates": [[[-82.66428, 27.7599533], [-82.66402, 27.7599533], [-82.66402, 27.7600467], [-82.66428, 27.7600467], [-82.66428, 27.7599533]]]}}, {"type": "Feature", "properties": {"height": 8.2, "baseHeight": 0.0}, "geometry": {"type": "Polygon", "coordinates": [[[-82.66428, 27.7602867], [-82.66402, 27.7602867], [-82.66402, 27.76038], [-82.66428, 27.76038], [-82.66428, 27.7602867]]]}}, {"type": "Feature", "properties": {"height": 5.5, "baseHeight": 0.0}, "geometry": {"type": "Polygon", "coordinates": [[[-82.66158, 27.75962], [-82.66082, 27.75962], [-82.66082, 27.76038], [-82.66158, 27.76038], [-82.66158, 27.75962]]]}}, {"type": "Feature", "properties": {"height": 11.8, "baseHeight": 0.0}, "geometry": {"type": "Polygon", "coordinates": [[[-82.65838, 27.75962], [-82.6582867, 27.75962], [-82.6582867, 27.76038], [-82.65838, 27.76038], [-82.65838, 27.75962]]]}}, {"type": "Feature", "properties": {"height": 11.8, "baseHeight": 0.0}, "geometry": {"type": "Polygon", "coordinates": [[[-82.6580467, 27.75962], [-82.6579533, 27.75962], [-82.6579533, 27.76038], [-82.6580467, 27.76038], [-82.6580467, 27.75962]]]}}, {"type": "Feature", "properties": {"height": 11.7, "baseHeight": 0.0}, "geometry": {"type": "Polygon", "coordinates": [[[-82.6577133, 27.75962], [-82.65762, 27.75962], [-82.65762, 27.76038], [-82.6577133, 27.76038], [-82.6577133, 27.75962]]]}}, {"type": "Feature", "properties": {"height": 5.3, "baseHeight": 0.0}, "geometry": {"type": "Polygon", "coordinates": [[[-82.65518, 27.75962], [-82.65442, 27.75962], [-82.65442, 27.75988], [-82.65518, 27.75988], [-82.65518, 27.75962]]]}}, {"type": "Feature", "properties": {"height": 11.6, "baseHeight": 0.0}, "geometry": {"type": "Polygon", "coordinates": [[[-82.65358, 27.75962], [-82.65332, 27.75962], [-82.65332, 27.76038], [-82.65358, 27.76038], [-82.65358, 27.75962]]]}}, {"type": "Feature", "properties": {"height": 10.6, "baseHeight": 0.0}, "geometry": {"type": "Polygon", "coordinates": [[[-82.65308, 27.75962], [-82.65282, 27.75962], [-82.65282, 27.76038], [-82.65308, 27.76038], [-82.65308, 27.75962]]]}}, {"type": "Feature", "properties": {"height": 15.4, "baseHeight": 0.0}, "geometry": {"type": "Polygon", "coordinates": [[[-82.65148, 27.75962], [-82.65122, 27.75962], [-82.65122, 27.76038], [-82.65148, 27.76038], [-82.65148, 27.75962]]]}}, {"type": "Feature", "properties": {"height": 16.4, "baseHeight": 0.0}, "geometry": {"type": "Polygon", "coordinates": [[[-82.65038, 27.75962], [-82.64962, 27.75962], [-82.64962, 27.76038], [-82.65038, 27.76038], [-82.65038, 27.75962]]]}}, {"type": "Feature", "properties": {"height": 21.3, "baseHeight": 0.0}, "geometry": {"type": "Polygon", "coordinates": [[[-82.64558, 27.75962], [-82.64532, 27.75962], [-82.64532, 27.75988], [-82.64558, 27.75988], [-82.64558, 27.75962]]]}}, {"type": "Feature", "properties": {"height": 33.8, "baseHeight": 0.0}, "geometry": {"type": "Polygon", "coordinates": [[[-82.64558, 27.76012], [-82.64532, 27.76012], [-82.64532, 27.76038], [-82.64558, 27.76038], [-82.64558, 27.76012]]]}}, {"type": "Feature", "properties": {"height": 11.8, "baseHeight": 0.0}, "geometry": {"type": "Polygon", "coordinates": [[[-82.64508, 27.75962], [-82.64482, 27.75962], [-82.64482, 27.75988], [-82.64508, 27.75988], [-82.64508, 27.75962]]]}}, {"type": "Feature", "properties": {"height": 17.9, "baseHeight": 0.0}, "geometry": {"type": "Polygon", "coordinates": [[[-82.64508, 27.76012], [-82.64482, 27.76012], [-82.64482, 27.76038], [-82.64508, 27.76038], [-82.64508, 27.76012]]]}}, {"type": "Feature", "properties": {"height": 21.9, "baseHeight": 0.0}, "geometry": {"type": "Polygon", "coordinates": [[[-82.64398, 27.75962], [-82.64372, 27.75962], [-82.64372, 27.75988], [-82.64398, 27.75988], [-82.64398, 27.75962]]]}}, {"type": "Feature", "properties": {"height": 12.1, "baseHeight": 0.0}, "geometry": {"type": "Polygon", "coordinates": [[[-82.64398, 27.76012], [-82.64372, 27.76012], [-82.64372, 27.76038], [-82.64398, 27.76038], [-82.64398, 27.76012]]]}}, {"type": "Feature", "properties": {"height": 21.4, "baseHeight": 0.0}, "geometry": {"type": "Polygon", "coordinates": [[[-82.64348, 27.75962], [-82.64322, 27.75962], [-82.64322, 27.75988], [-82.64348, 27.75988], [-82.64348, 27.75962]]]}}, {"type": "Feature", "properties": {"height": 10.5, "baseHeight": 0.0}, "geometry": {"type": "Polygon", "coordinates": [[[-82.64348, 27.76012], [-82.64322, 27.76012], [-82.64322, 27.76038], [-82.64348, 27.76038], [-82.64348, 27.76012]]]}}, {"type": "Feature", "properties": {"height": 18.5, "baseHeight": 0.0}, "geometry": {"type": "Polygon", "coordinates": [[[-82.64238, 27.76012], [-82.64212, 27.76012], [-82.64212, 27.76038], [-82.64238, 27.76038], [-82.64238, 27.76012]]]}}, {"type": "Feature", "properties": {"height": 30.0, "baseHeight": 0.0}, "geometry": {"type": "Polygon", "coordinates": [[[-82.64188, 27.75962], [-82.64162, 27.75962], [-82.64162, 27.75988], [-82.64188, 27.75988], [-82.64188, 27.75962]]]}}, {"type": "Feature", "properties": {"height": 27.0, "baseHeight": 0.0}, "geometry": {"type": "Polygon", "coordinates": [[[-82.63758, 27.75962], [-82.63732, 27.75962], [-82.63732, 27.75988], [-82.63758, 27.75988], [-82.63758, 27.75962]]]}}, {"type": "Feature", "properties": {"height": 71.1, "baseHeight": 0.0}, "geometry": {"type": "Polygon", "coordinates": [[[-82.63708, 27.75962], [-82.63682, 27.75962], [-82.63682, 27.75988], [-82.63708, 27.75988], [-82.63708, 27.75962]]]}}, {"type": "Feature", "properties": {"height": 32.2, "baseHeight": 0.0}, "geometry": {"type": "Polygon", "coordinates": [[[-82.63598, 27.75962], [-82.63522, 27.75962], [-82.63522, 27.75988], [-82.63598, 27.75988], [-82.63598, 27.75962]]]}}, {"type": "Feature", "properties": {"height": 21.4, "baseHeight": 0.0}, "geometry": {"type": "Polygon", "coordinates": [[[-82.63598, 27.76012], [-82.63522, 27.76012], [-82.63522, 27.76038], [-82.63598, 27.76038], [-82.63598, 27.76012]]]}}, {"type": "Feature", "properties": {"height": 10.5, "baseHeight": 0.0}, "geometry": {"type": "Polygon", "coordinates": [[[-82.63438, 27.75962], [-82.63412, 27.75962], [-82.63412, 27.75988], [-82.63438, 27.75988], [-82.63438, 27.75962]]]}}, {"type": "Feature", "properties": {"height": 27.3, "baseHeight": 0.0}, "geometry": {"type": "Polygon", "coordinates": [[[-82.63438, 27.76012], [-82.63412, 27.76012], [-82.63412, 27.76038], [-82.63438, 27.76038], [-82.63438, 27.76012]]]}}, {"type": "Feature", "properties": {"height": 26.5, "baseHeight": 0.0}, "geometry": {"type": "Polygon", "coordinates": [[[-82.63388, 27.75962], [-82.63362, 27.75962], [-82.63362, 27.75988], [-82.63388, 27.75988], [-82.63388, 27.75962]]]}}, {"type": "Feature", "properties": {"height": 31.7, "baseHeight": 0.0}, "geometry": {"type": "Polygon", "coordinates": [[[-82.63388, 27.76012], [-82.63362, 27.76012], [-82.63362, 27.76038], [-82.63388, 27.76038], [-82.63388, 27.76012]]]}}, {"type": "Feature", "properties": {"height": 101.6, "baseHeight": 0.0}, "geometry": {"type": "Polygon", "coordinates": [[[-82.63278, 27.75962], [-82.63252, 27.75962], [-82.63252, 27.76038], [-82.63278, 27.76038], [-82.63278, 27.75962]]]}}, {"type": "Feature", "properties": {"height": 93.4, "baseHeight": 0.0}, "geometry": {"type": "Polygon", "coordinates": [[[-82.63228, 27.75962], [-82.63202, 27.75962], [-82.63202, 27.76038], [-82.63228, 27.76038], [-82.63228, 27.75962]]]}}, {"type": "Feature", "properties": {"height": 22.6, "baseHeight": 0.0}, "geometry": {"type": "Polygon", "coordinates": [[[-82.62958, 27.75962], [-82.62882, 27.75962], [-82.62882, 27.76038], [-82.62958, 27.76038], [-82.62958, 27.75962]]]}}, {"type": "Feature", "properties": {"height": 26.6, "baseHeight": 0.0}, "geometry": {"type": "Polygon", "coordinates": [[[-82.62748, 27.75962], [-82.62722, 27.75962], [-82.62722, 27.76038], [-82.62748, 27.76038], [-82.62748, 27.75962]]]}}, {"type": "Feature", "properties": {"height": 11.7, "baseHeight": 0.0}, "geometry": {"type": "Polygon", "coordinates": [[[-82.62638, 27.75962], [-82.62612, 27.75962], [-82.62612, 27.7597133], [-82.62638, 27.7597133], [-82.62638, 27.75962]]]}}, {"type": "Feature", "properties": {"height": 18.5, "baseHeight": 0.0}, "geometry": {"type": "Polygon", "coordinates": [[[-82.62638, 27.7602867], [-82.62612, 27.7602867], [-82.62612, 27.76038], [-82.62638, 27.76038], [-82.62638, 27.7602867]]]}}, {"type": "Feature", "properties": {"height": 18.8, "baseHeight": 0.0}, "geometry": {"type": "Polygon", "coordinates": [[[-82.62588, 27.75962], [-82.62562, 27.75962], [-82.62562, 27.7597133], [-82.62588, 27.7597133], [-82.62588, 27.75962]]]}}, {"type": "Feature", "properties": {"height": 15.1, "baseHeight": 0.0}, "geometry": {"type": "Polygon", "coordinates": [[[-82.62588, 27.7599533], [-82.62562, 27.7599533], [-82.62562, 27.7600467], [-82.62588, 27.7600467], [-82.62588, 27.7599533]]]}}, {"type": "Feature", "properties": {"height": 26.1, "baseHeight": 0.0}, "geometry": {"type": "Polygon", "coordinates": [[[-82.62588, 27.7602867], [-82.62562, 27.7602867], [-82.62562, 27.76038], [-82.62588, 27.76038], [-82.62588, 27.7602867]]]}}, {"type": "Feature", "properties": {"height": 30.3, "baseHeight": 0.0}, "geometry": {"type": "Polygon", "coordinates": [[[-82.62478, 27.7599533], [-82.62452, 27.7599533], [-82.62452, 27.7600467], [-82.62478, 27.7600467], [-82.62478, 27.7599533]]]}}, {"type": "Feature", "properties": {"height": 12.1, "baseHeight": 0.0}, "geometry": {"type": "Polygon", "coordinates": [[[-82.62478, 27.7602867], [-82.62452, 27.7602867], [-82.62452, 27.76038], [-82.62478, 27.76038], [-82.62478, 27.7602867]]]}}, {"type": "Feature", "properties": {"height": 32.2, "baseHeight": 0.0}, "geometry": {"type": "Polygon", "coordinates": [[[-82.62428, 27.75962], [-82.62402, 27.75962], [-82.62402, 27.7597133], [-82.62428, 27.7597133], [-82.62428, 27.75962]]]}}, {"type": "Feature", "properties": {"height": 20.4, "baseHeight": 0.0}, "geometry": {"type": "Polygon", "coordinates": [[[-82.62428, 27.7599533], [-82.62402, 27.7599533], [-82.62402, 27.7600467], [-82.62428, 27.7600467], [-82.62428, 27.7599533]]]}}, {"type": "Feature", "properties": {"height": 22.6, "baseHeight": 0.0}, "geometry": {"type": "Polygon", "coordinates": [[[-82.62428, 27.7602867], [-82.62402, 27.7602867], [-82.62402, 27.76038], [-82.62428, 27.76038], [-82.62428, 27.7602867]]]}}, {"type": "Feature", "properties": {"height": 15.8, "baseHeight": 0.0}, "geometry": {"type": "Polygon", "coordinates": [[[-82.62318, 27.75962], [-82.6230867, 27.75962], [-82.6230867, 27.7597133], [-82.62318, 27.7597133], [-82.62318, 27.75962]]]}}, {"type": "Feature", "properties": {"height": 10.6, "baseHeight": 0.0}, "geometry": {"type": "Polygon", "coordinates": [[[-82.62318, 27.7599533], [-82.6230867, 27.7599533], [-82.6230867, 27.7600467], [-82.62318, 27.7600467], [-82.62318, 27.7599533]]]}}, {"type": "Feature", "properties": {"height": 55.8, "baseHeight": 0.0}, "geometry": {"type": "Polygon", "coordinates": [[[-82.62318, 27.7602867], [-82.6230867, 27.7602867], [-82.6230867, 27.76038], [-82.62318, 27.76038], [-82.62318, 27.7602867]]]}}, {"type": "Feature", "properties": {"height": 21.0, "baseHeight": 0.0}, "geometry": {"type": "Polygon", "coordinates": [[[-82.6228467, 27.75962], [-82.6227533, 27.75962], [-82.6227533, 27.7597133], [-82.6228467, 27.7597133], [-82.6228467, 27.75962]]]}}, {"type": "Feature", "properties": {"height": 16.6, "baseHeight": 0.0}, "geometry": {"type": "Polygon", "coordinates": [[[-82.6228467, 27.7602867], [-82.6227533, 27.7602867], [-82.6227533, 27.76038], [-82.6228467, 27.76038], [-82.6228467, 27.7602867]]]}}, {"type": "Feature", "properties": {"height": 15.9, "baseHeight": 0.0}, "geometry": {"type": "Polygon", "coordinates": [[[-82.6225133, 27.75962], [-82.62242, 27.75962], [-82.62242, 27.7597133], [-82.6225133, 27.7597133], [-82.6225133, 27.75962]]]}}, {"type": "Feature", "properties": {"height": 21.0, "baseHeight": 0.0}, "geometry": {"type": "Polygon", "coordinates": [[[-82.6225133, 27.7599533], [-82.62242, 27.7599533], [-82.62242, 27.7600467], [-82.6225133, 27.7600467], [-82.6225133, 27.7599533]]]}}, {"type": "Feature", "properties": {"height": 8.3, "baseHeight": 0.0}, "geometry": {"type": "Polygon", "coordinates": [[[-82.62158, 27.75962], [-82.62082, 27.75962], [-82.62082, 27.75988], [-82.62158, 27.75988], [-82.62158, 27.75962]]]}}, {"type": "Feature", "properties": {"height": 9.8, "baseHeight": 0.0}, "geometry": {"type": "Polygon", "coordinates": [[[-82.62158, 27.76012], [-82.62082, 27.76012], [-82.62082, 27.76038], [-82.62158, 27.76038], [-82.62158, 27.76012]]]}}, {"type": "Feature", "properties": {"height": 6.4, "baseHeight": 0.0}, "geometry": {"type": "Polygon", "coordinates": [[[-82.61998, 27.75962], [-82.6198867, 27.75962], [-82.6198867, 27.76038], [-82.61998, 27.76038], [-82.61998, 27.75962]]]}}, {"type": "Feature", "properties": {"height": 11.1, "baseHeight": 0.0}, "geometry": {"type": "Polygon", "coordinates": [[[-82.6196467, 27.75962], [-82.6195533, 27.75962], [-82.6195533, 27.76038], [-82.6196467, 27.76038], [-82.6196467, 27.75962]]]}}, {"type": "Feature", "properties": {"height": 6.8, "baseHeight": 0.0}, "geometry": {"type": "Polygon", "coordinates": [[[-82.6193133, 27.75962], [-82.61922, 27.75962], [-82.61922, 27.76038], [-82.6193133, 27.76038], [-82.6193133, 27.75962]]]}}, {"type": "Feature", "properties": {"height": 10.1, "baseHeight": 0.0}, "geometry": {"type": "Polygon", "coordinates": [[[-82.61678, 27.75962], [-82.6166867, 27.75962], [-82.6166867, 27.76038], [-82.61678, 27.76038], [-82.61678, 27.75962]]]}}, {"type": "Feature", "properties": {"height": 5.6, "baseHeight": 0.0}, "geometry": {"type": "Polygon", "coordinates": [[[-82.6164467, 27.75962], [-82.6163533, 27.75962], [-82.6163533, 27.76038], [-82.6164467, 27.76038], [-82.6164467, 27.75962]]]}}, {"type": "Feature", "properties": {"height": 10.4, "baseHeight": 0.0}, "geometry": {"type": "Polygon", "coordinates": [[[-82.6161133, 27.75962], [-82.61602, 27.75962], [-82.61602, 27.76038], [-82.6161133, 27.76038], [-82.6161133, 27.75962]]]}}, {"type": "Feature", "properties": {"height": 11.0, "baseHeight": 0.0}, "geometry": {"type": "Polygon", "coordinates": [[[-82.61518, 27.75962], [-82.61442, 27.75962], [-82.61442, 27.7597133], [-82.61518, 27.7597133], [-82.61518, 27.75962]]]}}, {"type": "Feature", "properties": {"height": 6.7, "baseHeight": 0.0}, "geometry": {"type": "Polygon", "coordinates": [[[-82.61518, 27.7599533], [-82.61442, 27.7599533], [-82.61442, 27.7600467], [-82.61518, 27.7600467], [-82.61518, 27.7599533]]]}}, {"type": "Feature", "properties": {"height": 7.6, "baseHeight": 0.0}, "geometry": {"type": "Polygon", "coordinates": [[[-82.61518, 27.7602867], [-82.61442, 27.7602867], [-82.61442, 27.76038], [-82.61518, 27.76038], [-82.61518, 27.7602867]]]}}, {"type": "Feature", "properties": {"height": 6.3, "baseHeight": 0.0}, "geometry": {"type": "Polygon", "coordinates": [[[-82.61358, 27.75962], [-82.61282, 27.75962], [-82.61282, 27.7597133], [-82.61358, 27.7597133], [-82.61358, 27.75962]]]}}, {"type": "Feature", "properties": {"height": 6.6, "baseHeight": 0.0}, "geometry": {"type": "Polygon", "coordinates": [[[-82.61358, 27.7602867], [-82.61282, 27.7602867], [-82.61282, 27.76038], [-82.61358, 27.76038], [-82.61358, 27.7602867]]]}}, {"type": "Feature", "properties": {"height": 11.3, "baseHeight": 0.0}, "geometry": {"type": "Polygon", "coordinates": [[[-82.66958, 27.76122], [-82.66882, 27.76122], [-82.66882, 27.76148], [-82.66958, 27.76148], [-82.66958, 27.76122]]]}}, {"type": "Feature", "properties": {"height": 7.3, "baseHeight": 0.0}, "geometry": {"type": "Polygon", "coordinates": [[[-82.66958, 27.76172], [-82.66882, 27.76172], [-82.66882, 27.76198], [-82.66958, 27.76198], [-82.66958, 27.76172]]]}}, {"type": "Feature", "properties": {"height": 10.8, "baseHeight": 0.0}, "geometry": {"type": "Polygon", "coordinates": [[[-82.66798, 27.76122], [-82.66772, 27.76122], [-82.66772, 27.76198], [-82.66798, 27.76198], [-82.66798, 27.76122]]]}}, {"type": "Feature", "properties": {"height": 7.0, "baseHeight": 0.0}, "geometry": {"type": "Polygon", "coordinates": [[[-82.66478, 27.76122], [-82.6646867, 27.76122], [-82.6646867, 27.76198], [-82.66478, 27.76198], [-82.66478, 27.76122]]]}}, {"type": "Feature", "properties": {"height": 6.1, "baseHeight": 0.0}, "geometry": {"type": "Polygon", "coordinates": [[[-82.66318, 27.76122], [-82.6630867, 27.76122], [-82.6630867, 27.76148], [-82.66318, 27.76148], [-82.66318, 27.76122]]]}}, {"type": "Feature", "properties": {"height": 7.2, "baseHeight": 0.0}, "geometry": {"type": "Polygon", "coordinates": [[[-82.6628467, 27.76172], [-82.6627533, 27.76172], [-82.6627533, 27.76198], [-82.6628467, 27.76198], [-82.6628467, 27.76172]]]}}, {"type": "Feature", "properties": {"height": 5.5, "baseHeight": 0.0}, "geometry": {"type": "Polygon", "coordinates": [[[-82.6625133, 27.76122], [-82.66242, 27.76122], [-82.66242, 27.76148], [-82.6625133, 27.76148], [-82.6625133, 27.76122]]]}}, {"type": "Feature", "properties": {"height": 8.3, "baseHeight": 0.0}, "geometry": {"type": "Polygon", "coordinates": [[[-82.6625133, 27.76172], [-82.66242, 27.76172], [-82.66242, 27.76198], [-82.6625133, 27.76198], [-82.6625133, 27.76172]]]}}, {"type": "Feature", "properties": {"height": 10.4, "baseHeight": 0.0}, "geometry": {"type": "Polygon", "coordinates": [[[-82.66158, 27.76122], [-82.66082, 27.76122], [-82.66082, 27.76148], [-82.66158, 27.76148], [-82.66158, 27.76122]]]}}, {"type": "Feature", "properties": {"height": 7.9, "baseHeight": 0.0}, "geometry": {"type": "Polygon", "coordinates": [[[-82.66158, 27.76172], [-82.66082, 27.76172], [-82.66082, 27.76198], [-82.66158, 27.76198], [-82.66158, 27.76172]]]}}, {"type": "Feature", "properties": {"height": 5.9, "baseHeight": 0.0}, "geometry": {"type": "Polygon", "coordinates": [[[-82.65998, 27.76122], [-82.6598867, 27.76122], [-82.6598867, 27.76198], [-82.65998, 27.76198], [-82.65998, 27.76122]]]}}, {"type": "Feature", "properties": {"height": 9.7, "baseHeight": 0.0}, "geometry": {"type": "Polygon", "coordinates": [[[-82.6596467, 27.76122], [-82.6595533, 27.76122], [-82.6595533, 27.76198], [-82.6596467, 27.76198], [-82.6596467, 27.76122]]]}}, {"type": "Feature", "properties": {"height": 6.5, "baseHeight": 0.0}, "geometry": {"type": "Polygon", "coordinates": [[[-82.65838, 27.76122], [-82.65762, 27.76122], [-82.65762, 27.76148], [-82.65838, 27.76148], [-82.65838, 27.76122]]]}}, {"type": "Feature", "properties": {"height": 11.4, "baseHeight": 0.0}, "geometry": {"type": "Polygon", "coordinates": [[[-82.65838, 27.76172], [-82.65762, 27.76172], [-82.65762, 27.76198], [-82.65838, 27.76198], [-82.65838, 27.76172]]]}}, {"type": "Feature", "properties": {"height": 22.4, "baseHeight": 0.0}, "geometry": {"type": "Polygon", "coordinates": [[[-82.65358, 27.76122], [-82.65332, 27.76122], [-82.65332, 27.76148], [-82.65358, 27.76148], [-82.65358, 27.76122]]]}}, {"type": "Feature", "properties": {"height": 16.0, "baseHeight": 0.0}, "geometry": {"type": "Polygon", "coordinates": [[[-82.65308, 27.76172], [-82.65282, 27.76172], [-82.65282, 27.76198], [-82.65308, 27.76198], [-82.65308, 27.76172]]]}}, {"type": "Feature", "properties": {"height": 24.7, "baseHeight": 0.0}, "geometry": {"type": "Polygon", "coordinates": [[[-82.65198, 27.76122], [-82.65122, 27.76122], [-82.65122, 27.76148], [-82.65198, 27.76148], [-82.65198, 27.76122]]]}}, {"type": "Feature", "properties": {"height": 25.0, "baseHeight": 0.0}, "geometry": {"type": "Polygon", "coordinates": [[[-82.65198, 27.76172], [-82.65122, 27.76172], [-82.65122, 27.76198], [-82.65198, 27.76198], [-82.65198, 27.76172]]]}}, {"type": "Feature", "properties": {"height": 52.2, "baseHeight": 0.0}, "geometry": {"type": "Polygon", "coordinates": [[[-82.64718, 27.76122], [-82.64642, 27.76122], [-82.64642, 27.76148], [-82.64718, 27.76148], [-82.64718, 27.76122]]]}}, {"type": "Feature", "properties": {"height": 23.6, "baseHeight": 0.0}, "geometry": {"type": "Polygon", "coordinates": [[[-82.64718, 27.76172], [-82.64642, 27.76172], [-82.64642, 27.76198], [-82.64718, 27.76198], [-82.64718, 27.76172]]]}}, {"type": "Feature", "properties": {"height": 12.5, "baseHeight": 0.0}, "geometry": {"type": "Polygon", "coordinates": [[[-82.64558, 27.76122], [-82.64532, 27.76122], [-82.64532, 27.76148], [-82.64558, 27.76148], [-82.64558, 27.76122]]]}}, {"type": "Feature", "properties": {"height": 32.7, "baseHeight": 0.0}, "geometry": {"type": "Polygon", "coordinates": [[[-82.64558, 27.76172], [-82.64532, 27.76172], [-82.64532, 27.76198], [-82.64558, 27.76198], [-82.64558, 27.76172]]]}}, {"type": "Feature", "properties": {"height": 14.3, "baseHeight": 0.0}, "geometry": {"type": "Polygon", "coordinates": [[[-82.64508, 27.76122], [-82.64482, 27.76122], [-82.64482, 27.76148], [-82.64508, 27.76148], [-82.64508, 27.76122]]]}}, {"type": "Feature", "properties": {"height": 28.5, "baseHeight": 0.0}, "geometry": {"type": "Polygon", "coordinates": [[[-82.64508, 27.76172], [-82.64482, 27.76172], [-82.64482, 27.76198], [-82.64508, 27.76198], [-82.64508, 27.76172]]]}}, {"type": "Feature", "properties": {"height": 20.0, "baseHeight": 0.0}, "geometry": {"type": "Polygon", "coordinates": [[[-82.64398, 27.76122], [-82.64372, 27.76122], [-82.64372, 27.7613133], [-82.64398, 27.7613133], [-82.64398, 27.76122]]]}}, {"type": "Feature", "properties": {"height": 25.6, "baseHeight": 0.0}, "geometry": {"type": "Polygon", "coordinates": [[[-82.64398, 27.7618867], [-82.64372, 27.7618867], [-82.64372, 27.76198], [-82.64398, 27.76198], [-82.64398, 27.7618867]]]}}, {"type": "Feature", "properties": {"height": 30.3, "baseHeight": 0.0}, "geometry": {"type": "Polygon", "coordinates": [[[-82.64348, 27.76122], [-82.64322, 27.76122], [-82.64322, 27.7613133], [-82.64348, 27.7613133], [-82.64348, 27.76122]]]}}, {"type": "Feature", "properties": {"height": 28.2, "baseHeight": 0.0}, "geometry": {"type": "Polygon", "coordinates": [[[-82.64348, 27.7615533], [-82.64322, 27.7615533], [-82.64322, 27.7616467], [-82.64348, 27.7616467], [-82.64348, 27.7615533]]]}}, {"type": "Feature", "properties": {"height": 16.6, "baseHeight": 0.0}, "geometry": {"type": "Polygon", "coordinates": [[[-82.64348, 27.7618867], [-82.64322, 27.7618867], [-82.64322, 27.76198], [-82.64348, 27.76198], [-82.64348, 27.7618867]]]}}, {"type": "Feature", "properties": {"height": 17.3, "baseHeight": 0.0}, "geometry": {"type": "Polygon", "coordinates": [[[-82.64238, 27.76122], [-82.64162, 27.76122], [-82.64162, 27.76148], [-82.64238, 27.76148], [-82.64238, 27.76122]]]}}, {"type": "Feature", "properties": {"height": 33.0, "baseHeight": 0.0}, "geometry": {"type": "Polygon", "coordinates": [[[-82.64238, 27.76172], [-82.64162, 27.76172], [-82.64162, 27.76198], [-82.64238, 27.76198], [-82.64238, 27.76172]]]}}, {"type": "Feature", "properties": {"height": 12.9, "baseHeight": 0.0}, "geometry": {"type": "Polygon", "coordinates": [[[-82.64078, 27.76122], [-82.6406867, 27.76122], [-82.6406867, 27.76198], [-82.64078, 27.76198], [-82.64078, 27.76122]]]}}, {"type": "Feature", "properties": {"height": 23.9, "baseHeight": 0.0}, "geometry": {"type": "Polygon", "coordinates": [[[-82.6404467, 27.76122], [-82.6403533, 27.76122], [-82.6403533, 27.76198], [-82.6404467, 27.76198], [-82.6404467, 27.76122]]]}}, {"type": "Feature", "properties": {"height": 32.8, "baseHeight": 0.0}, "geometry": {"type": "Polygon", "coordinates": [[[-82.6401133, 27.76122], [-82.64002, 27.76122], [-82.64002, 27.76198], [-82.6401133, 27.76198], [-82.6401133, 27.76122]]]}}, {"type": "Feature", "properties": {"height": 12.2, "baseHeight": 0.0}, "geometry": {"type": "Polygon", "coordinates": [[[-82.63918, 27.76122], [-82.63842, 27.76122], [-82.63842, 27.76198], [-82.63918, 27.76198], [-82.63918, 27.76122]]]}}, {"type": "Feature", "properties": {"height": 31.0, "baseHeight": 0.0}, "geometry": {"type": "Polygon", "coordinates": [[[-82.63758, 27.76122], [-82.63732, 27.76122], [-82.63732, 27.76198], [-82.63758, 27.76198], [-82.63758, 27.76122]]]}}, {"type": "Feature", "properties": {"height": 11.0, "baseHeight": 0.0}, "geometry": {"type": "Polygon", "coordinates": [[[-82.63708, 27.76122], [-82.63682, 27.76122], [-82.63682, 27.76198], [-82.63708, 27.76198], [-82.63708, 27.76122]]]}}, {"type": "Feature", "properties": {"height": 28.3, "baseHeight": 0.0}, "geometry": {"type": "Polygon", "coordinates": [[[-82.63598, 27.76122], [-82.6358867, 27.76122], [-82.6358867, 27.7613133], [-82.63598, 27.7613133], [-82.63598, 27.76122]]]}}, {"type": "Feature", "properties": {"height": 33.9, "baseHeight": 0.0}, "geometry": {"type": "Polygon", "coordinates": [[[-82.63598, 27.7618867], [-82.6358867, 27.7618867], [-82.6358867, 27.76198], [-82.63598, 27.76198], [-82.63598, 27.7618867]]]}}, {"type": "Feature", "properties": {"height": 32.3, "baseHeight": 0.0}, "geometry": {"type": "Polygon", "coordinates": [[[-82.6356467, 27.76122], [-82.6355533, 27.76122], [-82.6355533, 27.7613133], [-82.6356467, 27.7613133], [-82.6356467, 27.76122]]]}}, {"type": "Feature", "properties": {"height": 25.5, "baseHeight": 0.0}, "geometry": {"type": "Polygon", "coordinates": [[[-82.6356467, 27.7615533], [-82.6355533, 27.7615533], [-82.6355533, 27.7616467], [-82.6356467, 27.7616467], [-82.6356467, 27.7615533]]]}}, {"type": "Feature", "properties": {"height": 21.6, "baseHeight": 0.0}, "geometry": {"type": "Polygon", "coordinates": [[[-82.6356467, 27.7618867], [-82.6355533, 27.7618867], [-82.6355533, 27.76198], [-82.6356467, 27.76198], [-82.6356467, 27.7618867]]]}}, {"type": "Feature", "properties": {"height": 20.2, "baseHeight": 0.0}, "geometry": {"type": "Polygon", "coordinates": [[[-82.6353133, 27.76122], [-82.63522, 27.76122], [-82.63522, 27.7613133], [-82.6353133, 27.7613133], [-82.6353133, 27.76122]]]}}, {"type": "Feature", "properties": {"height": 25.9, "baseHeight": 0.0}, "geometry": {"type": "Polygon", "coordinates": [[[-82.6353133, 27.7615533], [-82.63522, 27.7615533], [-82.63522, 27.7616467], [-82.6353133, 27.7616467], [-82.6353133, 27.7615533]]]}}, {"type": "Feature", "properties": {"height": 15.8, "baseHeight": 0.0}, "geometry": {"type": "Polygon", "coordinates": [[[-82.63278, 27.76122], [-82.63202, 27.76122], [-82.63202, 27.76148], [-82.63278, 27.76148], [-82.63278, 27.76122]]]}}, {"type": "Feature", "properties": {"height": 19.5, "baseHeight": 0.0}, "geometry": {"type": "Polygon", "coordinates": [[[-82.63118, 27.76122], [-82.63092, 27.76122], [-82.63092, 27.76148], [-82.63118, 27.76148], [-82.63118, 27.76122]]]}}, {"type": "Feature", "properties": {"height": 17.2, "baseHeight": 0.0}, "geometry": {"type": "Polygon", "coordinates": [[[-82.63118, 27.76172], [-82.63092, 27.76172], [-82.63092, 27.76198], [-82.63118, 27.76198], [-82.63118, 27.76172]]]}}, {"type": "Feature", "properties": {"height": 12.8, "baseHeight": 0.0}, "geometry": {"type": "Polygon", "coordinates": [[[-82.63068, 27.76122], [-82.63042, 27.76122], [-82.63042, 27.76148], [-82.63068, 27.76148], [-82.63068, 27.76122]]]}}, {"type": "Feature", "properties": {"height": 20.7, "baseHeight": 0.0}, "geometry": {"type": "Polygon", "coordinates": [[[-82.63068, 27.76172], [-82.63042, 27.76172], [-82.63042, 27.76198], [-82.63068, 27.76198], [-82.63068, 27.76172]]]}}, {"type": "Feature", "properties": {"height": 17.9, "baseHeight": 0.0}, "geometry": {"type": "Polygon", "coordinates": [[[-82.62798, 27.76122], [-82.62722, 27.76122], [-82.62722, 27.76148], [-82.62798, 27.76148], [-82.62798, 27.76122]]]}}, {"type": "Feature", "properties": {"height": 32.7, "baseHeight": 0.0}, "geometry": {"type": "Polygon", "coordinates": [[[-82.62798, 27.76172], [-82.62722, 27.76172], [-82.62722, 27.76198], [-82.62798, 27.76198], [-82.62798, 27.76172]]]}}, {"type": "Feature", "properties": {"height": 15.9, "baseHeight": 0.0}, "geometry": {"type": "Polygon", "coordinates": [[[-82.62638, 27.76122], [-82.62612, 27.76122], [-82.62612, 27.76198], [-82.62638, 27.76198], [-82.62638, 27.76122]]]}}, {"type": "Feature", "properties": {"height": 16.6, "baseHeight": 0.0}, "geometry": {"type": "Polygon", "coordinates": [[[-82.62318, 27.76122], [-82.6230867, 27.76122], [-82.6230867, 27.76198], [-82.62318, 27.76198], [-82.62318, 27.76122]]]}}, {"type": "Feature", "properties": {"height": 27.1, "baseHeight": 0.0}, "geometry": {"type": "Polygon", "coordinates": [[[-82.6228467, 27.76122], [-82.6227533, 27.76122], [-82.6227533, 27.76198], [-82.6228467, 27.76198], [-82.6228467, 27.76122]]]}}, {"type": "Feature", "properties": {"height": 34.0, "baseHeight": 0.0}, "geometry": {"type": "Polygon", "coordinates": [[[-82.6225133, 27.76122], [-82.62242, 27.76122], [-82.62242, 27.76198], [-82.6225133, 27.76198], [-82.6225133, 27.76122]]]}}, {"type": "Feature", "properties": {"height": 7.1, "baseHeight": 0.0}, "geometry": {"type": "Polygon", "coordinates": [[[-82.61998, 27.76172], [-82.61922, 27.76172], [-82.61922, 27.76198], [-82.61998, 27.76198], [-82.61998, 27.76172]]]}}, {"type": "Feature", "properties": {"height": 5.4, "baseHeight": 0.0}, "geometry": {"type": "Polygon", "coordinates": [[[-82.61838, 27.76122], [-82.61812, 27.76122], [-82.61812, 27.76148], [-82.61838, 27.76148], [-82.61838, 27.76122]]]}}, {"type": "Feature", "properties": {"height": 8.2, "baseHeight": 0.0}, "geometry": {"type": "Polygon", "coordinates": [[[-82.61838, 27.76172], [-82.61812, 27.76172], [-82.61812, 27.76198], [-82.61838, 27.76198], [-82.61838, 27.76172]]]}}, {"type": "Feature", "properties": {"height": 9.5, "baseHeight": 0.0}, "geometry": {"type": "Polygon", "coordinates": [[[-82.61788, 27.76122], [-82.61762, 27.76122], [-82.61762, 27.76148], [-82.61788, 27.76148], [-82.61788, 27.76122]]]}}, {"type": "Feature", "properties": {"height": 8.3, "baseHeight": 0.0}, "geometry": {"type": "Polygon", "coordinates": [[[-82.61788, 27.76172], [-82.61762, 27.76172], [-82.61762, 27.76198], [-82.61788, 27.76198], [-82.61788, 27.76172]]]}}, {"type": "Feature", "properties": {"height": 8.9, "baseHeight": 0.0}, "geometry": {"type": "Polygon", "coordinates": [[[-82.61518, 27.76172], [-82.61442, 27.76172], [-82.61442, 27.76198], [-82.61518, 27.76198], [-82.61518, 27.76172]]]}}, {"type": "Feature", "properties": {"height": 6.0, "baseHeight": 0.0}, "geometry": {"type": "Polygon", "coordinates": [[[-82.61358, 27.76122], [-82.61332, 27.76122], [-82.61332, 27.76198], [-82.61358, 27.76198], [-82.61358, 27.76122]]]}}, {"type": "Feature", "properties": {"height": 6.9, "baseHeight": 0.0}, "geometry": {"type": "Polygon", "coordinates": [[[-82.61308, 27.76122], [-82.61282, 27.76122], [-82.61282, 27.76198], [-82.61308, 27.76198], [-82.61308, 27.76122]]]}}, {"type": "Feature", "properties": {"height": 10.7, "baseHeight": 0.0}, "geometry": {"type": "Polygon", "coordinates": [[[-82.61198, 27.76122], [-82.61122, 27.76122], [-82.61122, 27.76148], [-82.61198, 27.76148], [-82.61198, 27.76122]]]}}, {"type": "Feature", "properties": {"height": 7.3, "baseHeight": 0.0}, "geometry": {"type": "Polygon", "coordinates": [[[-82.61198, 27.76172], [-82.61122, 27.76172], [-82.61122, 27.76198], [-82.61198, 27.76198], [-82.61198, 27.76172]]]}}, {"type": "Feature", "properties": {"height": 6.5, "baseHeight": 0.0}, "geometry": {"type": "Polygon", "coordinates": [[[-82.66638, 27.76282], [-82.66562, 27.76282], [-82.66562, 27.76308], [-82.66638, 27.76308], [-82.66638, 27.76282]]]}}, {"type": "Feature", "properties": {"height": 11.4, "baseHeight": 0.0}, "geometry": {"type": "Polygon", "coordinates": [[[-82.66638, 27.76332], [-82.66562, 27.76332], [-82.66562, 27.76358], [-82.66638, 27.76358], [-82.66638, 27.76332]]]}}, {"type": "Feature", "properties": {"height": 5.2, "baseHeight": 0.0}, "geometry": {"type": "Polygon", "coordinates": [[[-82.66478, 27.76282], [-82.66452, 27.76282], [-82.66452, 27.7629133], [-82.66478, 27.7629133], [-82.66478, 27.76282]]]}}, {"type": "Feature", "properties": {"height": 6.0, "baseHeight": 0.0}, "geometry": {"type": "Polygon", "coordinates": [[[-82.66478, 27.7631533], [-82.66452, 27.7631533], [-82.66452, 27.7632467], [-82.66478, 27.7632467], [-82.66478, 27.7631533]]]}}, {"type": "Feature", "properties": {"height": 10.9, "baseHeight": 0.0}, "geometry": {"type": "Polygon", "coordinates": [[[-82.66428, 27.76282], [-82.66402, 27.76282], [-82.66402, 27.7629133], [-82.66428, 27.7629133], [-82.66428, 27.76282]]]}}, {"type": "Feature", "properties": {"height": 8.3, "baseHeight": 0.0}, "geometry": {"type": "Polygon", "coordinates": [[[-82.66428, 27.7634867], [-82.66402, 27.7634867], [-82.66402, 27.76358], [-82.66428, 27.76358], [-82.66428, 27.7634867]]]}}, {"type": "Feature", "properties": {"height": 5.1, "baseHeight": 0.0}, "geometry": {"type": "Polygon", "coordinates": [[[-82.66318, 27.76282], [-82.66242, 27.76282], [-82.66242, 27.76308], [-82.66318, 27.76308], [-82.66318, 27.76282]]]}}, {"type": "Feature", "properties": {"height": 5.4, "baseHeight": 0.0}, "geometry": {"type": "Polygon", "coordinates": [[[-82.66318, 27.76332], [-82.66242, 27.76332], [-82.66242, 27.76358], [-82.66318, 27.76358], [-82.66318, 27.76332]]]}}, {"type": "Feature", "properties": {"height": 5.1, "baseHeight": 0.0}, "geometry": {"type": "Polygon", "coordinates": [[[-82.65998, 27.76282], [-82.6598867, 27.76282], [-82.6598867, 27.76308], [-82.65998, 27.76308], [-82.65998, 27.76282]]]}}, {"type": "Feature", "properties": {"height": 10.4, "baseHeight": 0.0}, "geometry": {"type": "Polygon", "coordinates": [[[-82.65998, 27.76332], [-82.6598867, 27.76332], [-82.6598867, 27.76358], [-82.65998, 27.76358], [-82.65998, 27.76332]]]}}, {"type": "Feature", "properties": {"height": 10.2, "baseHeight": 0.0}, "geometry": {"type": "Polygon", "coordinates": [[[-82.6596467, 27.76282], [-82.6595533, 27.76282], [-82.6595533, 27.76308], [-82.6596467, 27.76308], [-82.6596467, 27.76282]]]}}, {"type": "Feature", "properties": {"height": 6.6, "baseHeight": 0.0}, "geometry": {"type": "Polygon", "coordinates": [[[-82.6596467, 27.76332], [-82.6595533, 27.76332], [-82.6595533, 27.76358], [-82.6596467, 27.76358], [-82.6596467, 27.76332]]]}}, {"type": "Feature", "properties": {"height": 10.3, "baseHeight": 0.0}, "geometry": {"type": "Polygon", "coordinates": [[[-82.6593133, 27.76282], [-82.65922, 27.76282], [-82.65922, 27.76308], [-82.6593133, 27.76308], [-82.6593133, 27.76282]]]}}, {"type": "Feature", "properties": {"height": 5.4, "baseHeight": 0.0}, "geometry": {"type": "Polygon", "coordinates": [[[-82.6593133, 27.76332], [-82.65922, 27.76332], [-82.65922, 27.76358], [-82.6593133, 27.76358], [-82.6593133, 27.76332]]]}}, {"type": "Feature", "properties": {"height": 6.1, "baseHeight": 0.0}, "geometry": {"type": "Polygon", "coordinates": [[[-82.65838, 27.76282], [-82.65762, 27.76282], [-82.65762, 27.7629133], [-82.65838, 27.7629133], [-82.65838, 27.76282]]]}}, {"type": "Feature", "properties": {"height": 7.2, "baseHeight": 0.0}, "geometry": {"type": "Polygon", "coordinates": [[[-82.65838, 27.7631533], [-82.65762, 27.7631533], [-82.65762, 27.7632467], [-82.65838, 27.7632467], [-82.65838, 27.7631533]]]}}, {"type": "Feature", "properties": {"height": 5.1, "baseHeight": 0.0}, "geometry": {"type": "Polygon", "coordinates": [[[-82.65838, 27.7634867], [-82.65762, 27.7634867], [-82.65762, 27.76358], [-82.65838, 27.76358], [-82.65838, 27.7634867]]]}}, {"type": "Feature", "properties": {"height": 27.6, "baseHeight": 0.0}, "geometry": {"type": "Polygon", "coordinates": [[[-82.65518, 27.76282], [-82.6550867, 27.76282], [-82.6550867, 27.76308], [-82.65518, 27.76308], [-82.65518, 27.76282]]]}}, {"type": "Feature", "properties": {"height": 32.5, "baseHeight": 0.0}, "geometry": {"type": "Polygon", "coordinates": [[[-82.65518, 27.76332], [-82.6550867, 27.76332], [-82.6550867, 27.76358], [-82.65518, 27.76358], [-82.65518, 27.76332]]]}}, {"type": "Feature", "properties": {"height": 12.1, "baseHeight": 0.0}, "geometry": {"type": "Polygon", "coordinates": [[[-82.6548467, 27.76282], [-82.6547533, 27.76282], [-82.6547533, 27.76308], [-82.6548467, 27.76308], [-82.6548467, 27.76282]]]}}, {"type": "Feature", "properties": {"height": 21.1, "baseHeight": 0.0}, "geometry": {"type": "Polygon", "coordinates": [[[-82.6548467, 27.76332], [-82.6547533, 27.76332], [-82.6547533, 27.76358], [-82.6548467, 27.76358], [-82.6548467, 27.76332]]]}}, {"type": "Feature", "properties": {"height": 21.0, "baseHeight": 0.0}, "geometry": {"type": "Polygon", "coordinates": [[[-82.6545133, 27.76282], [-82.65442, 27.76282], [-82.65442, 27.76308], [-82.6545133, 27.76308], [-82.6545133, 27.76282]]]}}, {"type": "Feature", "properties": {"height": 31.5, "baseHeight": 0.0}, "geometry": {"type": "Polygon", "coordinates": [[[-82.6545133, 27.76332], [-82.65442, 27.76332], [-82.65442, 27.76358], [-82.6545133, 27.76358], [-82.6545133, 27.76332]]]}}, {"type": "Feature", "properties": {"height": 31.0, "baseHeight": 0.0}, "geometry": {"type": "Polygon", "coordinates": [[[-82.65198, 27.76282], [-82.65122, 27.76282], [-82.65122, 27.7629133], [-82.65198, 27.7629133], [-82.65198, 27.76282]]]}}, {"type": "Feature", "properties": {"height": 15.7, "baseHeight": 0.0}, "geometry": {"type": "Polygon", "coordinates": [[[-82.65198, 27.7631533], [-82.65122, 27.7631533], [-82.65122, 27.7632467], [-82.65198, 27.7632467], [-82.65198, 27.7631533]]]}}, {"type": "Feature", "properties": {"height": 25.4, "baseHeight": 0.0}, "geometry": {"type": "Polygon", "coordinates": [[[-82.64878, 27.76282], [-82.64852, 27.76282], [-82.64852, 27.76358], [-82.64878, 27.76358], [-82.64878, 27.76282]]]}}, {"type": "Feature", "properties": {"height": 32.1, "baseHeight": 0.0}, "geometry": {"type": "Polygon", "coordinates": [[[-82.64828, 27.76282], [-82.64802, 27.76282], [-82.64802, 27.76358], [-82.64828, 27.76358], [-82.64828, 27.76282]]]}}, {"type": "Feature", "properties": {"height": 18.2, "baseHeight": 0.0}, "geometry": {"type": "Polygon", "coordinates": [[[-82.64718, 27.76282], [-82.6470867, 27.76282], [-82.6470867, 27.7629133], [-82.64718, 27.7629133], [-82.64718, 27.76282]]]}}, {"type": "Feature", "properties": {"height": 31.2, "baseHeight": 0.0}, "geometry": {"type": "Polygon", "coordinates": [[[-82.64718, 27.7631533], [-82.6470867, 27.7631533], [-82.6470867, 27.7632467], [-82.64718, 27.7632467], [-82.64718, 27.7631533]]]}}, {"type": "Feature", "properties": {"height": 33.8, "baseHeight": 0.0}, "geometry": {"type": "Polygon", "coordinates": [[[-82.64718, 27.7634867], [-82.6470867, 27.7634867], [-82.6470867, 27.76358], [-82.64718, 27.76358], [-82.64718, 27.7634867]]]}}, {"type": "Feature", "properties": {"height": 22.6, "baseHeight": 0.0}, "geometry": {"type": "Polygon", "coordinates": [[[-82.6468467, 27.76282], [-82.6467533, 27.76282], [-82.6467533, 27.7629133], [-82.6468467, 27.7629133], [-82.6468467, 27.76282]]]}}, {"type": "Feature", "properties": {"height": 28.8, "baseHeight": 0.0}, "geometry": {"type": "Polygon", "coordinates": [[[-82.6468467, 27.7631533], [-82.6467533, 27.7631533], [-82.6467533, 27.7632467], [-82.6468467, 27.7632467], [-82.6468467, 27.7631533]]]}}, {"type": "Feature", "properties": {"height": 19.0, "baseHeight": 0.0}, "geometry": {"type": "Polygon", "coordinates": [[[-82.6465133, 27.76282], [-82.64642, 27.76282], [-82.64642, 27.7629133], [-82.6465133, 27.7629133], [-82.6465133, 27.76282]]]}}, {"type": "Feature", "properties": {"height": 15.1, "baseHeight": 0.0}, "geometry": {"type": "Polygon", "coordinates": [[[-82.6465133, 27.7634867], [-82.64642, 27.7634867], [-82.64642, 27.76358], [-82.6465133, 27.76358], [-82.6465133, 27.7634867]]]}}, {"type": "Feature", "properties": {"height": 19.9, "baseHeight": 0.0}, "geometry": {"type": "Polygon", "coordinates": [[[-82.64558, 27.76282], [-82.64482, 27.76282], [-82.64482, 27.76308], [-82.64558, 27.76308], [-82.64558, 27.76282]]]}}, {"type": "Feature", "properties": {"height": 22.8, "baseHeight": 0.0}, "geometry": {"type": "Polygon", "coordinates": [[[-82.64558, 27.76332], [-82.64482, 27.76332], [-82.64482, 27.76358], [-82.64558, 27.76358], [-82.64558, 27.76332]]]}}, {"type": "Feature", "properties": {"height": 20.3, "baseHeight": 0.0}, "geometry": {"type": "Polygon", "coordinates": [[[-82.64238, 27.76282], [-82.64162, 27.76282], [-82.64162, 27.76358], [-82.64238, 27.76358], [-82.64238, 27.76282]]]}}, {"type": "Feature", "properties": {"height": 12.6, "baseHeight": 0.0}, "geometry": {"type": "Polygon", "coordinates": [[[-82.64078, 27.76282], [-82.64052, 27.76282], [-82.64052, 27.76358], [-82.64078, 27.76358], [-82.64078, 27.76282]]]}}, {"type": "Feature", "properties": {"height": 22.8, "baseHeight": 0.0}, "geometry": {"type": "Polygon", "coordinates": [[[-82.64028, 27.76282], [-82.64002, 27.76282], [-82.64002, 27.76358], [-82.64028, 27.76358], [-82.64028, 27.76282]]]}}, {"type": "Feature", "properties": {"height": 18.2, "baseHeight": 0.0}, "geometry": {"type": "Polygon", "coordinates": [[[-82.63918, 27.7631533], [-82.6390867, 27.7631533], [-82.6390867, 27.7632467], [-82.63918, 27.7632467], [-82.63918, 27.7631533]]]}}, {"type": "Feature", "properties": {"height": 28.5, "baseHeight": 0.0}, "geometry": {"type": "Polygon", "coordinates": [[[-82.63918, 27.7634867], [-82.6390867, 27.7634867], [-82.6390867, 27.76358], [-82.63918, 27.76358], [-82.63918, 27.7634867]]]}}, {"type": "Feature", "properties": {"height": 21.6, "baseHeight": 0.0}, "geometry": {"type": "Polygon", "coordinates": [[[-82.6388467, 27.76282], [-82.6387533, 27.76282], [-82.6387533, 27.7629133], [-82.6388467, 27.7629133], [-82.6388467, 27.76282]]]}}, {"type": "Feature", "properties": {"height": 32.6, "baseHeight": 0.0}, "geometry": {"type": "Polygon", "coordinates": [[[-82.6388467, 27.7631533], [-82.6387533, 27.7631533], [-82.6387533, 27.7632467], [-82.6388467, 27.7632467], [-82.6388467, 27.7631533]]]}}, {"type": "Feature", "properties": {"height": 14.7, "baseHeight": 0.0}, "geometry": {"type": "Polygon", "coordinates": [[[-82.6388467, 27.7634867], [-82.6387533, 27.7634867], [-82.6387533, 27.76358], [-82.6388467, 27.76358], [-82.6388467, 27.7634867]]]}}, {"type": "Feature", "properties": {"height": 22.8, "baseHeight": 0.0}, "geometry": {"type": "Polygon", "coordinates": [[[-82.6385133, 27.76282], [-82.63842, 27.76282], [-82.63842, 27.7629133], [-82.6385133, 27.7629133], [-82.6385133, 27.76282]]]}}, {"type": "Feature", "properties": {"height": 14.2, "baseHeight": 0.0}, "geometry": {"type": "Polygon", "coordinates": [[[-82.6385133, 27.7631533], [-82.63842, 27.7631533], [-82.63842, 27.7632467], [-82.6385133, 27.7632467], [-82.6385133, 27.7631533]]]}}, {"type": "Feature", "properties": {"height": 15.0, "baseHeight": 0.0}, "geometry": {"type": "Polygon", "coordinates": [[[-82.6385133, 27.7634867], [-82.63842, 27.7634867], [-82.63842, 27.76358], [-82.6385133, 27.76358], [-82.6385133, 27.7634867]]]}}, {"type": "Feature", "properties": {"height": 12.6, "baseHeight": 0.0}, "geometry": {"type": "Polygon", "coordinates": [[[-82.63758, 27.76282], [-82.63682, 27.76282], [-82.63682, 27.76358], [-82.63758, 27.76358], [-82.63758, 27.76282]]]}}, {"type": "Feature", "properties": {"height": 19.2, "baseHeight": 0.0}, "geometry": {"type": "Polygon", "coordinates": [[[-82.63598, 27.76282], [-82.63522, 27.76282], [-82.63522, 27.76308], [-82.63598, 27.76308], [-82.63598, 27.76282]]]}}, {"type": "Feature", "properties": {"height": 20.8, "baseHeight": 0.0}, "geometry": {"type": "Polygon", "coordinates": [[[-82.63598, 27.76332], [-82.63522, 27.76332], [-82.63522, 27.76358], [-82.63598, 27.76358], [-82.63598, 27.76332]]]}}, {"type": "Feature", "properties": {"height": 26.0, "baseHeight": 0.0}, "geometry": {"type": "Polygon", "coordinates": [[[-82.63278, 27.76282], [-82.63252, 27.76282], [-82.63252, 27.76308], [-82.63278, 27.76308], [-82.63278, 27.76282]]]}}, {"type": "Feature", "properties": {"height": 18.1, "baseHeight": 0.0}, "geometry": {"type": "Polygon", "coordinates": [[[-82.63278, 27.76332], [-82.63252, 27.76332], [-82.63252, 27.76358], [-82.63278, 27.76358], [-82.63278, 27.76332]]]}}, {"type": "Feature", "properties": {"height": 25.0, "baseHeight": 0.0}, "geometry": {"type": "Polygon", "coordinates": [[[-82.63228, 27.76282], [-82.63202, 27.76282], [-82.63202, 27.76308], [-82.63228, 27.76308], [-82.63228, 27.76282]]]}}, {"type": "Feature", "properties": {"height": 14.5, "baseHeight": 0.0}, "geometry": {"type": "Polygon", "coordinates": [[[-82.63228, 27.76332], [-82.63202, 27.76332], [-82.63202, 27.76358], [-82.63228, 27.76358], [-82.63228, 27.76332]]]}}, {"type": "Feature", "properties": {"height": 16.5, "baseHeight": 0.0}, "geometry": {"type": "Polygon", "coordinates": [[[-82.63118, 27.76282], [-82.63092, 27.76282], [-82.63092, 27.76308], [-82.63118, 27.76308], [-82.63118, 27.76282]]]}}, {"type": "Feature", "properties": {"height": 24.9, "baseHeight": 0.0}, "geometry": {"type": "Polygon", "coordinates": [[[-82.63118, 27.76332], [-82.63092, 27.76332], [-82.63092, 27.76358], [-82.63118, 27.76358], [-82.63118, 27.76332]]]}}, {"type": "Feature", "properties": {"height": 23.0, "baseHeight": 0.0}, "geometry": {"type": "Polygon", "coordinates": [[[-82.63068, 27.76332], [-82.63042, 27.76332], [-82.63042, 27.76358], [-82.63068, 27.76358], [-82.63068, 27.76332]]]}}, {"type": "Feature", "properties": {"height": 21.9, "baseHeight": 0.0}, "geometry": {"type": "Polygon", "coordinates": [[[-82.62958, 27.76282], [-82.62882, 27.76282], [-82.62882, 27.76308], [-82.62958, 27.76308], [-82.62958, 27.76282]]]}}, {"type": "Feature", "properties": {"height": 30.0, "baseHeight": 0.0}, "geometry": {"type": "Polygon", "coordinates": [[[-82.62958, 27.76332], [-82.62882, 27.76332], [-82.62882, 27.76358], [-82.62958, 27.76358], [-82.62958, 27.76332]]]}}, {"type": "Feature", "properties": {"height": 12.2, "baseHeight": 0.0}, "geometry": {"type": "Polygon", "coordinates": [[[-82.62798, 27.76282], [-82.62722, 27.76282], [-82.62722, 27.7629133], [-82.62798, 27.7629133], [-82.62798, 27.76282]]]}}, {"type": "Feature", "properties": {"height": 23.2, "baseHeight": 0.0}, "geometry": {"type": "Polygon", "coordinates": [[[-82.62798, 27.7631533], [-82.62722, 27.7631533], [-82.62722, 27.7632467], [-82.62798, 27.7632467], [-82.62798, 27.7631533]]]}}, {"type": "Feature", "properties": {"height": 19.0, "baseHeight": 0.0}, "geometry": {"type": "Polygon", "coordinates": [[[-82.62798, 27.7634867], [-82.62722, 27.7634867], [-82.62722, 27.76358], [-82.62798, 27.76358], [-82.62798, 27.7634867]]]}}, {"type": "Feature", "properties": {"height": 31.3, "baseHeight": 0.0}, "geometry": {"type": "Polygon", "coordinates": [[[-82.62638, 27.76282], [-82.6262867, 27.76282], [-82.6262867, 27.76308], [-82.62638, 27.76308], [-82.62638, 27.76282]]]}}, {"type": "Feature", "properties": {"height": 22.1, "baseHeight": 0.0}, "geometry": {"type": "Polygon", "coordinates": [[[-82.62638, 27.76332], [-82.6262867, 27.76332], [-82.6262867, 27.76358], [-82.62638, 27.76358], [-82.62638, 27.76332]]]}}, {"type": "Feature", "properties": {"height": 30.6, "baseHeight": 0.0}, "geometry": {"type": "Polygon", "coordinates": [[[-82.6260467, 27.76332], [-82.6259533, 27.76332], [-82.6259533, 27.76358], [-82.6260467, 27.76358], [-82.6260467, 27.76332]]]}}, {"type": "Feature", "properties": {"height": 22.8, "baseHeight": 0.0}, "geometry": {"type": "Polygon", "coordinates": [[[-82.62318, 27.76282], [-82.62292, 27.76282], [-82.62292, 27.76308], [-82.62318, 27.76308], [-82.62318, 27.76282]]]}}, {"type": "Feature", "properties": {"height": 60.0, "baseHeight": 0.0}, "geometry": {"type": "Polygon", "coordinates": [[[-82.62318, 27.76332], [-82.62292, 27.76332], [-82.62292, 27.76358], [-82.62318, 27.76358], [-82.62318, 27.76332]]]}}, {"type": "Feature", "properties": {"height": 29.2, "baseHeight": 0.0}, "geometry": {"type": "Polygon", "coordinates": [[[-82.62268, 27.76282], [-82.62242, 27.76282], [-82.62242, 27.76308], [-82.62268, 27.76308], [-82.62268, 27.76282]]]}}, {"type": "Feature", "properties": {"height": 19.6, "baseHeight": 0.0}, "geometry": {"type": "Polygon", "coordinates": [[[-82.61998, 27.76282], [-82.61972, 27.76282], [-82.61972, 27.76358], [-82.61998, 27.76358], [-82.61998, 27.76282]]]}}, {"type": "Feature", "properties": {"height": 14.7, "baseHeight": 0.0}, "geometry": {"type": "Polygon", "coordinates": [[[-82.61948, 27.76282], [-82.61922, 27.76282], [-82.61922, 27.76358], [-82.61948, 27.76358], [-82.61948, 27.76282]]]}}, {"type": "Feature", "properties": {"height": 6.6, "baseHeight": 0.0}, "geometry": {"type": "Polygon", "coordinates": [[[-82.61838, 27.76282], [-82.6182867, 27.76282], [-82.6182867, 27.76358], [-82.61838, 27.76358], [-82.61838, 27.76282]]]}}, {"type": "Feature", "properties": {"height": 6.7, "baseHeight": 0.0}, "geometry": {"type": "Polygon", "coordinates": [[[-82.6180467, 27.76282], [-82.6179533, 27.76282], [-82.6179533, 27.76358], [-82.6180467, 27.76358], [-82.6180467, 27.76282]]]}}, {"type": "Feature", "properties": {"height": 7.4, "baseHeight": 0.0}, "geometry": {"type": "Polygon", "coordinates": [[[-82.6177133, 27.76282], [-82.61762, 27.76282], [-82.61762, 27.76358], [-82.6177133, 27.76358], [-82.6177133, 27.76282]]]}}, {"type": "Feature", "properties": {"height": 9.3, "baseHeight": 0.0}, "geometry": {"type": "Polygon", "coordinates": [[[-82.61678, 27.76282], [-82.61652, 27.76282], [-82.61652, 27.76358], [-82.61678, 27.76358], [-82.61678, 27.76282]]]}}, {"type": "Feature", "properties": {"height": 5.9, "baseHeight": 0.0}, "geometry": {"type": "Polygon", "coordinates": [[[-82.61628, 27.76282], [-82.61602, 27.76282], [-82.61602, 27.76358], [-82.61628, 27.76358], [-82.61628, 27.76282]]]}}, {"type": "Feature", "properties": {"height": 7.8, "baseHeight": 0.0}, "geometry": {"type": "Polygon", "coordinates": [[[-82.61358, 27.76282], [-82.61282, 27.76282], [-82.61282, 27.76308], [-82.61358, 27.76308], [-82.61358, 27.76282]]]}}, {"type": "Feature", "properties": {"height": 44.1, "baseHeight": 0.0}, "geometry": {"type": "Polygon", "coordinates": [[[-82.61358, 27.76332], [-82.61282, 27.76332], [-82.61282, 27.76358], [-82.61358, 27.76358], [-82.61358, 27.76332]]]}}, {"type": "Feature", "properties": {"height": 9.2, "baseHeight": 0.0}, "geometry": {"type": "Polygon", "coordinates": [[[-82.61198, 27.76282], [-82.61122, 27.76282], [-82.61122, 27.76358], [-82.61198, 27.76358], [-82.61198, 27.76282]]]}}, {"type": "Feature", "properties": {"height": 6.7, "baseHeight": 0.0}, "geometry": {"type": "Polygon", "coordinates": [[[-82.66958, 27.76492], [-82.66882, 27.76492], [-82.66882, 27.76518], [-82.66958, 27.76518], [-82.66958, 27.76492]]]}}, {"type": "Feature", "properties": {"height": 10.5, "baseHeight": 0.0}, "geometry": {"type": "Polygon", "coordinates": [[[-82.66638, 27.76442], [-82.66562, 27.76442], [-82.66562, 27.76468], [-82.66638, 27.76468], [-82.66638, 27.76442]]]}}, {"type": "Feature", "properties": {"height": 6.4, "baseHeight": 0.0}, "geometry": {"type": "Polygon", "coordinates": [[[-82.66638, 27.76492], [-82.66562, 27.76492], [-82.66562, 27.76518], [-82.66638, 27.76518], [-82.66638, 27.76492]]]}}, {"type": "Feature", "properties": {"height": 10.6, "baseHeight": 0.0}, "geometry": {"type": "Polygon", "coordinates": [[[-82.66318, 27.76442], [-82.66292, 27.76442], [-82.66292, 27.76518], [-82.66318, 27.76518], [-82.66318, 27.76442]]]}}, {"type": "Feature", "properties": {"height": 5.6, "baseHeight": 0.0}, "geometry": {"type": "Polygon", "coordinates": [[[-82.66268, 27.76442], [-82.66242, 27.76442], [-82.66242, 27.76518], [-82.66268, 27.76518], [-82.66268, 27.76442]]]}}, {"type": "Feature", "properties": {"height": 6.7, "baseHeight": 0.0}, "geometry": {"type": "Polygon", "coordinates": [[[-82.66158, 27.76442], [-82.66082, 27.76442], [-82.66082, 27.76468], [-82.66158, 27.76468], [-82.66158, 27.76442]]]}}, {"type": "Feature", "properties": {"height": 9.6, "baseHeight": 0.0}, "geometry": {"type": "Polygon", "coordinates": [[[-82.66158, 27.76492], [-82.66082, 27.76492], [-82.66082, 27.76518], [-82.66158, 27.76518], [-82.66158, 27.76492]]]}}, {"type": "Feature", "properties": {"height": 39.6, "baseHeight": 0.0}, "geometry": {"type": "Polygon", "coordinates": [[[-82.65998, 27.76442], [-82.65922, 27.76442], [-82.65922, 27.7645133], [-82.65998, 27.7645133], [-82.65998, 27.76442]]]}}, {"type": "Feature", "properties": {"height": 5.5, "baseHeight": 0.0}, "geometry": {"type": "Polygon", "coordinates": [[[-82.65998, 27.7647533], [-82.65922, 27.7647533], [-82.65922, 27.7648467], [-82.65998, 27.7648467], [-82.65998, 27.7647533]]]}}, {"type": "Feature", "properties": {"height": 9.4, "baseHeight": 0.0}, "geometry": {"type": "Polygon", "coordinates": [[[-82.65998, 27.7650867], [-82.65922, 27.7650867], [-82.65922, 27.76518], [-82.65998, 27.76518], [-82.65998, 27.7650867]]]}}, {"type": "Feature", "properties": {"height": 5.1, "baseHeight": 0.0}, "geometry": {"type": "Polygon", "coordinates": [[[-82.65838, 27.76442], [-82.65812, 27.76442], [-82.65812, 27.76468], [-82.65838, 27.76468], [-82.65838, 27.76442]]]}}, {"type": "Feature", "properties": {"height": 7.8, "baseHeight": 0.0}, "geometry": {"type": "Polygon", "coordinates": [[[-82.65788, 27.76492], [-82.65762, 27.76492], [-82.65762, 27.76518], [-82.65788, 27.76518], [-82.65788, 27.76492]]]}}, {"type": "Feature", "properties": {"height": 6.9, "baseHeight": 0.0}, "geometry": {"type": "Polygon", "coordinates": [[[-82.65678, 27.76442], [-82.65652, 27.76442], [-82.65652, 27.76518], [-82.65678, 27.76518], [-82.65678, 27.76442]]]}}, {"type": "Feature", "properties": {"height": 7.3, "baseHeight": 0.0}, "geometry": {"type": "Polygon", "coordinates": [[[-82.65628, 27.76442], [-82.65602, 27.76442], [-82.65602, 27.76518], [-82.65628, 27.76518], [-82.65628, 27.76442]]]}}, {"type": "Feature", "properties": {"height": 25.2, "baseHeight": 0.0}, "geometry": {"type": "Polygon", "coordinates": [[[-82.65358, 27.76442], [-82.65332, 27.76442], [-82.65332, 27.76518], [-82.65358, 27.76518], [-82.65358, 27.76442]]]}}, {"type": "Feature", "properties": {"height": 99.1, "baseHeight": 0.0}, "geometry": {"type": "Polygon", "coordinates": [[[-82.65308, 27.76442], [-82.65282, 27.76442], [-82.65282, 27.76518], [-82.65308, 27.76518], [-82.65308, 27.76442]]]}}, {"type": "Feature", "properties": {"height": 22.1, "baseHeight": 0.0}, "geometry": {"type": "Polygon", "coordinates": [[[-82.64558, 27.76442], [-82.64482, 27.76442], [-82.64482, 27.76468], [-82.64558, 27.76468], [-82.64558, 27.76442]]]}}, {"type": "Feature", "properties": {"height": 12.4, "baseHeight": 0.0}, "geometry": {"type": "Polygon", "coordinates": [[[-82.64558, 27.76492], [-82.64482, 27.76492], [-82.64482, 27.76518], [-82.64558, 27.76518], [-82.64558, 27.76492]]]}}, {"type": "Feature", "properties": {"height": 17.9, "baseHeight": 0.0}, "geometry": {"type": "Polygon", "coordinates": [[[-82.64398, 27.76442], [-82.64372, 27.76442], [-82.64372, 27.76468], [-82.64398, 27.76468], [-82.64398, 27.76442]]]}}, {"type": "Feature", "properties": {"height": 19.7, "baseHeight": 0.0}, "geometry": {"type": "Polygon", "coordinates": [[[-82.64398, 27.76492], [-82.64372, 27.76492], [-82.64372, 27.76518], [-82.64398, 27.76518], [-82.64398, 27.76492]]]}}, {"type": "Feature", "properties": {"height": 32.1, "baseHeight": 0.0}, "geometry": {"type": "Polygon", "coordinates": [[[-82.64348, 27.76492], [-82.64322, 27.76492], [-82.64322, 27.76518], [-82.64348, 27.76518], [-82.64348, 27.76492]]]}}, {"type": "Feature", "properties": {"height": 39.3, "baseHeight": 0.0}, "geometry": {"type": "Polygon", "coordinates": [[[-82.64238, 27.76442], [-82.64212, 27.76442], [-82.64212, 27.76468], [-82.64238, 27.76468], [-82.64238, 27.76442]]]}}, {"type": "Feature", "properties": {"height": 33.4, "baseHeight": 0.0}, "geometry": {"type": "Polygon", "coordinates": [[[-82.64238, 27.76492], [-82.64212, 27.76492], [-82.64212, 27.76518], [-82.64238, 27.76518], [-82.64238, 27.76492]]]}}, {"type": "Feature", "properties": {"height": 28.7, "baseHeight": 0.0}, "geometry": {"type": "Polygon", "coordinates": [[[-82.64188, 27.76442], [-82.64162, 27.76442], [-82.64162, 27.76468], [-82.64188, 27.76468], [-82.64188, 27.76442]]]}}, {"type": "Feature", "properties": {"height": 20.4, "baseHeight": 0.0}, "geometry": {"type": "Polygon", "coordinates": [[[-82.64188, 27.76492], [-82.64162, 27.76492], [-82.64162, 27.76518], [-82.64188, 27.76518], [-82.64188, 27.76492]]]}}, {"type": "Feature", "properties": {"height": 81.2, "baseHeight": 0.0}, "geometry": {"type": "Polygon", "coordinates": [[[-82.63918, 27.76442], [-82.63842, 27.76442], [-82.63842, 27.76468], [-82.63918, 27.76468], [-82.63918, 27.76442]]]}}, {"type": "Feature", "properties": {"height": 33.2, "baseHeight": 0.0}, "geometry": {"type": "Polygon", "coordinates": [[[-82.63918, 27.76492], [-82.63842, 27.76492], [-82.63842, 27.76518], [-82.63918, 27.76518], [-82.63918, 27.76492]]]}}, {"type": "Feature", "properties": {"height": 90.7, "baseHeight": 0.0}, "geometry": {"type": "Polygon", "coordinates": [[[-82.63758, 27.76442], [-82.63682, 27.76442], [-82.63682, 27.76518], [-82.63758, 27.76518], [-82.63758, 27.76442]]]}}, {"type": "Feature", "properties": {"height": 43.8, "baseHeight": 0.0}, "geometry": {"type": "Polygon", "coordinates": [[[-82.6356467, 27.76442], [-82.6355533, 27.76442], [-82.6355533, 27.76518], [-82.6356467, 27.76518], [-82.6356467, 27.76442]]]}}, {"type": "Feature", "properties": {"height": 48.5, "baseHeight": 0.0}, "geometry": {"type": "Polygon", "coordinates": [[[-82.6353133, 27.76442], [-82.63522, 27.76442], [-82.63522, 27.76518], [-82.6353133, 27.76518], [-82.6353133, 27.76442]]]}}, {"type": "Feature", "properties": {"height": 81.8, "baseHeight": 0.0}, "geometry": {"type": "Polygon", "coordinates": [[[-82.63438, 27.76442], [-82.6342867, 27.76442], [-82.6342867, 27.76518], [-82.63438, 27.76518], [-82.63438, 27.76442]]]}}, {"type": "Feature", "properties": {"height": 27.3, "baseHeight": 0.0}, "geometry": {"type": "Polygon", "coordinates": [[[-82.6340467, 27.76442], [-82.6339533, 27.76442], [-82.6339533, 27.76518], [-82.6340467, 27.76518], [-82.6340467, 27.76442]]]}}, {"type": "Feature", "properties": {"height": 28.5, "baseHeight": 0.0}, "geometry": {"type": "Polygon", "coordinates": [[[-82.6337133, 27.76442], [-82.63362, 27.76442], [-82.63362, 27.76518], [-82.6337133, 27.76518], [-82.6337133, 27.76442]]]}}, {"type": "Feature", "properties": {"height": 26.0, "baseHeight": 0.0}, "geometry": {"type": "Polygon", "coordinates": [[[-82.63278, 27.76442], [-82.63202, 27.76442], [-82.63202, 27.76468], [-82.63278, 27.76468], [-82.63278, 27.76442]]]}}, {"type": "Feature", "properties": {"height": 25.4, "baseHeight": 0.0}, "geometry": {"type": "Polygon", "coordinates": [[[-82.63278, 27.76492], [-82.63202, 27.76492], [-82.63202, 27.76518], [-82.63278, 27.76518], [-82.63278, 27.76492]]]}}, {"type": "Feature", "properties": {"height": 28.6, "baseHeight": 0.0}, "geometry": {"type": "Polygon", "coordinates": [[[-82.63118, 27.76442], [-82.63092, 27.76442], [-82.63092, 27.7645133], [-82.63118, 27.7645133], [-82.63118, 27.76442]]]}}, {"type": "Feature", "properties": {"height": 21.4, "baseHeight": 0.0}, "geometry": {"type": "Polygon", "coordinates": [[[-82.63118, 27.7647533], [-82.63092, 27.7647533], [-82.63092, 27.7648467], [-82.63118, 27.7648467], [-82.63118, 27.7647533]]]}}, {"type": "Feature", "properties": {"height": 29.9, "baseHeight": 0.0}, "geometry": {"type": "Polygon", "coordinates": [[[-82.63118, 27.7650867], [-82.63092, 27.7650867], [-82.63092, 27.76518], [-82.63118, 27.76518], [-82.63118, 27.7650867]]]}}, {"type": "Feature", "properties": {"height": 59.3, "baseHeight": 0.0}, "geometry": {"type": "Polygon", "coordinates": [[[-82.63068, 27.76442], [-82.63042, 27.76442], [-82.63042, 27.7645133], [-82.63068, 27.7645133], [-82.63068, 27.76442]]]}}, {"type": "Feature", "properties": {"height": 24.8, "baseHeight": 0.0}, "geometry": {"type": "Polygon", "coordinates": [[[-82.63068, 27.7647533], [-82.63042, 27.7647533], [-82.63042, 27.7648467], [-82.63068, 27.7648467], [-82.63068, 27.7647533]]]}}, {"type": "Feature", "properties": {"height": 21.2, "baseHeight": 0.0}, "geometry": {"type": "Polygon", "coordinates": [[[-82.63068, 27.7650867], [-82.63042, 27.7650867], [-82.63042, 27.76518], [-82.63068, 27.76518], [-82.63068, 27.7650867]]]}}, {"type": "Feature", "properties": {"height": 22.2, "baseHeight": 0.0}, "geometry": {"type": "Polygon", "coordinates": [[[-82.62958, 27.76442], [-82.6294867, 27.76442], [-82.6294867, 27.76518], [-82.62958, 27.76518], [-82.62958, 27.76442]]]}}, {"type": "Feature", "properties": {"height": 28.5, "baseHeight": 0.0}, "geometry": {"type": "Polygon", "coordinates": [[[-82.62798, 27.76442], [-82.62772, 27.76442], [-82.62772, 27.7645133], [-82.62798, 27.7645133], [-82.62798, 27.76442]]]}}, {"type": "Feature", "properties": {"height": 30.3, "baseHeight": 0.0}, "geometry": {"type": "Polygon", "coordinates": [[[-82.62798, 27.7647533], [-82.62772, 27.7647533], [-82.62772, 27.7648467], [-82.62798, 27.7648467], [-82.62798, 27.7647533]]]}}, {"type": "Feature", "properties": {"height": 10.5, "baseHeight": 0.0}, "geometry": {"type": "Polygon", "coordinates": [[[-82.62798, 27.7650867], [-82.62772, 27.7650867], [-82.62772, 27.76518], [-82.62798, 27.76518], [-82.62798, 27.7650867]]]}}, {"type": "Feature", "properties": {"height": 19.6, "baseHeight": 0.0}, "geometry": {"type": "Polygon", "coordinates": [[[-82.62748, 27.76442], [-82.62722, 27.76442], [-82.62722, 27.7645133], [-82.62748, 27.7645133], [-82.62748, 27.76442]]]}}, {"type": "Feature", "properties": {"height": 25.2, "baseHeight": 0.0}, "geometry": {"type": "Polygon", "coordinates": [[[-82.62748, 27.7647533], [-82.62722, 27.7647533], [-82.62722, 27.7648467], [-82.62748, 27.7648467], [-82.62748, 27.7647533]]]}}, {"type": "Feature", "properties": {"height": 23.3, "baseHeight": 0.0}, "geometry": {"type": "Polygon", "coordinates": [[[-82.62748, 27.7650867], [-82.62722, 27.7650867], [-82.62722, 27.76518], [-82.62748, 27.76518], [-82.62748, 27.7650867]]]}}, {"type": "Feature", "properties": {"height": 19.6, "baseHeight": 0.0}, "geometry": {"type": "Polygon", "coordinates": [[[-82.62638, 27.76442], [-82.62612, 27.76442], [-82.62612, 27.7645133], [-82.62638, 27.7645133], [-82.62638, 27.76442]]]}}, {"type": "Feature", "properties": {"height": 20.1, "baseHeight": 0.0}, "geometry": {"type": "Polygon", "coordinates": [[[-82.62638, 27.7647533], [-82.62612, 27.7647533], [-82.62612, 27.7648467], [-82.62638, 27.7648467], [-82.62638, 27.7647533]]]}}, {"type": "Feature", "properties": {"height": 82.7, "baseHeight": 0.0}, "geometry": {"type": "Polygon", "coordinates": [[[-82.62588, 27.76442], [-82.62562, 27.76442], [-82.62562, 27.7645133], [-82.62588, 27.7645133], [-82.62588, 27.76442]]]}}, {"type": "Feature", "properties": {"height": 16.8, "baseHeight": 0.0}, "geometry": {"type": "Polygon", "coordinates": [[[-82.62588, 27.7647533], [-82.62562, 27.7647533], [-82.62562, 27.7648467], [-82.62588, 27.7648467], [-82.62588, 27.7647533]]]}}, {"type": "Feature", "properties": {"height": 10.8, "baseHeight": 0.0}, "geometry": {"type": "Polygon", "coordinates": [[[-82.62588, 27.7650867], [-82.62562, 27.7650867], [-82.62562, 27.76518], [-82.62588, 27.76518], [-82.62588, 27.7650867]]]}}, {"type": "Feature", "properties": {"height": 51.8, "baseHeight": 0.0}, "geometry": {"type": "Polygon", "coordinates": [[[-82.62478, 27.76442], [-82.62402, 27.76442], [-82.62402, 27.76468], [-82.62478, 27.76468], [-82.62478, 27.76442]]]}}, {"type": "Feature", "properties": {"height": 27.2, "baseHeight": 0.0}, "geometry": {"type": "Polygon", "coordinates": [[[-82.62478, 27.76492], [-82.62402, 27.76492], [-82.62402, 27.76518], [-82.62478, 27.76518], [-82.62478, 27.76492]]]}}, {"type": "Feature", "properties": {"height": 16.2, "baseHeight": 0.0}, "geometry": {"type": "Polygon", "coordinates": [[[-82.62318, 27.76442], [-82.62242, 27.76442], [-82.62242, 27.76518], [-82.62318, 27.76518], [-82.62318, 27.76442]]]}}, {"type": "Feature", "properties": {"height": 25.3, "baseHeight": 0.0}, "geometry": {"type": "Polygon", "coordinates": [[[-82.61998, 27.76442], [-82.6198867, 27.76442], [-82.6198867, 27.7645133], [-82.61998, 27.7645133], [-82.61998, 27.76442]]]}}, {"type": "Feature", "properties": {"height": 27.5, "baseHeight": 0.0}, "geometry": {"type": "Polygon", "coordinates": [[[-82.61998, 27.7647533], [-82.6198867, 27.7647533], [-82.6198867, 27.7648467], [-82.61998, 27.7648467], [-82.61998, 27.7647533]]]}}, {"type": "Feature", "properties": {"height": 12.4, "baseHeight": 0.0}, "geometry": {"type": "Polygon", "coordinates": [[[-82.61998, 27.7650867], [-82.6198867, 27.7650867], [-82.6198867, 27.76518], [-82.61998, 27.76518], [-82.61998, 27.7650867]]]}}, {"type": "Feature", "properties": {"height": 59.1, "baseHeight": 0.0}, "geometry": {"type": "Polygon", "coordinates": [[[-82.6196467, 27.76442], [-82.6195533, 27.76442], [-82.6195533, 27.7645133], [-82.6196467, 27.7645133], [-82.6196467, 27.76442]]]}}, {"type": "Feature", "properties": {"height": 11.8, "baseHeight": 0.0}, "geometry": {"type": "Polygon", "coordinates": [[[-82.6196467, 27.7647533], [-82.6195533, 27.7647533], [-82.6195533, 27.7648467], [-82.6196467, 27.7648467], [-82.6196467, 27.7647533]]]}}, {"type": "Feature", "properties": {"height": 23.1, "baseHeight": 0.0}, "geometry": {"type": "Polygon", "coordinates": [[[-82.6196467, 27.7650867], [-82.6195533, 27.7650867], [-82.6195533, 27.76518], [-82.6196467, 27.76518], [-82.6196467, 27.7650867]]]}}, {"type": "Feature", "properties": {"height": 79.9, "baseHeight": 0.0}, "geometry": {"type": "Polygon", "coordinates": [[[-82.6193133, 27.7647533], [-82.61922, 27.7647533], [-82.61922, 27.7648467], [-82.6193133, 27.7648467], [-82.6193133, 27.7647533]]]}}, {"type": "Feature", "properties": {"height": 11.5, "baseHeight": 0.0}, "geometry": {"type": "Polygon", "coordinates": [[[-82.61838, 27.76492], [-82.61812, 27.76492], [-82.61812, 27.76518], [-82.61838, 27.76518], [-82.61838, 27.76492]]]}}, {"type": "Feature", "properties": {"height": 9.7, "baseHeight": 0.0}, "geometry": {"type": "Polygon", "coordinates": [[[-82.61788, 27.76442], [-82.61762, 27.76442], [-82.61762, 27.76468], [-82.61788, 27.76468], [-82.61788, 27.76442]]]}}, {"type": "Feature", "properties": {"height": 11.6, "baseHeight": 0.0}, "geometry": {"type": "Polygon", "coordinates": [[[-82.61518, 27.76442], [-82.61492, 27.76442], [-82.61492, 27.76468], [-82.61518, 27.76468], [-82.61518, 27.76442]]]}}, {"type": "Feature", "properties": {"height": 11.9, "baseHeight": 0.0}, "geometry": {"type": "Polygon", "coordinates": [[[-82.61518, 27.76492], [-82.61492, 27.76492], [-82.61492, 27.76518], [-82.61518, 27.76518], [-82.61518, 27.76492]]]}}, {"type": "Feature", "properties": {"height": 9.5, "baseHeight": 0.0}, "geometry": {"type": "Polygon", "coordinates": [[[-82.61468, 27.76442], [-82.61442, 27.76442], [-82.61442, 27.76468], [-82.61468, 27.76468], [-82.61468, 27.76442]]]}}, {"type": "Feature", "properties": {"height": 11.7, "baseHeight": 0.0}, "geometry": {"type": "Polygon", "coordinates": [[[-82.61468, 27.76492], [-82.61442, 27.76492], [-82.61442, 27.76518], [-82.61468, 27.76518], [-82.61468, 27.76492]]]}}, {"type": "Feature", "properties": {"height": 8.7, "baseHeight": 0.0}, "geometry": {"type": "Polygon", "coordinates": [[[-82.61358, 27.76442], [-82.61282, 27.76442], [-82.61282, 27.76518], [-82.61358, 27.76518], [-82.61358, 27.76442]]]}}, {"type": "Feature", "properties": {"height": 11.9, "baseHeight": 0.0}, "geometry": {"type": "Polygon", "coordinates": [[[-82.61198, 27.76442], [-82.61122, 27.76442], [-82.61122, 27.76468], [-82.61198, 27.76468], [-82.61198, 27.76442]]]}}, {"type": "Feature", "properties": {"height": 5.1, "baseHeight": 0.0}, "geometry": {"type": "Polygon", "coordinates": [[[-82.66958, 27.76602], [-82.6694867, 27.76602], [-82.6694867, 27.76628], [-82.66958, 27.76628], [-82.66958, 27.76602]]]}}, {"type": "Feature", "properties": {"height": 5.6, "baseHeight": 0.0}, "geometry": {"type": "Polygon", "coordinates": [[[-82.66958, 27.76652], [-82.6694867, 27.76652], [-82.6694867, 27.76678], [-82.66958, 27.76678], [-82.66958, 27.76652]]]}}, {"type": "Feature", "properties": {"height": 9.2, "baseHeight": 0.0}, "geometry": {"type": "Polygon", "coordinates": [[[-82.6692467, 27.76602], [-82.6691533, 27.76602], [-82.6691533, 27.76628], [-82.6692467, 27.76628], [-82.6692467, 27.76602]]]}}, {"type": "Feature", "properties": {"height": 5.6, "baseHeight": 0.0}, "geometry": {"type": "Polygon", "coordinates": [[[-82.6692467, 27.76652], [-82.6691533, 27.76652], [-82.6691533, 27.76678], [-82.6692467, 27.76678], [-82.6692467, 27.76652]]]}}, {"type": "Feature", "properties": {"height": 7.9, "baseHeight": 0.0}, "geometry": {"type": "Polygon", "coordinates": [[[-82.6689133, 27.76602], [-82.66882, 27.76602], [-82.66882, 27.76628], [-82.6689133, 27.76628], [-82.6689133, 27.76602]]]}}, {"type": "Feature", "properties": {"height": 8.3, "baseHeight": 0.0}, "geometry": {"type": "Polygon", "coordinates": [[[-82.6689133, 27.76652], [-82.66882, 27.76652], [-82.66882, 27.76678], [-82.6689133, 27.76678], [-82.6689133, 27.76652]]]}}, {"type": "Feature", "properties": {"height": 5.5, "baseHeight": 0.0}, "geometry": {"type": "Polygon", "coordinates": [[[-82.66638, 27.76602], [-82.6662867, 27.76602], [-82.6662867, 27.76628], [-82.66638, 27.76628], [-82.66638, 27.76602]]]}}, {"type": "Feature", "properties": {"height": 7.7, "baseHeight": 0.0}, "geometry": {"type": "Polygon", "coordinates": [[[-82.6660467, 27.76602], [-82.6659533, 27.76602], [-82.6659533, 27.76628], [-82.6660467, 27.76628], [-82.6660467, 27.76602]]]}}, {"type": "Feature", "properties": {"height": 9.7, "baseHeight": 0.0}, "geometry": {"type": "Polygon", "coordinates": [[[-82.6660467, 27.76652], [-82.6659533, 27.76652], [-82.6659533, 27.76678], [-82.6660467, 27.76678], [-82.6660467, 27.76652]]]}}, {"type": "Feature", "properties": {"height": 7.2, "baseHeight": 0.0}, "geometry": {"type": "Polygon", "coordinates": [[[-82.6657133, 27.76602], [-82.66562, 27.76602], [-82.66562, 27.76628], [-82.6657133, 27.76628], [-82.6657133, 27.76602]]]}}, {"type": "Feature", "properties": {"height": 5.6, "baseHeight": 0.0}, "geometry": {"type": "Polygon", "coordinates": [[[-82.6657133, 27.76652], [-82.66562, 27.76652], [-82.66562, 27.76678], [-82.6657133, 27.76678], [-82.6657133, 27.76652]]]}}, {"type": "Feature", "properties": {"height": 9.5, "baseHeight": 0.0}, "geometry": {"type": "Polygon", "coordinates": [[[-82.66478, 27.76602], [-82.66402, 27.76602], [-82.66402, 27.76628], [-82.66478, 27.76628], [-82.66478, 27.76602]]]}}, {"type": "Feature", "properties": {"height": 11.6, "baseHeight": 0.0}, "geometry": {"type": "Polygon", "coordinates": [[[-82.65998, 27.76602], [-82.65922, 27.76602], [-82.65922, 27.76628], [-82.65998, 27.76628], [-82.65998, 27.76602]]]}}, {"type": "Feature", "properties": {"height": 29.7, "baseHeight": 0.0}, "geometry": {"type": "Polygon", "coordinates": [[[-82.65998, 27.76652], [-82.65922, 27.76652], [-82.65922, 27.76678], [-82.65998, 27.76678], [-82.65998, 27.76652]]]}}, {"type": "Feature", "properties": {"height": 13.6, "baseHeight": 0.0}, "geometry": {"type": "Polygon", "coordinates": [[[-82.65678, 27.76602], [-82.65602, 27.76602], [-82.65602, 27.76678], [-82.65678, 27.76678], [-82.65678, 27.76602]]]}}, {"type": "Feature", "properties": {"height": 12.0, "baseHeight": 0.0}, "geometry": {"type": "Polygon", "coordinates": [[[-82.65518, 27.76602], [-82.65492, 27.76602], [-82.65492, 27.7661133], [-82.65518, 27.7661133], [-82.65518, 27.76602]]]}}, {"type": "Feature", "properties": {"height": 11.2, "baseHeight": 0.0}, "geometry": {"type": "Polygon", "coordinates": [[[-82.65518, 27.7663533], [-82.65492, 27.7663533], [-82.65492, 27.7664467], [-82.65518, 27.7664467], [-82.65518, 27.7663533]]]}}, {"type": "Feature", "properties": {"height": 32.7, "baseHeight": 0.0}, "geometry": {"type": "Polygon", "coordinates": [[[-82.65518, 27.7666867], [-82.65492, 27.7666867], [-82.65492, 27.76678], [-82.65518, 27.76678], [-82.65518, 27.7666867]]]}}, {"type": "Feature", "properties": {"height": 12.4, "baseHeight": 0.0}, "geometry": {"type": "Polygon", "coordinates": [[[-82.65468, 27.7666867], [-82.65442, 27.7666867], [-82.65442, 27.76678], [-82.65468, 27.76678], [-82.65468, 27.7666867]]]}}, {"type": "Feature", "properties": {"height": 29.0, "baseHeight": 0.0}, "geometry": {"type": "Polygon", "coordinates": [[[-82.65038, 27.76602], [-82.64962, 27.76602], [-82.64962, 27.76628], [-82.65038, 27.76628], [-82.65038, 27.76602]]]}}, {"type": "Feature", "properties": {"height": 31.3, "baseHeight": 0.0}, "geometry": {"type": "Polygon", "coordinates": [[[-82.65038, 27.76652], [-82.64962, 27.76652], [-82.64962, 27.76678], [-82.65038, 27.76678], [-82.65038, 27.76652]]]}}, {"type": "Feature", "properties": {"height": 10.9, "baseHeight": 0.0}, "geometry": {"type": "Polygon", "coordinates": [[[-82.64878, 27.76602], [-82.64802, 27.76602], [-82.64802, 27.76678], [-82.64878, 27.76678], [-82.64878, 27.76602]]]}}, {"type": "Feature", "properties": {"height": 12.5, "baseHeight": 0.0}, "geometry": {"type": "Polygon", "coordinates": [[[-82.64718, 27.76602], [-82.6470867, 27.76602], [-82.6470867, 27.76678], [-82.64718, 27.76678], [-82.64718, 27.76602]]]}}, {"type": "Feature", "properties": {"height": 27.0, "baseHeight": 0.0}, "geometry": {"type": "Polygon", "coordinates": [[[-82.6468467, 27.76602], [-82.6467533, 27.76602], [-82.6467533, 27.76678], [-82.6468467, 27.76678], [-82.6468467, 27.76602]]]}}, {"type": "Feature", "properties": {"height": 12.9, "baseHeight": 0.0}, "geometry": {"type": "Polygon", "coordinates": [[[-82.6465133, 27.76602], [-82.64642, 27.76602], [-82.64642, 27.76678], [-82.6465133, 27.76678], [-82.6465133, 27.76602]]]}}, {"type": "Feature", "properties": {"height": 13.4, "baseHeight": 0.0}, "geometry": {"type": "Polygon", "coordinates": [[[-82.64558, 27.76602], [-82.64482, 27.76602], [-82.64482, 27.7661133], [-82.64558, 27.7661133], [-82.64558, 27.76602]]]}}, {"type": "Feature", "properties": {"height": 14.3, "baseHeight": 0.0}, "geometry": {"type": "Polygon", "coordinates": [[[-82.64558, 27.7663533], [-82.64482, 27.7663533], [-82.64482, 27.7664467], [-82.64558, 27.7664467], [-82.64558, 27.7663533]]]}}, {"type": "Feature", "properties": {"height": 26.2, "baseHeight": 0.0}, "geometry": {"type": "Polygon", "coordinates": [[[-82.64398, 27.76602], [-82.6438867, 27.76602], [-82.6438867, 27.76678], [-82.64398, 27.76678], [-82.64398, 27.76602]]]}}, {"type": "Feature", "properties": {"height": 33.1, "baseHeight": 0.0}, "geometry": {"type": "Polygon", "coordinates": [[[-82.6436467, 27.76602], [-82.6435533, 27.76602], [-82.6435533, 27.76678], [-82.6436467, 27.76678], [-82.6436467, 27.76602]]]}}, {"type": "Feature", "properties": {"height": 15.8, "baseHeight": 0.0}, "geometry": {"type": "Polygon", "coordinates": [[[-82.6433133, 27.76602], [-82.64322, 27.76602], [-82.64322, 27.76678], [-82.6433133, 27.76678], [-82.6433133, 27.76602]]]}}, {"type": "Feature", "properties": {"height": 42.8, "baseHeight": 0.0}, "geometry": {"type": "Polygon", "coordinates": [[[-82.64238, 27.7663533], [-82.64162, 27.7663533], [-82.64162, 27.7664467], [-82.64238, 27.7664467], [-82.64238, 27.7663533]]]}}, {"type": "Feature", "properties": {"height": 73.4, "baseHeight": 0.0}, "geometry": {"type": "Polygon", "coordinates": [[[-82.64078, 27.76602], [-82.6406867, 27.76602], [-82.6406867, 27.7661133], [-82.64078, 27.7661133], [-82.64078, 27.76602]]]}}, {"type": "Feature", "properties": {"height": 118.1, "baseHeight": 0.0}, "geometry": {"type": "Polygon", "coordinates": [[[-82.64078, 27.7663533], [-82.6406867, 27.7663533], [-82.6406867, 27.7664467], [-82.64078, 27.7664467], [-82.64078, 27.7663533]]]}}, {"type": "Feature", "properties": {"height": 26.4, "baseHeight": 0.0}, "geometry": {"type": "Polygon", "coordinates": [[[-82.64078, 27.7666867], [-82.6406867, 27.7666867], [-82.6406867, 27.76678], [-82.64078, 27.76678], [-82.64078, 27.7666867]]]}}, {"type": "Feature", "properties": {"height": 36.9, "baseHeight": 0.0}, "geometry": {"type": "Polygon", "coordinates": [[[-82.6404467, 27.7663533], [-82.6403533, 27.7663533], [-82.6403533, 27.7664467], [-82.6404467, 27.7664467], [-82.6404467, 27.7663533]]]}}, {"type": "Feature", "properties": {"height": 106.2, "baseHeight": 0.0}, "geometry": {"type": "Polygon", "coordinates": [[[-82.6404467, 27.7666867], [-82.6403533, 27.7666867], [-82.6403533, 27.76678], [-82.6404467, 27.76678], [-82.6404467, 27.7666867]]]}}, {"type": "Feature", "properties": {"height": 31.6, "baseHeight": 0.0}, "geometry": {"type": "Polygon", "coordinates": [[[-82.6401133, 27.76602], [-82.64002, 27.76602], [-82.64002, 27.7661133], [-82.6401133, 27.7661133], [-82.6401133, 27.76602]]]}}, {"type": "Feature", "properties": {"height": 56.8, "baseHeight": 0.0}, "geometry": {"type": "Polygon", "coordinates": [[[-82.6401133, 27.7666867], [-82.64002, 27.7666867], [-82.64002, 27.76678], [-82.6401133, 27.76678], [-82.6401133, 27.7666867]]]}}, {"type": "Feature", "properties": {"height": 31.5, "baseHeight": 0.0}, "geometry": {"type": "Polygon", "coordinates": [[[-82.63918, 27.76602], [-82.63892, 27.76602], [-82.63892, 27.76678], [-82.63918, 27.76678], [-82.63918, 27.76602]]]}}, {"type": "Feature", "properties": {"height": 35.8, "baseHeight": 0.0}, "geometry": {"type": "Polygon", "coordinates": [[[-82.63868, 27.76602], [-82.63842, 27.76602], [-82.63842, 27.76678], [-82.63868, 27.76678], [-82.63868, 27.76602]]]}}, {"type": "Feature", "properties": {"height": 82.2, "baseHeight": 0.0}, "geometry": {"type": "Polygon", "coordinates": [[[-82.63758, 27.76602], [-82.63682, 27.76602], [-82.63682, 27.76628], [-82.63758, 27.76628], [-82.63758, 27.76602]]]}}, {"type": "Feature", "properties": {"height": 27.9, "baseHeight": 0.0}, "geometry": {"type": "Polygon", "coordinates": [[[-82.63758, 27.76652], [-82.63682, 27.76652], [-82.63682, 27.76678], [-82.63758, 27.76678], [-82.63758, 27.76652]]]}}, {"type": "Feature", "properties": {"height": 71.3, "baseHeight": 0.0}, "geometry": {"type": "Polygon", "coordinates": [[[-82.63598, 27.76602], [-82.63572, 27.76602], [-82.63572, 27.76678], [-82.63598, 27.76678], [-82.63598, 27.76602]]]}}, {"type": "Feature", "properties": {"height": 126.0, "baseHeight": 0.0}, "geometry": {"type": "Polygon", "coordinates": [[[-82.63438, 27.76602], [-82.63362, 27.76602], [-82.63362, 27.7661133], [-82.63438, 27.7661133], [-82.63438, 27.76602]]]}}, {"type": "Feature", "properties": {"height": 83.4, "baseHeight": 0.0}, "geometry": {"type": "Polygon", "coordinates": [[[-82.63438, 27.7663533], [-82.63362, 27.7663533], [-82.63362, 27.7664467], [-82.63438, 27.7664467], [-82.63438, 27.7663533]]]}}, {"type": "Feature", "properties": {"height": 21.8, "baseHeight": 0.0}, "geometry": {"type": "Polygon", "coordinates": [[[-82.63438, 27.7666867], [-82.63362, 27.7666867], [-82.63362, 27.76678], [-82.63438, 27.76678], [-82.63438, 27.7666867]]]}}, {"type": "Feature", "properties": {"height": 62.2, "baseHeight": 0.0}, "geometry": {"type": "Polygon", "coordinates": [[[-82.63278, 27.76602], [-82.6326867, 27.76602], [-82.6326867, 27.76628], [-82.63278, 27.76628], [-82.63278, 27.76602]]]}}, {"type": "Feature", "properties": {"height": 30.8, "baseHeight": 0.0}, "geometry": {"type": "Polygon", "coordinates": [[[-82.63278, 27.76652], [-82.6326867, 27.76652], [-82.6326867, 27.76678], [-82.63278, 27.76678], [-82.63278, 27.76652]]]}}, {"type": "Feature", "properties": {"height": 18.0, "baseHeight": 0.0}, "geometry": {"type": "Polygon", "coordinates": [[[-82.6324467, 27.76602], [-82.6323533, 27.76602], [-82.6323533, 27.76628], [-82.6324467, 27.76628], [-82.6324467, 27.76602]]]}}, {"type": "Feature", "properties": {"height": 21.0, "baseHeight": 0.0}, "geometry": {"type": "Polygon", "coordinates": [[[-82.6324467, 27.76652], [-82.6323533, 27.76652], [-82.6323533, 27.76678], [-82.6324467, 27.76678], [-82.6324467, 27.76652]]]}}, {"type": "Feature", "properties": {"height": 65.2, "baseHeight": 0.0}, "geometry": {"type": "Polygon", "coordinates": [[[-82.6321133, 27.76602], [-82.63202, 27.76602], [-82.63202, 27.76628], [-82.6321133, 27.76628], [-82.6321133, 27.76602]]]}}, {"type": "Feature", "properties": {"height": 86.8, "baseHeight": 0.0}, "geometry": {"type": "Polygon", "coordinates": [[[-82.6321133, 27.76652], [-82.63202, 27.76652], [-82.63202, 27.76678], [-82.6321133, 27.76678], [-82.6321133, 27.76652]]]}}, {"type": "Feature", "properties": {"height": 23.5, "baseHeight": 0.0}, "geometry": {"type": "Polygon", "coordinates": [[[-82.63118, 27.76602], [-82.63092, 27.76602], [-82.63092, 27.76628], [-82.63118, 27.76628], [-82.63118, 27.76602]]]}}, {"type": "Feature", "properties": {"height": 19.1, "baseHeight": 0.0}, "geometry": {"type": "Polygon", "coordinates": [[[-82.63118, 27.76652], [-82.63092, 27.76652], [-82.63092, 27.76678], [-82.63118, 27.76678], [-82.63118, 27.76652]]]}}, {"type": "Feature", "properties": {"height": 21.5, "baseHeight": 0.0}, "geometry": {"type": "Polygon", "coordinates": [[[-82.63068, 27.76602], [-82.63042, 27.76602], [-82.63042, 27.76628], [-82.63068, 27.76628], [-82.63068, 27.76602]]]}}, {"type": "Feature", "properties": {"height": 25.3, "baseHeight": 0.0}, "geometry": {"type": "Polygon", "coordinates": [[[-82.63068, 27.76652], [-82.63042, 27.76652], [-82.63042, 27.76678], [-82.63068, 27.76678], [-82.63068, 27.76652]]]}}, {"type": "Feature", "properties": {"height": 24.1, "baseHeight": 0.0}, "geometry": {"type": "Polygon", "coordinates": [[[-82.62958, 27.76602], [-82.62882, 27.76602], [-82.62882, 27.7661133], [-82.62958, 27.7661133], [-82.62958, 27.76602]]]}}, {"type": "Feature", "properties": {"height": 21.5, "baseHeight": 0.0}, "geometry": {"type": "Polygon", "coordinates": [[[-82.62958, 27.7663533], [-82.62882, 27.7663533], [-82.62882, 27.7664467], [-82.62958, 27.7664467], [-82.62958, 27.7663533]]]}}, {"type": "Feature", "properties": {"height": 24.1, "baseHeight": 0.0}, "geometry": {"type": "Polygon", "coordinates": [[[-82.62958, 27.7666867], [-82.62882, 27.7666867], [-82.62882, 27.76678], [-82.62958, 27.76678], [-82.62958, 27.7666867]]]}}, {"type": "Feature", "properties": {"height": 15.6, "baseHeight": 0.0}, "geometry": {"type": "Polygon", "coordinates": [[[-82.62798, 27.76602], [-82.62722, 27.76602], [-82.62722, 27.76628], [-82.62798, 27.76628], [-82.62798, 27.76602]]]}}, {"type": "Feature", "properties": {"height": 14.3, "baseHeight": 0.0}, "geometry": {"type": "Polygon", "coordinates": [[[-82.62798, 27.76652], [-82.62722, 27.76652], [-82.62722, 27.76678], [-82.62798, 27.76678], [-82.62798, 27.76652]]]}}, {"type": "Feature", "properties": {"height": 30.0, "baseHeight": 0.0}, "geometry": {"type": "Polygon", "coordinates": [[[-82.62638, 27.76602], [-82.62562, 27.76602], [-82.62562, 27.76678], [-82.62638, 27.76678], [-82.62638, 27.76602]]]}}, {"type": "Feature", "properties": {"height": 12.9, "baseHeight": 0.0}, "geometry": {"type": "Polygon", "coordinates": [[[-82.62478, 27.76602], [-82.6246867, 27.76602], [-82.6246867, 27.7661133], [-82.62478, 27.7661133], [-82.62478, 27.76602]]]}}, {"type": "Feature", "properties": {"height": 24.4, "baseHeight": 0.0}, "geometry": {"type": "Polygon", "coordinates": [[[-82.62478, 27.7663533], [-82.6246867, 27.7663533], [-82.6246867, 27.7664467], [-82.62478, 27.7664467], [-82.62478, 27.7663533]]]}}, {"type": "Feature", "properties": {"height": 25.0, "baseHeight": 0.0}, "geometry": {"type": "Polygon", "coordinates": [[[-82.62478, 27.7666867], [-82.6246867, 27.7666867], [-82.6246867, 27.76678], [-82.62478, 27.76678], [-82.62478, 27.7666867]]]}}, {"type": "Feature", "properties": {"height": 27.1, "baseHeight": 0.0}, "geometry": {"type": "Polygon", "coordinates": [[[-82.6244467, 27.76602], [-82.6243533, 27.76602], [-82.6243533, 27.7661133], [-82.6244467, 27.7661133], [-82.6244467, 27.76602]]]}}, {"type": "Feature", "properties": {"height": 17.8, "baseHeight": 0.0}, "geometry": {"type": "Polygon", "coordinates": [[[-82.6244467, 27.7663533], [-82.6243533, 27.7663533], [-82.6243533, 27.7664467], [-82.6244467, 27.7664467], [-82.6244467, 27.7663533]]]}}, {"type": "Feature", "properties": {"height": 26.9, "baseHeight": 0.0}, "geometry": {"type": "Polygon", "coordinates": [[[-82.6244467, 27.7666867], [-82.6243533, 27.7666867], [-82.6243533, 27.76678], [-82.6244467, 27.76678], [-82.6244467, 27.7666867]]]}}, {"type": "Feature", "properties": {"height": 27.6, "baseHeight": 0.0}, "geometry": {"type": "Polygon", "coordinates": [[[-82.6241133, 27.76602], [-82.62402, 27.76602], [-82.62402, 27.7661133], [-82.6241133, 27.7661133], [-82.6241133, 27.76602]]]}}, {"type": "Feature", "properties": {"height": 22.4, "baseHeight": 0.0}, "geometry": {"type": "Polygon", "coordinates": [[[-82.6241133, 27.7663533], [-82.62402, 27.7663533], [-82.62402, 27.7664467], [-82.6241133, 27.7664467], [-82.6241133, 27.7663533]]]}}, {"type": "Feature", "properties": {"height": 18.5, "baseHeight": 0.0}, "geometry": {"type": "Polygon", "coordinates": [[[-82.6241133, 27.7666867], [-82.62402, 27.7666867], [-82.62402, 27.76678], [-82.6241133, 27.76678], [-82.6241133, 27.7666867]]]}}, {"type": "Feature", "properties": {"height": 14.4, "baseHeight": 0.0}, "geometry": {"type": "Polygon", "coordinates": [[[-82.62318, 27.76652], [-82.62292, 27.76652], [-82.62292, 27.76678], [-82.62318, 27.76678], [-82.62318, 27.76652]]]}}, {"type": "Feature", "properties": {"height": 13.1, "baseHeight": 0.0}, "geometry": {"type": "Polygon", "coordinates": [[[-82.62268, 27.76602], [-82.62242, 27.76602], [-82.62242, 27.76628], [-82.62268, 27.76628], [-82.62268, 27.76602]]]}}, {"type": "Feature", "properties": {"height": 15.1, "baseHeight": 0.0}, "geometry": {"type": "Polygon", "coordinates": [[[-82.62268, 27.76652], [-82.62242, 27.76652], [-82.62242, 27.76678], [-82.62268, 27.76678], [-82.62268, 27.76652]]]}}, {"type": "Feature", "properties": {"height": 19.6, "baseHeight": 0.0}, "geometry": {"type": "Polygon", "coordinates": [[[-82.62158, 27.76602], [-82.62132, 27.76602], [-82.62132, 27.76628], [-82.62158, 27.76628], [-82.62158, 27.76602]]]}}, {"type": "Feature", "properties": {"height": 30.2, "baseHeight": 0.0}, "geometry": {"type": "Polygon", "coordinates": [[[-82.62158, 27.76652], [-82.62132, 27.76652], [-82.62132, 27.76678], [-82.62158, 27.76678], [-82.62158, 27.76652]]]}}, {"type": "Feature", "properties": {"height": 24.4, "baseHeight": 0.0}, "geometry": {"type": "Polygon", "coordinates": [[[-82.62108, 27.76602], [-82.62082, 27.76602], [-82.62082, 27.76628], [-82.62108, 27.76628], [-82.62108, 27.76602]]]}}, {"type": "Feature", "properties": {"height": 30.8, "baseHeight": 0.0}, "geometry": {"type": "Polygon", "coordinates": [[[-82.62108, 27.76652], [-82.62082, 27.76652], [-82.62082, 27.76678], [-82.62108, 27.76678], [-82.62108, 27.76652]]]}}, {"type": "Feature", "properties": {"height": 32.8, "baseHeight": 0.0}, "geometry": {"type": "Polygon", "coordinates": [[[-82.61998, 27.76602], [-82.6198867, 27.76602], [-82.6198867, 27.76628], [-82.61998, 27.76628], [-82.61998, 27.76602]]]}}, {"type": "Feature", "properties": {"height": 28.8, "baseHeight": 0.0}, "geometry": {"type": "Polygon", "coordinates": [[[-82.61998, 27.76652], [-82.6198867, 27.76652], [-82.6198867, 27.76678], [-82.61998, 27.76678], [-82.61998, 27.76652]]]}}, {"type": "Feature", "properties": {"height": 19.3, "baseHeight": 0.0}, "geometry": {"type": "Polygon", "coordinates": [[[-82.6196467, 27.76602], [-82.6195533, 27.76602], [-82.6195533, 27.76628], [-82.6196467, 27.76628], [-82.6196467, 27.76602]]]}}, {"type": "Feature", "properties": {"height": 26.1, "baseHeight": 0.0}, "geometry": {"type": "Polygon", "coordinates": [[[-82.6196467, 27.76652], [-82.6195533, 27.76652], [-82.6195533, 27.76678], [-82.6196467, 27.76678], [-82.6196467, 27.76652]]]}}, {"type": "Feature", "properties": {"height": 21.1, "baseHeight": 0.0}, "geometry": {"type": "Polygon", "coordinates": [[[-82.6193133, 27.76602], [-82.61922, 27.76602], [-82.61922, 27.76628], [-82.6193133, 27.76628], [-82.6193133, 27.76602]]]}}, {"type": "Feature", "properties": {"height": 32.5, "baseHeight": 0.0}, "geometry": {"type": "Polygon", "coordinates": [[[-82.6193133, 27.76652], [-82.61922, 27.76652], [-82.61922, 27.76678], [-82.6193133, 27.76678], [-82.6193133, 27.76652]]]}}, {"type": "Feature", "properties": {"height": 9.8, "baseHeight": 0.0}, "geometry": {"type": "Polygon", "coordinates": [[[-82.61518, 27.7663533], [-82.61492, 27.7663533], [-82.61492, 27.7664467], [-82.61518, 27.7664467], [-82.61518, 27.7663533]]]}}, {"type": "Feature", "properties": {"height": 10.3, "baseHeight": 0.0}, "geometry": {"type": "Polygon", "coordinates": [[[-82.61468, 27.76602], [-82.61442, 27.76602], [-82.61442, 27.7661133], [-82.61468, 27.7661133], [-82.61468, 27.76602]]]}}, {"type": "Feature", "properties": {"height": 6.6, "baseHeight": 0.0}, "geometry": {"type": "Polygon", "coordinates": [[[-82.61468, 27.7663533], [-82.61442, 27.7663533], [-82.61442, 27.7664467], [-82.61468, 27.7664467], [-82.61468, 27.7663533]]]}}, {"type": "Feature", "properties": {"height": 7.5, "baseHeight": 0.0}, "geometry": {"type": "Polygon", "coordinates": [[[-82.61468, 27.7666867], [-82.61442, 27.7666867], [-82.61442, 27.76678], [-82.61468, 27.76678], [-82.61468, 27.7666867]]]}}, {"type": "Feature", "properties": {"height": 7.9, "baseHeight": 0.0}, "geometry": {"type": "Polygon", "coordinates": [[[-82.61358, 27.76602], [-82.61282, 27.76602], [-82.61282, 27.7661133], [-82.61358, 27.7661133], [-82.61358, 27.76602]]]}}, {"type": "Feature", "properties": {"height": 11.1, "baseHeight": 0.0}, "geometry": {"type": "Polygon", "coordinates": [[[-82.61358, 27.7663533], [-82.61282, 27.7663533], [-82.61282, 27.7664467], [-82.61358, 27.7664467], [-82.61358, 27.7663533]]]}}, {"type": "Feature", "properties": {"height": 7.7, "baseHeight": 0.0}, "geometry": {"type": "Polygon", "coordinates": [[[-82.61358, 27.7666867], [-82.61282, 27.7666867], [-82.61282, 27.76678], [-82.61358, 27.76678], [-82.61358, 27.7666867]]]}}, {"type": "Feature", "properties": {"height": 7.1, "baseHeight": 0.0}, "geometry": {"type": "Polygon", "coordinates": [[[-82.61198, 27.76602], [-82.61122, 27.76602], [-82.61122, 27.76628], [-82.61198, 27.76628], [-82.61198, 27.76602]]]}}, {"type": "Feature", "properties": {"height": 9.5, "baseHeight": 0.0}, "geometry": {"type": "Polygon", "coordinates": [[[-82.61198, 27.76652], [-82.61122, 27.76652], [-82.61122, 27.76678], [-82.61198, 27.76678], [-82.61198, 27.76652]]]}}, {"type": "Feature", "properties": {"height": 6.3, "baseHeight": 0.0}, "geometry": {"type": "Polygon", "coordinates": [[[-82.66958, 27.76762], [-82.66882, 27.76762], [-82.66882, 27.7677133], [-82.66958, 27.7677133], [-82.66958, 27.76762]]]}}, {"type": "Feature", "properties": {"height": 8.5, "baseHeight": 0.0}, "geometry": {"type": "Polygon", "coordinates": [[[-82.66958, 27.7682867], [-82.66882, 27.7682867], [-82.66882, 27.76838], [-82.66958, 27.76838], [-82.66958, 27.7682867]]]}}, {"type": "Feature", "properties": {"height": 6.9, "baseHeight": 0.0}, "geometry": {"type": "Polygon", "coordinates": [[[-82.66798, 27.76812], [-82.66722, 27.76812], [-82.66722, 27.76838], [-82.66798, 27.76838], [-82.66798, 27.76812]]]}}, {"type": "Feature", "properties": {"height": 7.2, "baseHeight": 0.0}, "geometry": {"type": "Polygon", "coordinates": [[[-82.66638, 27.76762], [-82.66562, 27.76762], [-82.66562, 27.7677133], [-82.66638, 27.7677133], [-82.66638, 27.76762]]]}}, {"type": "Feature", "properties": {"height": 9.1, "baseHeight": 0.0}, "geometry": {"type": "Polygon", "coordinates": [[[-82.66638, 27.7679533], [-82.66562, 27.7679533], [-82.66562, 27.7680467], [-82.66638, 27.7680467], [-82.66638, 27.7679533]]]}}, {"type": "Feature", "properties": {"height": 7.9, "baseHeight": 0.0}, "geometry": {"type": "Polygon", "coordinates": [[[-82.66638, 27.7682867], [-82.66562, 27.7682867], [-82.66562, 27.76838], [-82.66638, 27.76838], [-82.66638, 27.7682867]]]}}, {"type": "Feature", "properties": {"height": 7.6, "baseHeight": 0.0}, "geometry": {"type": "Polygon", "coordinates": [[[-82.66478, 27.76762], [-82.66452, 27.76762], [-82.66452, 27.7677133], [-82.66478, 27.7677133], [-82.66478, 27.76762]]]}}, {"type": "Feature", "properties": {"height": 11.0, "baseHeight": 0.0}, "geometry": {"type": "Polygon", "coordinates": [[[-82.66478, 27.7679533], [-82.66452, 27.7679533], [-82.66452, 27.7680467], [-82.66478, 27.7680467], [-82.66478, 27.7679533]]]}}, {"type": "Feature", "properties": {"height": 9.4, "baseHeight": 0.0}, "geometry": {"type": "Polygon", "coordinates": [[[-82.66478, 27.7682867], [-82.66452, 27.7682867], [-82.66452, 27.76838], [-82.66478, 27.76838], [-82.66478, 27.7682867]]]}}, {"type": "Feature", "properties": {"height": 9.7, "baseHeight": 0.0}, "geometry": {"type": "Polygon", "coordinates": [[[-82.66428, 27.76762], [-82.66402, 27.76762], [-82.66402, 27.7677133], [-82.66428, 27.7677133], [-82.66428, 27.76762]]]}}, {"type": "Feature", "properties": {"height": 11.9, "baseHeight": 0.0}, "geometry": {"type": "Polygon", "coordinates": [[[-82.66428, 27.7679533], [-82.66402, 27.7679533], [-82.66402, 27.7680467], [-82.66428, 27.7680467], [-82.66428, 27.7679533]]]}}, {"type": "Feature", "properties": {"height": 5.0, "baseHeight": 0.0}, "geometry": {"type": "Polygon", "coordinates": [[[-82.66428, 27.7682867], [-82.66402, 27.7682867], [-82.66402, 27.76838], [-82.66428, 27.76838], [-82.66428, 27.7682867]]]}}, {"type": "Feature", "properties": {"height": 10.1, "baseHeight": 0.0}, "geometry": {"type": "Polygon", "coordinates": [[[-82.66318, 27.76762], [-82.66242, 27.76762], [-82.66242, 27.76788], [-82.66318, 27.76788], [-82.66318, 27.76762]]]}}, {"type": "Feature", "properties": {"height": 7.7, "baseHeight": 0.0}, "geometry": {"type": "Polygon", "coordinates": [[[-82.66158, 27.76762], [-82.66082, 27.76762], [-82.66082, 27.76788], [-82.66158, 27.76788], [-82.66158, 27.76762]]]}}, {"type": "Feature", "properties": {"height": 10.6, "baseHeight": 0.0}, "geometry": {"type": "Polygon", "coordinates": [[[-82.66158, 27.76812], [-82.66082, 27.76812], [-82.66082, 27.76838], [-82.66158, 27.76838], [-82.66158, 27.76812]]]}}, {"type": "Feature", "properties": {"height": 7.6, "baseHeight": 0.0}, "geometry": {"type": "Polygon", "coordinates": [[[-82.65998, 27.76762], [-82.65972, 27.76762], [-82.65972, 27.76788], [-82.65998, 27.76788], [-82.65998, 27.76762]]]}}, {"type": "Feature", "properties": {"height": 5.3, "baseHeight": 0.0}, "geometry": {"type": "Polygon", "coordinates": [[[-82.65998, 27.76812], [-82.65972, 27.76812], [-82.65972, 27.76838], [-82.65998, 27.76838], [-82.65998, 27.76812]]]}}, {"type": "Feature", "properties": {"height": 6.1, "baseHeight": 0.0}, "geometry": {"type": "Polygon", "coordinates": [[[-82.65948, 27.76762], [-82.65922, 27.76762], [-82.65922, 27.76788], [-82.65948, 27.76788], [-82.65948, 27.76762]]]}}, {"type": "Feature", "properties": {"height": 7.6, "baseHeight": 0.0}, "geometry": {"type": "Polygon", "coordinates": [[[-82.65948, 27.76812], [-82.65922, 27.76812], [-82.65922, 27.76838], [-82.65948, 27.76838], [-82.65948, 27.76812]]]}}, {"type": "Feature", "properties": {"height": 11.5, "baseHeight": 0.0}, "geometry": {"type": "Polygon", "coordinates": [[[-82.65838, 27.76762], [-82.65812, 27.76762], [-82.65812, 27.76838], [-82.65838, 27.76838], [-82.65838, 27.76762]]]}}, {"type": "Feature", "properties": {"height": 5.6, "baseHeight": 0.0}, "geometry": {"type": "Polygon", "coordinates": [[[-82.65788, 27.76762], [-82.65762, 27.76762], [-82.65762, 27.76838], [-82.65788, 27.76838], [-82.65788, 27.76762]]]}}, {"type": "Feature", "properties": {"height": 28.8, "baseHeight": 0.0}, "geometry": {"type": "Polygon", "coordinates": [[[-82.65678, 27.76762], [-82.65652, 27.76762], [-82.65652, 27.76838], [-82.65678, 27.76838], [-82.65678, 27.76762]]]}}, {"type": "Feature", "properties": {"height": 22.7, "baseHeight": 0.0}, "geometry": {"type": "Polygon", "coordinates": [[[-82.65628, 27.76762], [-82.65602, 27.76762], [-82.65602, 27.76838], [-82.65628, 27.76838], [-82.65628, 27.76762]]]}}, {"type": "Feature", "properties": {"height": 33.0, "baseHeight": 0.0}, "geometry": {"type": "Polygon", "coordinates": [[[-82.65518, 27.76762], [-82.65442, 27.76762], [-82.65442, 27.7677133], [-82.65518, 27.7677133], [-82.65518, 27.76762]]]}}, {"type": "Feature", "properties": {"height": 22.0, "baseHeight": 0.0}, "geometry": {"type": "Polygon", "coordinates": [[[-82.65518, 27.7679533], [-82.65442, 27.7679533], [-82.65442, 27.7680467], [-82.65518, 27.7680467], [-82.65518, 27.7679533]]]}}, {"type": "Feature", "properties": {"height": 14.2, "baseHeight": 0.0}, "geometry": {"type": "Polygon", "coordinates": [[[-82.65518, 27.7682867], [-82.65442, 27.7682867], [-82.65442, 27.76838], [-82.65518, 27.76838], [-82.65518, 27.7682867]]]}}, {"type": "Feature", "properties": {"height": 17.3, "baseHeight": 0.0}, "geometry": {"type": "Polygon", "coordinates": [[[-82.65198, 27.76762], [-82.6518867, 27.76762], [-82.6518867, 27.76788], [-82.65198, 27.76788], [-82.65198, 27.76762]]]}}, {"type": "Feature", "properties": {"height": 10.1, "baseHeight": 0.0}, "geometry": {"type": "Polygon", "coordinates": [[[-82.65198, 27.76812], [-82.6518867, 27.76812], [-82.6518867, 27.76838], [-82.65198, 27.76838], [-82.65198, 27.76812]]]}}, {"type": "Feature", "properties": {"height": 24.0, "baseHeight": 0.0}, "geometry": {"type": "Polygon", "coordinates": [[[-82.6516467, 27.76762], [-82.6515533, 27.76762], [-82.6515533, 27.76788], [-82.6516467, 27.76788], [-82.6516467, 27.76762]]]}}, {"type": "Feature", "properties": {"height": 69.0, "baseHeight": 0.0}, "geometry": {"type": "Polygon", "coordinates": [[[-82.6516467, 27.76812], [-82.6515533, 27.76812], [-82.6515533, 27.76838], [-82.6516467, 27.76838], [-82.6516467, 27.76812]]]}}, {"type": "Feature", "properties": {"height": 21.0, "baseHeight": 0.0}, "geometry": {"type": "Polygon", "coordinates": [[[-82.6513133, 27.76762], [-82.65122, 27.76762], [-82.65122, 27.76788], [-82.6513133, 27.76788], [-82.6513133, 27.76762]]]}}, {"type": "Feature", "properties": {"height": 38.8, "baseHeight": 0.0}, "geometry": {"type": "Polygon", "coordinates": [[[-82.64878, 27.76762], [-82.64802, 27.76762], [-82.64802, 27.7677133], [-82.64878, 27.7677133], [-82.64878, 27.76762]]]}}, {"type": "Feature", "properties": {"height": 28.0, "baseHeight": 0.0}, "geometry": {"type": "Polygon", "coordinates": [[[-82.64878, 27.7679533], [-82.64802, 27.7679533], [-82.64802, 27.7680467], [-82.64878, 27.7680467], [-82.64878, 27.7679533]]]}}, {"type": "Feature", "properties": {"height": 28.2, "baseHeight": 0.0}, "geometry": {"type": "Polygon", "coordinates": [[[-82.64878, 27.7682867], [-82.64802, 27.7682867], [-82.64802, 27.76838], [-82.64878, 27.76838], [-82.64878, 27.7682867]]]}}, {"type": "Feature", "properties": {"height": 21.7, "baseHeight": 0.0}, "geometry": {"type": "Polygon", "coordinates": [[[-82.64718, 27.76762], [-82.64642, 27.76762], [-82.64642, 27.76788], [-82.64718, 27.76788], [-82.64718, 27.76762]]]}}, {"type": "Feature", "properties": {"height": 23.4, "baseHeight": 0.0}, "geometry": {"type": "Polygon", "coordinates": [[[-82.64718, 27.76812], [-82.64642, 27.76812], [-82.64642, 27.76838], [-82.64718, 27.76838], [-82.64718, 27.76812]]]}}, {"type": "Feature", "properties": {"height": 19.5, "baseHeight": 0.0}, "geometry": {"type": "Polygon", "coordinates": [[[-82.64558, 27.76762], [-82.64482, 27.76762], [-82.64482, 27.76838], [-82.64558, 27.76838], [-82.64558, 27.76762]]]}}, {"type": "Feature", "properties": {"height": 78.8, "baseHeight": 0.0}, "geometry": {"type": "Polygon", "coordinates": [[[-82.64398, 27.76762], [-82.64322, 27.76762], [-82.64322, 27.76838], [-82.64398, 27.76838], [-82.64398, 27.76762]]]}}, {"type": "Feature", "properties": {"height": 46.1, "baseHeight": 0.0}, "geometry": {"type": "Polygon", "coordinates": [[[-82.64238, 27.76762], [-82.64162, 27.76762], [-82.64162, 27.7677133], [-82.64238, 27.7677133], [-82.64238, 27.76762]]]}}, {"type": "Feature", "properties": {"height": 33.0, "baseHeight": 0.0}, "geometry": {"type": "Polygon", "coordinates": [[[-82.64238, 27.7679533], [-82.64162, 27.7679533], [-82.64162, 27.7680467], [-82.64238, 27.7680467], [-82.64238, 27.7679533]]]}}, {"type": "Feature", "properties": {"height": 84.7, "baseHeight": 0.0}, "geometry": {"type": "Polygon", "coordinates": [[[-82.64238, 27.7682867], [-82.64162, 27.7682867], [-82.64162, 27.76838], [-82.64238, 27.76838], [-82.64238, 27.7682867]]]}}, {"type": "Feature", "properties": {"height": 21.6, "baseHeight": 0.0}, "geometry": {"type": "Polygon", "coordinates": [[[-82.64078, 27.76762], [-82.64002, 27.76762], [-82.64002, 27.76788], [-82.64078, 27.76788], [-82.64078, 27.76762]]]}}, {"type": "Feature", "properties": {"height": 88.0, "baseHeight": 0.0}, "geometry": {"type": "Polygon", "coordinates": [[[-82.63758, 27.76762], [-82.63732, 27.76762], [-82.63732, 27.76838], [-82.63758, 27.76838], [-82.63758, 27.76762]]]}}, {"type": "Feature", "properties": {"height": 32.5, "baseHeight": 0.0}, "geometry": {"type": "Polygon", "coordinates": [[[-82.63708, 27.76762], [-82.63682, 27.76762], [-82.63682, 27.76838], [-82.63708, 27.76838], [-82.63708, 27.76762]]]}}, {"type": "Feature", "properties": {"height": 19.9, "baseHeight": 0.0}, "geometry": {"type": "Polygon", "coordinates": [[[-82.63598, 27.76762], [-82.63522, 27.76762], [-82.63522, 27.7677133], [-82.63598, 27.7677133], [-82.63598, 27.76762]]]}}, {"type": "Feature", "properties": {"height": 41.4, "baseHeight": 0.0}, "geometry": {"type": "Polygon", "coordinates": [[[-82.63598, 27.7679533], [-82.63522, 27.7679533], [-82.63522, 27.7680467], [-82.63598, 27.7680467], [-82.63598, 27.7679533]]]}}, {"type": "Feature", "properties": {"height": 97.5, "baseHeight": 0.0}, "geometry": {"type": "Polygon", "coordinates": [[[-82.63598, 27.7682867], [-82.63522, 27.7682867], [-82.63522, 27.76838], [-82.63598, 27.76838], [-82.63598, 27.7682867]]]}}, {"type": "Feature", "properties": {"height": 72.9, "baseHeight": 0.0}, "geometry": {"type": "Polygon", "coordinates": [[[-82.63438, 27.76762], [-82.63362, 27.76762], [-82.63362, 27.76788], [-82.63438, 27.76788], [-82.63438, 27.76762]]]}}, {"type": "Feature", "properties": {"height": 72.7, "baseHeight": 0.0}, "geometry": {"type": "Polygon", "coordinates": [[[-82.63438, 27.76812], [-82.63362, 27.76812], [-82.63362, 27.76838], [-82.63438, 27.76838], [-82.63438, 27.76812]]]}}, {"type": "Feature", "properties": {"height": 35.7, "baseHeight": 0.0}, "geometry": {"type": "Polygon", "coordinates": [[[-82.63278, 27.76812], [-82.63252, 27.76812], [-82.63252, 27.76838], [-82.63278, 27.76838], [-82.63278, 27.76812]]]}}, {"type": "Feature", "properties": {"height": 39.8, "baseHeight": 0.0}, "geometry": {"type": "Polygon", "coordinates": [[[-82.63228, 27.76762], [-82.63202, 27.76762], [-82.63202, 27.76788], [-82.63228, 27.76788], [-82.63228, 27.76762]]]}}, {"type": "Feature", "properties": {"height": 129.0, "baseHeight": 0.0}, "geometry": {"type": "Polygon", "coordinates": [[[-82.63228, 27.76812], [-82.63202, 27.76812], [-82.63202, 27.76838], [-82.63228, 27.76838], [-82.63228, 27.76812]]]}}, {"type": "Feature", "properties": {"height": 27.7, "baseHeight": 0.0}, "geometry": {"type": "Polygon", "coordinates": [[[-82.63118, 27.76762], [-82.63092, 27.76762], [-82.63092, 27.7677133], [-82.63118, 27.7677133], [-82.63118, 27.76762]]]}}, {"type": "Feature", "properties": {"height": 89.9, "baseHeight": 0.0}, "geometry": {"type": "Polygon", "coordinates": [[[-82.63118, 27.7679533], [-82.63092, 27.7679533], [-82.63092, 27.7680467], [-82.63118, 27.7680467], [-82.63118, 27.7679533]]]}}, {"type": "Feature", "properties": {"height": 45.7, "baseHeight": 0.0}, "geometry": {"type": "Polygon", "coordinates": [[[-82.63118, 27.7682867], [-82.63092, 27.7682867], [-82.63092, 27.76838], [-82.63118, 27.76838], [-82.63118, 27.7682867]]]}}, {"type": "Feature", "properties": {"height": 99.1, "baseHeight": 0.0}, "geometry": {"type": "Polygon", "coordinates": [[[-82.63068, 27.76762], [-82.63042, 27.76762], [-82.63042, 27.7677133], [-82.63068, 27.7677133], [-82.63068, 27.76762]]]}}, {"type": "Feature", "properties": {"height": 21.0, "baseHeight": 0.0}, "geometry": {"type": "Polygon", "coordinates": [[[-82.63068, 27.7679533], [-82.63042, 27.7679533], [-82.63042, 27.7680467], [-82.63068, 27.7680467], [-82.63068, 27.7679533]]]}}, {"type": "Feature", "properties": {"height": 39.4, "baseHeight": 0.0}, "geometry": {"type": "Polygon", "coordinates": [[[-82.63068, 27.7682867], [-82.63042, 27.7682867], [-82.63042, 27.76838], [-82.63068, 27.76838], [-82.63068, 27.7682867]]]}}, {"type": "Feature", "properties": {"height": 15.4, "baseHeight": 0.0}, "geometry": {"type": "Polygon", "coordinates": [[[-82.62958, 27.76762], [-82.6294867, 27.76762], [-82.6294867, 27.76788], [-82.62958, 27.76788], [-82.62958, 27.76762]]]}}, {"type": "Feature", "properties": {"height": 27.2, "baseHeight": 0.0}, "geometry": {"type": "Polygon", "coordinates": [[[-82.62958, 27.76812], [-82.6294867, 27.76812], [-82.6294867, 27.76838], [-82.62958, 27.76838], [-82.62958, 27.76812]]]}}, {"type": "Feature", "properties": {"height": 31.2, "baseHeight": 0.0}, "geometry": {"type": "Polygon", "coordinates": [[[-82.6292467, 27.76762], [-82.6291533, 27.76762], [-82.6291533, 27.76788], [-82.6292467, 27.76788], [-82.6292467, 27.76762]]]}}, {"type": "Feature", "properties": {"height": 14.2, "baseHeight": 0.0}, "geometry": {"type": "Polygon", "coordinates": [[[-82.6292467, 27.76812], [-82.6291533, 27.76812], [-82.6291533, 27.76838], [-82.6292467, 27.76838], [-82.6292467, 27.76812]]]}}, {"type": "Feature", "properties": {"height": 25.1, "baseHeight": 0.0}, "geometry": {"type": "Polygon", "coordinates": [[[-82.6289133, 27.76762], [-82.62882, 27.76762], [-82.62882, 27.76788], [-82.6289133, 27.76788], [-82.6289133, 27.76762]]]}}, {"type": "Feature", "properties": {"height": 11.0, "baseHeight": 0.0}, "geometry": {"type": "Polygon", "coordinates": [[[-82.6289133, 27.76812], [-82.62882, 27.76812], [-82.62882, 27.76838], [-82.6289133, 27.76838], [-82.6289133, 27.76812]]]}}, {"type": "Feature", "properties": {"height": 24.0, "baseHeight": 0.0}, "geometry": {"type": "Polygon", "coordinates": [[[-82.62798, 27.76762], [-82.6278867, 27.76762], [-82.6278867, 27.76838], [-82.62798, 27.76838], [-82.62798, 27.76762]]]}}, {"type": "Feature", "properties": {"height": 17.2, "baseHeight": 0.0}, "geometry": {"type": "Polygon", "coordinates": [[[-82.6273133, 27.76762], [-82.62722, 27.76762], [-82.62722, 27.76838], [-82.6273133, 27.76838], [-82.6273133, 27.76762]]]}}, {"type": "Feature", "properties": {"height": 16.7, "baseHeight": 0.0}, "geometry": {"type": "Polygon", "coordinates": [[[-82.62478, 27.76762], [-82.62402, 27.76762], [-82.62402, 27.76788], [-82.62478, 27.76788], [-82.62478, 27.76762]]]}}, {"type": "Feature", "properties": {"height": 33.0, "baseHeight": 0.0}, "geometry": {"type": "Polygon", "coordinates": [[[-82.62478, 27.76812], [-82.62402, 27.76812], [-82.62402, 27.76838], [-82.62478, 27.76838], [-82.62478, 27.76812]]]}}, {"type": "Feature", "properties": {"height": 16.6, "baseHeight": 0.0}, "geometry": {"type": "Polygon", "coordinates": [[[-82.62318, 27.76762], [-82.6230867, 27.76762], [-82.6230867, 27.76788], [-82.62318, 27.76788], [-82.62318, 27.76762]]]}}, {"type": "Feature", "properties": {"height": 32.0, "baseHeight": 0.0}, "geometry": {"type": "Polygon", "coordinates": [[[-82.62318, 27.76812], [-82.6230867, 27.76812], [-82.6230867, 27.76838], [-82.62318, 27.76838], [-82.62318, 27.76812]]]}}, {"type": "Feature", "properties": {"height": 19.8, "baseHeight": 0.0}, "geometry": {"type": "Polygon", "coordinates": [[[-82.6225133, 27.76762], [-82.62242, 27.76762], [-82.62242, 27.76788], [-82.6225133, 27.76788], [-82.6225133, 27.76762]]]}}, {"type": "Feature", "properties": {"height": 14.2, "baseHeight": 0.0}, "geometry": {"type": "Polygon", "coordinates": [[[-82.62158, 27.76762], [-82.6214867, 27.76762], [-82.6214867, 27.76788], [-82.62158, 27.76788], [-82.62158, 27.76762]]]}}, {"type": "Feature", "properties": {"height": 15.4, "baseHeight": 0.0}, "geometry": {"type": "Polygon", "coordinates": [[[-82.62158, 27.76812], [-82.6214867, 27.76812], [-82.6214867, 27.76838], [-82.62158, 27.76838], [-82.62158, 27.76812]]]}}, {"type": "Feature", "properties": {"height": 70.7, "baseHeight": 0.0}, "geometry": {"type": "Polygon", "coordinates": [[[-82.6212467, 27.76762], [-82.6211533, 27.76762], [-82.6211533, 27.76788], [-82.6212467, 27.76788], [-82.6212467, 27.76762]]]}}, {"type": "Feature", "properties": {"height": 18.0, "baseHeight": 0.0}, "geometry": {"type": "Polygon", "coordinates": [[[-82.6212467, 27.76812], [-82.6211533, 27.76812], [-82.6211533, 27.76838], [-82.6212467, 27.76838], [-82.6212467, 27.76812]]]}}, {"type": "Feature", "properties": {"height": 20.0, "baseHeight": 0.0}, "geometry": {"type": "Polygon", "coordinates": [[[-82.6209133, 27.76762], [-82.62082, 27.76762], [-82.62082, 27.76788], [-82.6209133, 27.76788], [-82.6209133, 27.76762]]]}}, {"type": "Feature", "properties": {"height": 6.1, "baseHeight": 0.0}, "geometry": {"type": "Polygon", "coordinates": [[[-82.61678, 27.76762], [-82.6166867, 27.76762], [-82.6166867, 27.7677133], [-82.61678, 27.7677133], [-82.61678, 27.76762]]]}}, {"type": "Feature", "properties": {"height": 9.3, "baseHeight": 0.0}, "geometry": {"type": "Polygon", "coordinates": [[[-82.61678, 27.7682867], [-82.6166867, 27.7682867], [-82.6166867, 27.76838], [-82.61678, 27.76838], [-82.61678, 27.7682867]]]}}, {"type": "Feature", "properties": {"height": 5.2, "baseHeight": 0.0}, "geometry": {"type": "Polygon", "coordinates": [[[-82.6164467, 27.76762], [-82.6163533, 27.76762], [-82.6163533, 27.7677133], [-82.6164467, 27.7677133], [-82.6164467, 27.76762]]]}}, {"type": "Feature", "properties": {"height": 8.2, "baseHeight": 0.0}, "geometry": {"type": "Polygon", "coordinates": [[[-82.6164467, 27.7679533], [-82.6163533, 27.7679533], [-82.6163533, 27.7680467], [-82.6164467, 27.7680467], [-82.6164467, 27.7679533]]]}}, {"type": "Feature", "properties": {"height": 7.0, "baseHeight": 0.0}, "geometry": {"type": "Polygon", "coordinates": [[[-82.6164467, 27.7682867], [-82.6163533, 27.7682867], [-82.6163533, 27.76838], [-82.6164467, 27.76838], [-82.6164467, 27.7682867]]]}}, {"type": "Feature", "properties": {"height": 11.2, "baseHeight": 0.0}, "geometry": {"type": "Polygon", "coordinates": [[[-82.6161133, 27.76762], [-82.61602, 27.76762], [-82.61602, 27.7677133], [-82.6161133, 27.7677133], [-82.6161133, 27.76762]]]}}, {"type": "Feature", "properties": {"height": 11.5, "baseHeight": 0.0}, "geometry": {"type": "Polygon", "coordinates": [[[-82.6161133, 27.7679533], [-82.61602, 27.7679533], [-82.61602, 27.7680467], [-82.6161133, 27.7680467], [-82.6161133, 27.7679533]]]}}, {"type": "Feature", "properties": {"height": 5.7, "baseHeight": 0.0}, "geometry": {"type": "Polygon", "coordinates": [[[-82.6161133, 27.7682867], [-82.61602, 27.7682867], [-82.61602, 27.76838], [-82.6161133, 27.76838], [-82.6161133, 27.7682867]]]}}, {"type": "Feature", "properties": {"height": 10.3, "baseHeight": 0.0}, "geometry": {"type": "Polygon", "coordinates": [[[-82.61518, 27.76762], [-82.61492, 27.76762], [-82.61492, 27.7677133], [-82.61518, 27.7677133], [-82.61518, 27.76762]]]}}, {"type": "Feature", "properties": {"height": 8.5, "baseHeight": 0.0}, "geometry": {"type": "Polygon", "coordinates": [[[-82.61518, 27.7679533], [-82.61492, 27.7679533], [-82.61492, 27.7680467], [-82.61518, 27.7680467], [-82.61518, 27.7679533]]]}}, {"type": "Feature", "properties": {"height": 6.1, "baseHeight": 0.0}, "geometry": {"type": "Polygon", "coordinates": [[[-82.61518, 27.7682867], [-82.61492, 27.7682867], [-82.61492, 27.76838], [-82.61518, 27.76838], [-82.61518, 27.7682867]]]}}, {"type": "Feature", "properties": {"height": 5.1, "baseHeight": 0.0}, "geometry": {"type": "Polygon", "coordinates": [[[-82.61468, 27.76762], [-82.61442, 27.76762], [-82.61442, 27.7677133], [-82.61468, 27.7677133], [-82.61468, 27.76762]]]}}, {"type": "Feature", "properties": {"height": 6.2, "baseHeight": 0.0}, "geometry": {"type": "Polygon", "coordinates": [[[-82.61468, 27.7679533], [-82.61442, 27.7679533], [-82.61442, 27.7680467], [-82.61468, 27.7680467], [-82.61468, 27.7679533]]]}}, {"type": "Feature", "properties": {"height": 9.2, "baseHeight": 0.0}, "geometry": {"type": "Polygon", "coordinates": [[[-82.61358, 27.76762], [-82.6134867, 27.76762], [-82.6134867, 27.7677133], [-82.61358, 27.7677133], [-82.61358, 27.76762]]]}}, {"type": "Feature", "properties": {"height": 6.3, "baseHeight": 0.0}, "geometry": {"type": "Polygon", "coordinates": [[[-82.61358, 27.7682867], [-82.6134867, 27.7682867], [-82.6134867, 27.76838], [-82.61358, 27.76838], [-82.61358, 27.7682867]]]}}, {"type": "Feature", "properties": {"height": 7.1, "baseHeight": 0.0}, "geometry": {"type": "Polygon", "coordinates": [[[-82.6132467, 27.76762], [-82.6131533, 27.76762], [-82.6131533, 27.7677133], [-82.6132467, 27.7677133], [-82.6132467, 27.76762]]]}}, {"type": "Feature", "properties": {"height": 9.4, "baseHeight": 0.0}, "geometry": {"type": "Polygon", "coordinates": [[[-82.6132467, 27.7679533], [-82.6131533, 27.7679533], [-82.6131533, 27.7680467], [-82.6132467, 27.7680467], [-82.6132467, 27.7679533]]]}}, {"type": "Feature", "properties": {"height": 9.9, "baseHeight": 0.0}, "geometry": {"type": "Polygon", "coordinates": [[[-82.6132467, 27.7682867], [-82.6131533, 27.7682867], [-82.6131533, 27.76838], [-82.6132467, 27.76838], [-82.6132467, 27.7682867]]]}}, {"type": "Feature", "properties": {"height": 8.5, "baseHeight": 0.0}, "geometry": {"type": "Polygon", "coordinates": [[[-82.6129133, 27.76762], [-82.61282, 27.76762], [-82.61282, 27.7677133], [-82.6129133, 27.7677133], [-82.6129133, 27.76762]]]}}, {"type": "Feature", "properties": {"height": 11.4, "baseHeight": 0.0}, "geometry": {"type": "Polygon", "coordinates": [[[-82.6129133, 27.7679533], [-82.61282, 27.7679533], [-82.61282, 27.7680467], [-82.6129133, 27.7680467], [-82.6129133, 27.7679533]]]}}, {"type": "Feature", "properties": {"height": 8.2, "baseHeight": 0.0}, "geometry": {"type": "Polygon", "coordinates": [[[-82.6129133, 27.7682867], [-82.61282, 27.7682867], [-82.61282, 27.76838], [-82.6129133, 27.76838], [-82.6129133, 27.7682867]]]}}, {"type": "Feature", "properties": {"height": 5.9, "baseHeight": 0.0}, "geometry": {"type": "Polygon", "coordinates": [[[-82.61198, 27.76762], [-82.61122, 27.76762], [-82.61122, 27.76788], [-82.61198, 27.76788], [-82.61198, 27.76762]]]}}, {"type": "Feature", "properties": {"height": 8.9, "baseHeight": 0.0}, "geometry": {"type": "Polygon", "coordinates": [[[-82.61198, 27.76812], [-82.61122, 27.76812], [-82.61122, 27.76838], [-82.61198, 27.76838], [-82.61198, 27.76812]]]}}, {"type": "Feature", "properties": {"height": 6.4, "baseHeight": 0.0}, "geometry": {"type": "Polygon", "coordinates": [[[-82.66958, 27.76922], [-82.66882, 27.76922], [-82.66882, 27.76998], [-82.66958, 27.76998], [-82.66958, 27.76922]]]}}, {"type": "Feature", "properties": {"height": 10.7, "baseHeight": 0.0}, "geometry": {"type": "Polygon", "coordinates": [[[-82.66798, 27.76922], [-82.6678867, 27.76922], [-82.6678867, 27.76998], [-82.66798, 27.76998], [-82.66798, 27.76922]]]}}, {"type": "Feature", "properties": {"height": 11.5, "baseHeight": 0.0}, "geometry": {"type": "Polygon", "coordinates": [[[-82.6676467, 27.76922], [-82.6675533, 27.76922], [-82.6675533, 27.76998], [-82.6676467, 27.76998], [-82.6676467, 27.76922]]]}}, {"type": "Feature", "properties": {"height": 5.5, "baseHeight": 0.0}, "geometry": {"type": "Polygon", "coordinates": [[[-82.6673133, 27.76922], [-82.66722, 27.76922], [-82.66722, 27.76998], [-82.6673133, 27.76998], [-82.6673133, 27.76922]]]}}, {"type": "Feature", "properties": {"height": 9.3, "baseHeight": 0.0}, "geometry": {"type": "Polygon", "coordinates": [[[-82.66638, 27.76922], [-82.66612, 27.76922], [-82.66612, 27.76948], [-82.66638, 27.76948], [-82.66638, 27.76922]]]}}, {"type": "Feature", "properties": {"height": 9.2, "baseHeight": 0.0}, "geometry": {"type": "Polygon", "coordinates": [[[-82.66638, 27.76972], [-82.66612, 27.76972], [-82.66612, 27.76998], [-82.66638, 27.76998], [-82.66638, 27.76972]]]}}, {"type": "Feature", "properties": {"height": 5.2, "baseHeight": 0.0}, "geometry": {"type": "Polygon", "coordinates": [[[-82.66588, 27.76922], [-82.66562, 27.76922], [-82.66562, 27.76948], [-82.66588, 27.76948], [-82.66588, 27.76922]]]}}, {"type": "Feature", "properties": {"height": 6.4, "baseHeight": 0.0}, "geometry": {"type": "Polygon", "coordinates": [[[-82.66588, 27.76972], [-82.66562, 27.76972], [-82.66562, 27.76998], [-82.66588, 27.76998], [-82.66588, 27.76972]]]}}, {"type": "Feature", "properties": {"height": 7.7, "baseHeight": 0.0}, "geometry": {"type": "Polygon", "coordinates": [[[-82.66318, 27.76972], [-82.66242, 27.76972], [-82.66242, 27.76998], [-82.66318, 27.76998], [-82.66318, 27.76972]]]}}, {"type": "Feature", "properties": {"height": 10.4, "baseHeight": 0.0}, "geometry": {"type": "Polygon", "coordinates": [[[-82.65678, 27.76922], [-82.65652, 27.76922], [-82.65652, 27.76948], [-82.65678, 27.76948], [-82.65678, 27.76922]]]}}, {"type": "Feature", "properties": {"height": 43.9, "baseHeight": 0.0}, "geometry": {"type": "Polygon", "coordinates": [[[-82.65678, 27.76972], [-82.65652, 27.76972], [-82.65652, 27.76998], [-82.65678, 27.76998], [-82.65678, 27.76972]]]}}, {"type": "Feature", "properties": {"height": 10.8, "baseHeight": 0.0}, "geometry": {"type": "Polygon", "coordinates": [[[-82.65628, 27.76922], [-82.65602, 27.76922], [-82.65602, 27.76948], [-82.65628, 27.76948], [-82.65628, 27.76922]]]}}, {"type": "Feature", "properties": {"height": 58.6, "baseHeight": 0.0}, "geometry": {"type": "Polygon", "coordinates": [[[-82.65518, 27.76922], [-82.65442, 27.76922], [-82.65442, 27.7693133], [-82.65518, 27.7693133], [-82.65518, 27.76922]]]}}, {"type": "Feature", "properties": {"height": 30.1, "baseHeight": 0.0}, "geometry": {"type": "Polygon", "coordinates": [[[-82.65518, 27.7695533], [-82.65442, 27.7695533], [-82.65442, 27.7696467], [-82.65518, 27.7696467], [-82.65518, 27.7695533]]]}}, {"type": "Feature", "properties": {"height": 33.1, "baseHeight": 0.0}, "geometry": {"type": "Polygon", "coordinates": [[[-82.65518, 27.7698867], [-82.65442, 27.7698867], [-82.65442, 27.76998], [-82.65518, 27.76998], [-82.65518, 27.7698867]]]}}, {"type": "Feature", "properties": {"height": 25.4, "baseHeight": 0.0}, "geometry": {"type": "Polygon", "coordinates": [[[-82.65358, 27.76922], [-82.65282, 27.76922], [-82.65282, 27.76998], [-82.65358, 27.76998], [-82.65358, 27.76922]]]}}, {"type": "Feature", "properties": {"height": 23.3, "baseHeight": 0.0}, "geometry": {"type": "Polygon", "coordinates": [[[-82.65198, 27.76922], [-82.65122, 27.76922], [-82.65122, 27.76948], [-82.65198, 27.76948], [-82.65198, 27.76922]]]}}, {"type": "Feature", "properties": {"height": 19.2, "baseHeight": 0.0}, "geometry": {"type": "Polygon", "coordinates": [[[-82.65198, 27.76972], [-82.65122, 27.76972], [-82.65122, 27.76998], [-82.65198, 27.76998], [-82.65198, 27.76972]]]}}, {"type": "Feature", "properties": {"height": 17.7, "baseHeight": 0.0}, "geometry": {"type": "Polygon", "coordinates": [[[-82.65038, 27.76922], [-82.65012, 27.76922], [-82.65012, 27.76998], [-82.65038, 27.76998], [-82.65038, 27.76922]]]}}, {"type": "Feature", "properties": {"height": 10.5, "baseHeight": 0.0}, "geometry": {"type": "Polygon", "coordinates": [[[-82.64988, 27.76922], [-82.64962, 27.76922], [-82.64962, 27.76998], [-82.64988, 27.76998], [-82.64988, 27.76922]]]}}, {"type": "Feature", "properties": {"height": 25.3, "baseHeight": 0.0}, "geometry": {"type": "Polygon", "coordinates": [[[-82.64878, 27.76922], [-82.6486867, 27.76922], [-82.6486867, 27.76948], [-82.64878, 27.76948], [-82.64878, 27.76922]]]}}, {"type": "Feature", "properties": {"height": 20.5, "baseHeight": 0.0}, "geometry": {"type": "Polygon", "coordinates": [[[-82.64878, 27.76972], [-82.6486867, 27.76972], [-82.6486867, 27.76998], [-82.64878, 27.76998], [-82.64878, 27.76972]]]}}, {"type": "Feature", "properties": {"height": 17.6, "baseHeight": 0.0}, "geometry": {"type": "Polygon", "coordinates": [[[-82.6484467, 27.76922], [-82.6483533, 27.76922], [-82.6483533, 27.76948], [-82.6484467, 27.76948], [-82.6484467, 27.76922]]]}}, {"type": "Feature", "properties": {"height": 20.4, "baseHeight": 0.0}, "geometry": {"type": "Polygon", "coordinates": [[[-82.6484467, 27.76972], [-82.6483533, 27.76972], [-82.6483533, 27.76998], [-82.6484467, 27.76998], [-82.6484467, 27.76972]]]}}, {"type": "Feature", "properties": {"height": 18.1, "baseHeight": 0.0}, "geometry": {"type": "Polygon", "coordinates": [[[-82.6481133, 27.76922], [-82.64802, 27.76922], [-82.64802, 27.76948], [-82.6481133, 27.76948], [-82.6481133, 27.76922]]]}}, {"type": "Feature", "properties": {"height": 10.7, "baseHeight": 0.0}, "geometry": {"type": "Polygon", "coordinates": [[[-82.6481133, 27.76972], [-82.64802, 27.76972], [-82.64802, 27.76998], [-82.6481133, 27.76998], [-82.6481133, 27.76972]]]}}, {"type": "Feature", "properties": {"height": 12.1, "baseHeight": 0.0}, "geometry": {"type": "Polygon", "coordinates": [[[-82.64718, 27.76922], [-82.64642, 27.76922], [-82.64642, 27.76948], [-82.64718, 27.76948], [-82.64718, 27.76922]]]}}, {"type": "Feature", "properties": {"height": 26.9, "baseHeight": 0.0}, "geometry": {"type": "Polygon", "coordinates": [[[-82.64718, 27.76972], [-82.64642, 27.76972], [-82.64642, 27.76998], [-82.64718, 27.76998], [-82.64718, 27.76972]]]}}, {"type": "Feature", "properties": {"height": 12.2, "baseHeight": 0.0}, "geometry": {"type": "Polygon", "coordinates": [[[-82.64558, 27.76922], [-82.64482, 27.76922], [-82.64482, 27.76948], [-82.64558, 27.76948], [-82.64558, 27.76922]]]}}, {"type": "Feature", "properties": {"height": 32.2, "baseHeight": 0.0}, "geometry": {"type": "Polygon", "coordinates": [[[-82.64558, 27.76972], [-82.64482, 27.76972], [-82.64482, 27.76998], [-82.64558, 27.76998], [-82.64558, 27.76972]]]}}, {"type": "Feature", "properties": {"height": 70.0, "baseHeight": 0.0}, "geometry": {"type": "Polygon", "coordinates": [[[-82.64238, 27.76922], [-82.6422867, 27.76922], [-82.6422867, 27.7693133], [-82.64238, 27.7693133], [-82.64238, 27.76922]]]}}, {"type": "Feature", "properties": {"height": 78.2, "baseHeight": 0.0}, "geometry": {"type": "Polygon", "coordinates": [[[-82.6420467, 27.76922], [-82.6419533, 27.76922], [-82.6419533, 27.7693133], [-82.6420467, 27.7693133], [-82.6420467, 27.76922]]]}}, {"type": "Feature", "properties": {"height": 29.5, "baseHeight": 0.0}, "geometry": {"type": "Polygon", "coordinates": [[[-82.6420467, 27.7698867], [-82.6419533, 27.7698867], [-82.6419533, 27.76998], [-82.6420467, 27.76998], [-82.6420467, 27.7698867]]]}}, {"type": "Feature", "properties": {"height": 19.0, "baseHeight": 0.0}, "geometry": {"type": "Polygon", "coordinates": [[[-82.6417133, 27.76922], [-82.64162, 27.76922], [-82.64162, 27.7693133], [-82.6417133, 27.7693133], [-82.6417133, 27.76922]]]}}, {"type": "Feature", "properties": {"height": 46.0, "baseHeight": 0.0}, "geometry": {"type": "Polygon", "coordinates": [[[-82.6417133, 27.7695533], [-82.64162, 27.7695533], [-82.64162, 27.7696467], [-82.6417133, 27.7696467], [-82.6417133, 27.7695533]]]}}, {"type": "Feature", "properties": {"height": 40.3, "baseHeight": 0.0}, "geometry": {"type": "Polygon", "coordinates": [[[-82.6417133, 27.7698867], [-82.64162, 27.7698867], [-82.64162, 27.76998], [-82.6417133, 27.76998], [-82.6417133, 27.7698867]]]}}, {"type": "Feature", "properties": {"height": 26.9, "baseHeight": 0.0}, "geometry": {"type": "Polygon", "coordinates": [[[-82.63918, 27.76922], [-82.63842, 27.76922], [-82.63842, 27.76998], [-82.63918, 27.76998], [-82.63918, 27.76922]]]}}, {"type": "Feature", "properties": {"height": 41.3, "baseHeight": 0.0}, "geometry": {"type": "Polygon", "coordinates": [[[-82.63758, 27.76922], [-82.63732, 27.76922], [-82.63732, 27.76948], [-82.63758, 27.76948], [-82.63758, 27.76922]]]}}, {"type": "Feature", "properties": {"height": 65.4, "baseHeight": 0.0}, "geometry": {"type": "Polygon", "coordinates": [[[-82.63758, 27.76972], [-82.63732, 27.76972], [-82.63732, 27.76998], [-82.63758, 27.76998], [-82.63758, 27.76972]]]}}, {"type": "Feature", "properties": {"height": 54.9, "baseHeight": 0.0}, "geometry": {"type": "Polygon", "coordinates": [[[-82.63708, 27.76922], [-82.63682, 27.76922], [-82.63682, 27.76948], [-82.63708, 27.76948], [-82.63708, 27.76922]]]}}, {"type": "Feature", "properties": {"height": 93.4, "baseHeight": 0.0}, "geometry": {"type": "Polygon", "coordinates": [[[-82.63708, 27.76972], [-82.63682, 27.76972], [-82.63682, 27.76998], [-82.63708, 27.76998], [-82.63708, 27.76972]]]}}, {"type": "Feature", "properties": {"height": 34.1, "baseHeight": 0.0}, "geometry": {"type": "Polygon", "coordinates": [[[-82.63438, 27.76922], [-82.63362, 27.76922], [-82.63362, 27.76998], [-82.63438, 27.76998], [-82.63438, 27.76922]]]}}, {"type": "Feature", "properties": {"height": 43.2, "baseHeight": 0.0}, "geometry": {"type": "Polygon", "coordinates": [[[-82.63278, 27.76922], [-82.6326867, 27.76922], [-82.6326867, 27.76998], [-82.63278, 27.76998], [-82.63278, 27.76922]]]}}, {"type": "Feature", "properties": {"height": 72.1, "baseHeight": 0.0}, "geometry": {"type": "Polygon", "coordinates": [[[-82.6324467, 27.76922], [-82.6323533, 27.76922], [-82.6323533, 27.76998], [-82.6324467, 27.76998], [-82.6324467, 27.76922]]]}}, {"type": "Feature", "properties": {"height": 39.2, "baseHeight": 0.0}, "geometry": {"type": "Polygon", "coordinates": [[[-82.6321133, 27.76922], [-82.63202, 27.76922], [-82.63202, 27.76998], [-82.6321133, 27.76998], [-82.6321133, 27.76922]]]}}, {"type": "Feature", "properties": {"height": 43.1, "baseHeight": 0.0}, "geometry": {"type": "Polygon", "coordinates": [[[-82.63118, 27.76922], [-82.63042, 27.76922], [-82.63042, 27.76998], [-82.63118, 27.76998], [-82.63118, 27.76922]]]}}, {"type": "Feature", "properties": {"height": 30.0, "baseHeight": 0.0}, "geometry": {"type": "Polygon", "coordinates": [[[-82.62798, 27.76922], [-82.6278867, 27.76922], [-82.6278867, 27.7693133], [-82.62798, 27.7693133], [-82.62798, 27.76922]]]}}, {"type": "Feature", "properties": {"height": 29.3, "baseHeight": 0.0}, "geometry": {"type": "Polygon", "coordinates": [[[-82.62798, 27.7695533], [-82.6278867, 27.7695533], [-82.6278867, 27.7696467], [-82.62798, 27.7696467], [-82.62798, 27.7695533]]]}}, {"type": "Feature", "properties": {"height": 25.9, "baseHeight": 0.0}, "geometry": {"type": "Polygon", "coordinates": [[[-82.62798, 27.7698867], [-82.6278867, 27.7698867], [-82.6278867, 27.76998], [-82.62798, 27.76998], [-82.62798, 27.7698867]]]}}, {"type": "Feature", "properties": {"height": 25.8, "baseHeight": 0.0}, "geometry": {"type": "Polygon", "coordinates": [[[-82.6276467, 27.76922], [-82.6275533, 27.76922], [-82.6275533, 27.7693133], [-82.6276467, 27.7693133], [-82.6276467, 27.76922]]]}}, {"type": "Feature", "properties": {"height": 16.0, "baseHeight": 0.0}, "geometry": {"type": "Polygon", "coordinates": [[[-82.6276467, 27.7695533], [-82.6275533, 27.7695533], [-82.6275533, 27.7696467], [-82.6276467, 27.7696467], [-82.6276467, 27.7695533]]]}}, {"type": "Feature", "properties": {"height": 29.2, "baseHeight": 0.0}, "geometry": {"type": "Polygon", "coordinates": [[[-82.6276467, 27.7698867], [-82.6275533, 27.7698867], [-82.6275533, 27.76998], [-82.6276467, 27.76998], [-82.6276467, 27.7698867]]]}}, {"type": "Feature", "properties": {"height": 30.4, "baseHeight": 0.0}, "geometry": {"type": "Polygon", "coordinates": [[[-82.6273133, 27.76922], [-82.62722, 27.76922], [-82.62722, 27.7693133], [-82.6273133, 27.7693133], [-82.6273133, 27.76922]]]}}, {"type": "Feature", "properties": {"height": 18.1, "baseHeight": 0.0}, "geometry": {"type": "Polygon", "coordinates": [[[-82.6273133, 27.7695533], [-82.62722, 27.7695533], [-82.62722, 27.7696467], [-82.6273133, 27.7696467], [-82.6273133, 27.7695533]]]}}, {"type": "Feature", "properties": {"height": 17.1, "baseHeight": 0.0}, "geometry": {"type": "Polygon", "coordinates": [[[-82.6273133, 27.7698867], [-82.62722, 27.7698867], [-82.62722, 27.76998], [-82.6273133, 27.76998], [-82.6273133, 27.7698867]]]}}, {"type": "Feature", "properties": {"height": 12.9, "baseHeight": 0.0}, "geometry": {"type": "Polygon", "coordinates": [[[-82.62638, 27.76922], [-82.6262867, 27.76922], [-82.6262867, 27.7693133], [-82.62638, 27.7693133], [-82.62638, 27.76922]]]}}, {"type": "Feature", "properties": {"height": 20.6, "baseHeight": 0.0}, "geometry": {"type": "Polygon", "coordinates": [[[-82.62638, 27.7695533], [-82.6262867, 27.7695533], [-82.6262867, 27.7696467], [-82.62638, 27.7696467], [-82.62638, 27.7695533]]]}}, {"type": "Feature", "properties": {"height": 20.0, "baseHeight": 0.0}, "geometry": {"type": "Polygon", "coordinates": [[[-82.62638, 27.7698867], [-82.6262867, 27.7698867], [-82.6262867, 27.76998], [-82.62638, 27.76998], [-82.62638, 27.7698867]]]}}, {"type": "Feature", "properties": {"height": 27.3, "baseHeight": 0.0}, "geometry": {"type": "Polygon", "coordinates": [[[-82.6260467, 27.76922], [-82.6259533, 27.76922], [-82.6259533, 27.7693133], [-82.6260467, 27.7693133], [-82.6260467, 27.76922]]]}}, {"type": "Feature", "properties": {"height": 21.0, "baseHeight": 0.0}, "geometry": {"type": "Polygon", "coordinates": [[[-82.6260467, 27.7695533], [-82.6259533, 27.7695533], [-82.6259533, 27.7696467], [-82.6260467, 27.7696467], [-82.6260467, 27.7695533]]]}}, {"type": "Feature", "properties": {"height": 29.9, "baseHeight": 0.0}, "geometry": {"type": "Polygon", "coordinates": [[[-82.6260467, 27.7698867], [-82.6259533, 27.7698867], [-82.6259533, 27.76998], [-82.6260467, 27.76998], [-82.6260467, 27.7698867]]]}}, {"type": "Feature", "properties": {"height": 14.8, "baseHeight": 0.0}, "geometry": {"type": "Polygon", "coordinates": [[[-82.6257133, 27.76922], [-82.62562, 27.76922], [-82.62562, 27.7693133], [-82.6257133, 27.7693133], [-82.6257133, 27.76922]]]}}, {"type": "Feature", "properties": {"height": 93.8, "baseHeight": 0.0}, "geometry": {"type": "Polygon", "coordinates": [[[-82.6257133, 27.7695533], [-82.62562, 27.7695533], [-82.62562, 27.7696467], [-82.6257133, 27.7696467], [-82.6257133, 27.7695533]]]}}, {"type": "Feature", "properties": {"height": 30.7, "baseHeight": 0.0}, "geometry": {"type": "Polygon", "coordinates": [[[-82.6257133, 27.7698867], [-82.62562, 27.7698867], [-82.62562, 27.76998], [-82.6257133, 27.76998], [-82.6257133, 27.7698867]]]}}, {"type": "Feature", "properties": {"height": 16.6, "baseHeight": 0.0}, "geometry": {"type": "Polygon", "coordinates": [[[-82.62478, 27.76922], [-82.62452, 27.76922], [-82.62452, 27.7693133], [-82.62478, 27.7693133], [-82.62478, 27.76922]]]}}, {"type": "Feature", "properties": {"height": 20.7, "baseHeight": 0.0}, "geometry": {"type": "Polygon", "coordinates": [[[-82.62478, 27.7695533], [-82.62452, 27.7695533], [-82.62452, 27.7696467], [-82.62478, 27.7696467], [-82.62478, 27.7695533]]]}}, {"type": "Feature", "properties": {"height": 20.7, "baseHeight": 0.0}, "geometry": {"type": "Polygon", "coordinates": [[[-82.62478, 27.7698867], [-82.62452, 27.7698867], [-82.62452, 27.76998], [-82.62478, 27.76998], [-82.62478, 27.7698867]]]}}, {"type": "Feature", "properties": {"height": 15.8, "baseHeight": 0.0}, "geometry": {"type": "Polygon", "coordinates": [[[-82.62428, 27.76922], [-82.62402, 27.76922], [-82.62402, 27.7693133], [-82.62428, 27.7693133], [-82.62428, 27.76922]]]}}, {"type": "Feature", "properties": {"height": 29.5, "baseHeight": 0.0}, "geometry": {"type": "Polygon", "coordinates": [[[-82.62428, 27.7698867], [-82.62402, 27.7698867], [-82.62402, 27.76998], [-82.62428, 27.76998], [-82.62428, 27.7698867]]]}}, {"type": "Feature", "properties": {"height": 24.1, "baseHeight": 0.0}, "geometry": {"type": "Polygon", "coordinates": [[[-82.62158, 27.76922], [-82.62082, 27.76922], [-82.62082, 27.7693133], [-82.62158, 27.7693133], [-82.62158, 27.76922]]]}}, {"type": "Feature", "properties": {"height": 32.6, "baseHeight": 0.0}, "geometry": {"type": "Polygon", "coordinates": [[[-82.62158, 27.7695533], [-82.62082, 27.7695533], [-82.62082, 27.7696467], [-82.62158, 27.7696467], [-82.62158, 27.7695533]]]}}, {"type": "Feature", "properties": {"height": 23.4, "baseHeight": 0.0}, "geometry": {"type": "Polygon", "coordinates": [[[-82.62158, 27.7698867], [-82.62082, 27.7698867], [-82.62082, 27.76998], [-82.62158, 27.76998], [-82.62158, 27.7698867]]]}}, {"type": "Feature", "properties": {"height": 14.0, "baseHeight": 0.0}, "geometry": {"type": "Polygon", "coordinates": [[[-82.61998, 27.76922], [-82.61972, 27.76922], [-82.61972, 27.76948], [-82.61998, 27.76948], [-82.61998, 27.76922]]]}}, {"type": "Feature", "properties": {"height": 28.6, "baseHeight": 0.0}, "geometry": {"type": "Polygon", "coordinates": [[[-82.61998, 27.76972], [-82.61972, 27.76972], [-82.61972, 27.76998], [-82.61998, 27.76998], [-82.61998, 27.76972]]]}}, {"type": "Feature", "properties": {"height": 13.5, "baseHeight": 0.0}, "geometry": {"type": "Polygon", "coordinates": [[[-82.61948, 27.76922], [-82.61922, 27.76922], [-82.61922, 27.76948], [-82.61948, 27.76948], [-82.61948, 27.76922]]]}}, {"type": "Feature", "properties": {"height": 22.9, "baseHeight": 0.0}, "geometry": {"type": "Polygon", "coordinates": [[[-82.61948, 27.76972], [-82.61922, 27.76972], [-82.61922, 27.76998], [-82.61948, 27.76998], [-82.61948, 27.76972]]]}}, {"type": "Feature", "properties": {"height": 20.7, "baseHeight": 0.0}, "geometry": {"type": "Polygon", "coordinates": [[[-82.61838, 27.76922], [-82.61812, 27.76922], [-82.61812, 27.76948], [-82.61838, 27.76948], [-82.61838, 27.76922]]]}}, {"type": "Feature", "properties": {"height": 54.7, "baseHeight": 0.0}, "geometry": {"type": "Polygon", "coordinates": [[[-82.61838, 27.76972], [-82.61812, 27.76972], [-82.61812, 27.76998], [-82.61838, 27.76998], [-82.61838, 27.76972]]]}}, {"type": "Feature", "properties": {"height": 28.1, "baseHeight": 0.0}, "geometry": {"type": "Polygon", "coordinates": [[[-82.61788, 27.76922], [-82.61762, 27.76922], [-82.61762, 27.76948], [-82.61788, 27.76948], [-82.61788, 27.76922]]]}}, {"type": "Feature", "properties": {"height": 25.5, "baseHeight": 0.0}, "geometry": {"type": "Polygon", "coordinates": [[[-82.61788, 27.76972], [-82.61762, 27.76972], [-82.61762, 27.76998], [-82.61788, 27.76998], [-82.61788, 27.76972]]]}}, {"type": "Feature", "properties": {"height": 11.0, "baseHeight": 0.0}, "geometry": {"type": "Polygon", "coordinates": [[[-82.61678, 27.76922], [-82.6166867, 27.76922], [-82.6166867, 27.7693133], [-82.61678, 27.7693133], [-82.61678, 27.76922]]]}}, {"type": "Feature", "properties": {"height": 9.0, "baseHeight": 0.0}, "geometry": {"type": "Polygon", "coordinates": [[[-82.61678, 27.7695533], [-82.6166867, 27.7695533], [-82.6166867, 27.7696467], [-82.61678, 27.7696467], [-82.61678, 27.7695533]]]}}, {"type": "Feature", "properties": {"height": 9.2, "baseHeight": 0.0}, "geometry": {"type": "Polygon", "coordinates": [[[-82.61678, 27.7698867], [-82.6166867, 27.7698867], [-82.6166867, 27.76998], [-82.61678, 27.76998], [-82.61678, 27.7698867]]]}}, {"type": "Feature", "properties": {"height": 8.0, "baseHeight": 0.0}, "geometry": {"type": "Polygon", "coordinates": [[[-82.6164467, 27.76922], [-82.6163533, 27.76922], [-82.6163533, 27.7693133], [-82.6164467, 27.7693133], [-82.6164467, 27.76922]]]}}, {"type": "Feature", "properties": {"height": 9.8, "baseHeight": 0.0}, "geometry": {"type": "Polygon", "coordinates": [[[-82.6164467, 27.7695533], [-82.6163533, 27.7695533], [-82.6163533, 27.7696467], [-82.6164467, 27.7696467], [-82.6164467, 27.7695533]]]}}, {"type": "Feature", "properties": {"height": 5.4, "baseHeight": 0.0}, "geometry": {"type": "Polygon", "coordinates": [[[-82.6164467, 27.7698867], [-82.6163533, 27.7698867], [-82.6163533, 27.76998], [-82.6164467, 27.76998], [-82.6164467, 27.7698867]]]}}, {"type": "Feature", "properties": {"height": 8.2, "baseHeight": 0.0}, "geometry": {"type": "Polygon", "coordinates": [[[-82.6161133, 27.76922], [-82.61602, 27.76922], [-82.61602, 27.7693133], [-82.6161133, 27.7693133], [-82.6161133, 27.76922]]]}}, {"type": "Feature", "properties": {"height": 7.1, "baseHeight": 0.0}, "geometry": {"type": "Polygon", "coordinates": [[[-82.6161133, 27.7698867], [-82.61602, 27.7698867], [-82.61602, 27.76998], [-82.6161133, 27.76998], [-82.6161133, 27.7698867]]]}}, {"type": "Feature", "properties": {"height": 11.0, "baseHeight": 0.0}, "geometry": {"type": "Polygon", "coordinates": [[[-82.61198, 27.76922], [-82.61172, 27.76922], [-82.61172, 27.7693133], [-82.61198, 27.7693133], [-82.61198, 27.76922]]]}}, {"type": "Feature", "properties": {"height": 9.8, "baseHeight": 0.0}, "geometry": {"type": "Polygon", "coordinates": [[[-82.61198, 27.7695533], [-82.61172, 27.7695533], [-82.61172, 27.7696467], [-82.61198, 27.7696467], [-82.61198, 27.7695533]]]}}, {"type": "Feature", "properties": {"height": 6.4, "baseHeight": 0.0}, "geometry": {"type": "Polygon", "coordinates": [[[-82.61198, 27.7698867], [-82.61172, 27.7698867], [-82.61172, 27.76998], [-82.61198, 27.76998], [-82.61198, 27.7698867]]]}}, {"type": "Feature", "properties": {"height": 9.8, "baseHeight": 0.0}, "geometry": {"type": "Polygon", "coordinates": [[[-82.61148, 27.76922], [-82.61122, 27.76922], [-82.61122, 27.7693133], [-82.61148, 27.7693133], [-82.61148, 27.76922]]]}}, {"type": "Feature", "properties": {"height": 11.5, "baseHeight": 0.0}, "geometry": {"type": "Polygon", "coordinates": [[[-82.61148, 27.7695533], [-82.61122, 27.7695533], [-82.61122, 27.7696467], [-82.61148, 27.7696467], [-82.61148, 27.7695533]]]}}, {"type": "Feature", "properties": {"height": 8.9, "baseHeight": 0.0}, "geometry": {"type": "Polygon", "coordinates": [[[-82.61148, 27.7698867], [-82.61122, 27.7698867], [-82.61122, 27.76998], [-82.61148, 27.76998], [-82.61148, 27.7698867]]]}}, {"type": "Feature", "properties": {"height": 5.9, "baseHeight": 0.0}, "geometry": {"type": "Polygon", "coordinates": [[[-82.66958, 27.77082], [-82.66932, 27.77082], [-82.66932, 27.77108], [-82.66958, 27.77108], [-82.66958, 27.77082]]]}}, {"type": "Feature", "properties": {"height": 10.1, "baseHeight": 0.0}, "geometry": {"type": "Polygon", "coordinates": [[[-82.66908, 27.77132], [-82.66882, 27.77132], [-82.66882, 27.77158], [-82.66908, 27.77158], [-82.66908, 27.77132]]]}}, {"type": "Feature", "properties": {"height": 10.2, "baseHeight": 0.0}, "geometry": {"type": "Polygon", "coordinates": [[[-82.66798, 27.77082], [-82.6678867, 27.77082], [-82.6678867, 27.77158], [-82.66798, 27.77158], [-82.66798, 27.77082]]]}}, {"type": "Feature", "properties": {"height": 11.9, "baseHeight": 0.0}, "geometry": {"type": "Polygon", "coordinates": [[[-82.6676467, 27.77082], [-82.6675533, 27.77082], [-82.6675533, 27.77158], [-82.6676467, 27.77158], [-82.6676467, 27.77082]]]}}, {"type": "Feature", "properties": {"height": 11.4, "baseHeight": 0.0}, "geometry": {"type": "Polygon", "coordinates": [[[-82.6673133, 27.77082], [-82.66722, 27.77082], [-82.66722, 27.77158], [-82.6673133, 27.77158], [-82.6673133, 27.77082]]]}}, {"type": "Feature", "properties": {"height": 9.1, "baseHeight": 0.0}, "geometry": {"type": "Polygon", "coordinates": [[[-82.66638, 27.77082], [-82.66612, 27.77082], [-82.66612, 27.77158], [-82.66638, 27.77158], [-82.66638, 27.77082]]]}}, {"type": "Feature", "properties": {"height": 7.3, "baseHeight": 0.0}, "geometry": {"type": "Polygon", "coordinates": [[[-82.66588, 27.77082], [-82.66562, 27.77082], [-82.66562, 27.77158], [-82.66588, 27.77158], [-82.66588, 27.77082]]]}}, {"type": "Feature", "properties": {"height": 7.8, "baseHeight": 0.0}, "geometry": {"type": "Polygon", "coordinates": [[[-82.66478, 27.77082], [-82.66452, 27.77082], [-82.66452, 27.77158], [-82.66478, 27.77158], [-82.66478, 27.77082]]]}}, {"type": "Feature", "properties": {"height": 5.0, "baseHeight": 0.0}, "geometry": {"type": "Polygon", "coordinates": [[[-82.66428, 27.77082], [-82.66402, 27.77082], [-82.66402, 27.77158], [-82.66428, 27.77158], [-82.66428, 27.77082]]]}}, {"type": "Feature", "properties": {"height": 10.8, "baseHeight": 0.0}, "geometry": {"type": "Polygon", "coordinates": [[[-82.66318, 27.77082], [-82.66242, 27.77082], [-82.66242, 27.77108], [-82.66318, 27.77108], [-82.66318, 27.77082]]]}}, {"type": "Feature", "properties": {"height": 5.9, "baseHeight": 0.0}, "geometry": {"type": "Polygon", "coordinates": [[[-82.66318, 27.77132], [-82.66242, 27.77132], [-82.66242, 27.77158], [-82.66318, 27.77158], [-82.66318, 27.77132]]]}}, {"type": "Feature", "properties": {"height": 7.0, "baseHeight": 0.0}, "geometry": {"type": "Polygon", "coordinates": [[[-82.65838, 27.77082], [-82.65812, 27.77082], [-82.65812, 27.7709133], [-82.65838, 27.7709133], [-82.65838, 27.77082]]]}}, {"type": "Feature", "properties": {"height": 6.2, "baseHeight": 0.0}, "geometry": {"type": "Polygon", "coordinates": [[[-82.65838, 27.7711533], [-82.65812, 27.7711533], [-82.65812, 27.7712467], [-82.65838, 27.7712467], [-82.65838, 27.7711533]]]}}, {"type": "Feature", "properties": {"height": 7.6, "baseHeight": 0.0}, "geometry": {"type": "Polygon", "coordinates": [[[-82.65788, 27.7711533], [-82.65762, 27.7711533], [-82.65762, 27.7712467], [-82.65788, 27.7712467], [-82.65788, 27.7711533]]]}}, {"type": "Feature", "properties": {"height": 9.1, "baseHeight": 0.0}, "geometry": {"type": "Polygon", "coordinates": [[[-82.65788, 27.7714867], [-82.65762, 27.7714867], [-82.65762, 27.77158], [-82.65788, 27.77158], [-82.65788, 27.7714867]]]}}, {"type": "Feature", "properties": {"height": 22.6, "baseHeight": 0.0}, "geometry": {"type": "Polygon", "coordinates": [[[-82.65678, 27.77082], [-82.65602, 27.77082], [-82.65602, 27.7709133], [-82.65678, 27.7709133], [-82.65678, 27.77082]]]}}, {"type": "Feature", "properties": {"height": 20.9, "baseHeight": 0.0}, "geometry": {"type": "Polygon", "coordinates": [[[-82.65678, 27.7711533], [-82.65602, 27.7711533], [-82.65602, 27.7712467], [-82.65678, 27.7712467], [-82.65678, 27.7711533]]]}}, {"type": "Feature", "properties": {"height": 33.6, "baseHeight": 0.0}, "geometry": {"type": "Polygon", "coordinates": [[[-82.65678, 27.7714867], [-82.65602, 27.7714867], [-82.65602, 27.77158], [-82.65678, 27.77158], [-82.65678, 27.7714867]]]}}, {"type": "Feature", "properties": {"height": 17.1, "baseHeight": 0.0}, "geometry": {"type": "Polygon", "coordinates": [[[-82.65518, 27.77082], [-82.65492, 27.77082], [-82.65492, 27.7709133], [-82.65518, 27.7709133], [-82.65518, 27.77082]]]}}, {"type": "Feature", "properties": {"height": 15.3, "baseHeight": 0.0}, "geometry": {"type": "Polygon", "coordinates": [[[-82.65518, 27.7711533], [-82.65492, 27.7711533], [-82.65492, 27.7712467], [-82.65518, 27.7712467], [-82.65518, 27.7711533]]]}}, {"type": "Feature", "properties": {"height": 10.9, "baseHeight": 0.0}, "geometry": {"type": "Polygon", "coordinates": [[[-82.65518, 27.7714867], [-82.65492, 27.7714867], [-82.65492, 27.77158], [-82.65518, 27.77158], [-82.65518, 27.7714867]]]}}, {"type": "Feature", "properties": {"height": 25.0, "baseHeight": 0.0}, "geometry": {"type": "Polygon", "coordinates": [[[-82.65468, 27.77082], [-82.65442, 27.77082], [-82.65442, 27.7709133], [-82.65468, 27.7709133], [-82.65468, 27.77082]]]}}, {"type": "Feature", "properties": {"height": 11.9, "baseHeight": 0.0}, "geometry": {"type": "Polygon", "coordinates": [[[-82.65468, 27.7711533], [-82.65442, 27.7711533], [-82.65442, 27.7712467], [-82.65468, 27.7712467], [-82.65468, 27.7711533]]]}}, {"type": "Feature", "properties": {"height": 20.9, "baseHeight": 0.0}, "geometry": {"type": "Polygon", "coordinates": [[[-82.65468, 27.7714867], [-82.65442, 27.7714867], [-82.65442, 27.77158], [-82.65468, 27.77158], [-82.65468, 27.7714867]]]}}, {"type": "Feature", "properties": {"height": 21.9, "baseHeight": 0.0}, "geometry": {"type": "Polygon", "coordinates": [[[-82.65358, 27.77082], [-82.65282, 27.77082], [-82.65282, 27.7709133], [-82.65358, 27.7709133], [-82.65358, 27.77082]]]}}, {"type": "Feature", "properties": {"height": 18.4, "baseHeight": 0.0}, "geometry": {"type": "Polygon", "coordinates": [[[-82.65358, 27.7711533], [-82.65282, 27.7711533], [-82.65282, 27.7712467], [-82.65358, 27.7712467], [-82.65358, 27.7711533]]]}}, {"type": "Feature", "properties": {"height": 33.1, "baseHeight": 0.0}, "geometry": {"type": "Polygon", "coordinates": [[[-82.65358, 27.7714867], [-82.65282, 27.7714867], [-82.65282, 27.77158], [-82.65358, 27.77158], [-82.65358, 27.7714867]]]}}, {"type": "Feature", "properties": {"height": 12.5, "baseHeight": 0.0}, "geometry": {"type": "Polygon", "coordinates": [[[-82.65198, 27.77082], [-82.65172, 27.77082], [-82.65172, 27.77158], [-82.65198, 27.77158], [-82.65198, 27.77082]]]}}, {"type": "Feature", "properties": {"height": 14.1, "baseHeight": 0.0}, "geometry": {"type": "Polygon", "coordinates": [[[-82.65148, 27.77082], [-82.65122, 27.77082], [-82.65122, 27.77158], [-82.65148, 27.77158], [-82.65148, 27.77082]]]}}, {"type": "Feature", "properties": {"height": 23.9, "baseHeight": 0.0}, "geometry": {"type": "Polygon", "coordinates": [[[-82.65038, 27.77082], [-82.64962, 27.77082], [-82.64962, 27.77158], [-82.65038, 27.77158], [-82.65038, 27.77082]]]}}, {"type": "Feature", "properties": {"height": 32.8, "baseHeight": 0.0}, "geometry": {"type": "Polygon", "coordinates": [[[-82.64878, 27.77082], [-82.64852, 27.77082], [-82.64852, 27.77108], [-82.64878, 27.77108], [-82.64878, 27.77082]]]}}, {"type": "Feature", "properties": {"height": 91.4, "baseHeight": 0.0}, "geometry": {"type": "Polygon", "coordinates": [[[-82.64878, 27.77132], [-82.64852, 27.77132], [-82.64852, 27.77158], [-82.64878, 27.77158], [-82.64878, 27.77132]]]}}, {"type": "Feature", "properties": {"height": 32.3, "baseHeight": 0.0}, "geometry": {"type": "Polygon", "coordinates": [[[-82.64828, 27.77082], [-82.64802, 27.77082], [-82.64802, 27.77108], [-82.64828, 27.77108], [-82.64828, 27.77082]]]}}, {"type": "Feature", "properties": {"height": 24.4, "baseHeight": 0.0}, "geometry": {"type": "Polygon", "coordinates": [[[-82.64828, 27.77132], [-82.64802, 27.77132], [-82.64802, 27.77158], [-82.64828, 27.77158], [-82.64828, 27.77132]]]}}, {"type": "Feature", "properties": {"height": 31.9, "baseHeight": 0.0}, "geometry": {"type": "Polygon", "coordinates": [[[-82.64718, 27.77082], [-82.64692, 27.77082], [-82.64692, 27.7709133], [-82.64718, 27.7709133], [-82.64718, 27.77082]]]}}, {"type": "Feature", "properties": {"height": 27.0, "baseHeight": 0.0}, "geometry": {"type": "Polygon", "coordinates": [[[-82.64718, 27.7711533], [-82.64692, 27.7711533], [-82.64692, 27.7712467], [-82.64718, 27.7712467], [-82.64718, 27.7711533]]]}}, {"type": "Feature", "properties": {"height": 13.6, "baseHeight": 0.0}, "geometry": {"type": "Polygon", "coordinates": [[[-82.64718, 27.7714867], [-82.64692, 27.7714867], [-82.64692, 27.77158], [-82.64718, 27.77158], [-82.64718, 27.7714867]]]}}, {"type": "Feature", "properties": {"height": 24.1, "baseHeight": 0.0}, "geometry": {"type": "Polygon", "coordinates": [[[-82.64668, 27.7711533], [-82.64642, 27.7711533], [-82.64642, 27.7712467], [-82.64668, 27.7712467], [-82.64668, 27.7711533]]]}}, {"type": "Feature", "properties": {"height": 14.0, "baseHeight": 0.0}, "geometry": {"type": "Polygon", "coordinates": [[[-82.64668, 27.7714867], [-82.64642, 27.7714867], [-82.64642, 27.77158], [-82.64668, 27.77158], [-82.64668, 27.7714867]]]}}, {"type": "Feature", "properties": {"height": 75.6, "baseHeight": 0.0}, "geometry": {"type": "Polygon", "coordinates": [[[-82.64238, 27.77082], [-82.64162, 27.77082], [-82.64162, 27.77108], [-82.64238, 27.77108], [-82.64238, 27.77082]]]}}, {"type": "Feature", "properties": {"height": 39.7, "baseHeight": 0.0}, "geometry": {"type": "Polygon", "coordinates": [[[-82.64238, 27.77132], [-82.64162, 27.77132], [-82.64162, 27.77158], [-82.64238, 27.77158], [-82.64238, 27.77132]]]}}, {"type": "Feature", "properties": {"height": 72.7, "baseHeight": 0.0}, "geometry": {"type": "Polygon", "coordinates": [[[-82.64078, 27.77082], [-82.64052, 27.77082], [-82.64052, 27.77158], [-82.64078, 27.77158], [-82.64078, 27.77082]]]}}, {"type": "Feature", "properties": {"height": 66.3, "baseHeight": 0.0}, "geometry": {"type": "Polygon", "coordinates": [[[-82.64028, 27.77082], [-82.64002, 27.77082], [-82.64002, 27.77158], [-82.64028, 27.77158], [-82.64028, 27.77082]]]}}, {"type": "Feature", "properties": {"height": 67.4, "baseHeight": 0.0}, "geometry": {"type": "Polygon", "coordinates": [[[-82.63918, 27.77082], [-82.6390867, 27.77082], [-82.6390867, 27.77158], [-82.63918, 27.77158], [-82.63918, 27.77082]]]}}, {"type": "Feature", "properties": {"height": 53.6, "baseHeight": 0.0}, "geometry": {"type": "Polygon", "coordinates": [[[-82.6388467, 27.77082], [-82.6387533, 27.77082], [-82.6387533, 27.77158], [-82.6388467, 27.77158], [-82.6388467, 27.77082]]]}}, {"type": "Feature", "properties": {"height": 28.5, "baseHeight": 0.0}, "geometry": {"type": "Polygon", "coordinates": [[[-82.63758, 27.77082], [-82.63682, 27.77082], [-82.63682, 27.77108], [-82.63758, 27.77108], [-82.63758, 27.77082]]]}}, {"type": "Feature", "properties": {"height": 94.2, "baseHeight": 0.0}, "geometry": {"type": "Polygon", "coordinates": [[[-82.63758, 27.77132], [-82.63682, 27.77132], [-82.63682, 27.77158], [-82.63758, 27.77158], [-82.63758, 27.77132]]]}}, {"type": "Feature", "properties": {"height": 111.4, "baseHeight": 0.0}, "geometry": {"type": "Polygon", "coordinates": [[[-82.63598, 27.77082], [-82.63572, 27.77082], [-82.63572, 27.77108], [-82.63598, 27.77108], [-82.63598, 27.77082]]]}}, {"type": "Feature", "properties": {"height": 24.7, "baseHeight": 0.0}, "geometry": {"type": "Polygon", "coordinates": [[[-82.63598, 27.77132], [-82.63572, 27.77132], [-82.63572, 27.77158], [-82.63598, 27.77158], [-82.63598, 27.77132]]]}}, {"type": "Feature", "properties": {"height": 60.4, "baseHeight": 0.0}, "geometry": {"type": "Polygon", "coordinates": [[[-82.63548, 27.77082], [-82.63522, 27.77082], [-82.63522, 27.77108], [-82.63548, 27.77108], [-82.63548, 27.77082]]]}}, {"type": "Feature", "properties": {"height": 41.6, "baseHeight": 0.0}, "geometry": {"type": "Polygon", "coordinates": [[[-82.63548, 27.77132], [-82.63522, 27.77132], [-82.63522, 27.77158], [-82.63548, 27.77158], [-82.63548, 27.77132]]]}}, {"type": "Feature", "properties": {"height": 32.4, "baseHeight": 0.0}, "geometry": {"type": "Polygon", "coordinates": [[[-82.63438, 27.77082], [-82.63412, 27.77082], [-82.63412, 27.77158], [-82.63438, 27.77158], [-82.63438, 27.77082]]]}}, {"type": "Feature", "properties": {"height": 20.1, "baseHeight": 0.0}, "geometry": {"type": "Polygon", "coordinates": [[[-82.63278, 27.7711533], [-82.63202, 27.7711533], [-82.63202, 27.7712467], [-82.63278, 27.7712467], [-82.63278, 27.7711533]]]}}, {"type": "Feature", "properties": {"height": 77.6, "baseHeight": 0.0}, "geometry": {"type": "Polygon", "coordinates": [[[-82.63278, 27.7714867], [-82.63202, 27.7714867], [-82.63202, 27.77158], [-82.63278, 27.77158], [-82.63278, 27.7714867]]]}}, {"type": "Feature", "properties": {"height": 29.8, "baseHeight": 0.0}, "geometry": {"type": "Polygon", "coordinates": [[[-82.63118, 27.77082], [-82.63042, 27.77082], [-82.63042, 27.77158], [-82.63118, 27.77158], [-82.63118, 27.77082]]]}}, {"type": "Feature", "properties": {"height": 116.8, "baseHeight": 0.0}, "geometry": {"type": "Polygon", "coordinates": [[[-82.62958, 27.77082], [-82.62932, 27.77082], [-82.62932, 27.7709133], [-82.62958, 27.7709133], [-82.62958, 27.77082]]]}}, {"type": "Feature", "properties": {"height": 24.3, "baseHeight": 0.0}, "geometry": {"type": "Polygon", "coordinates": [[[-82.62958, 27.7711533], [-82.62932, 27.7711533], [-82.62932, 27.7712467], [-82.62958, 27.7712467], [-82.62958, 27.7711533]]]}}, {"type": "Feature", "properties": {"height": 49.3, "baseHeight": 0.0}, "geometry": {"type": "Polygon", "coordinates": [[[-82.62958, 27.7714867], [-82.62932, 27.7714867], [-82.62932, 27.77158], [-82.62958, 27.77158], [-82.62958, 27.7714867]]]}}, {"type": "Feature", "properties": {"height": 85.9, "baseHeight": 0.0}, "geometry": {"type": "Polygon", "coordinates": [[[-82.62908, 27.77082], [-82.62882, 27.77082], [-82.62882, 27.7709133], [-82.62908, 27.7709133], [-82.62908, 27.77082]]]}}, {"type": "Feature", "properties": {"height": 46.2, "baseHeight": 0.0}, "geometry": {"type": "Polygon", "coordinates": [[[-82.62908, 27.7711533], [-82.62882, 27.7711533], [-82.62882, 27.7712467], [-82.62908, 27.7712467], [-82.62908, 27.7711533]]]}}, {"type": "Feature", "properties": {"height": 51.1, "baseHeight": 0.0}, "geometry": {"type": "Polygon", "coordinates": [[[-82.62908, 27.7714867], [-82.62882, 27.7714867], [-82.62882, 27.77158], [-82.62908, 27.77158], [-82.62908, 27.7714867]]]}}, {"type": "Feature", "properties": {"height": 13.6, "baseHeight": 0.0}, "geometry": {"type": "Polygon", "coordinates": [[[-82.62638, 27.77082], [-82.62612, 27.77082], [-82.62612, 27.7709133], [-82.62638, 27.7709133], [-82.62638, 27.77082]]]}}, {"type": "Feature", "properties": {"height": 10.2, "baseHeight": 0.0}, "geometry": {"type": "Polygon", "coordinates": [[[-82.62638, 27.7711533], [-82.62612, 27.7711533], [-82.62612, 27.7712467], [-82.62638, 27.7712467], [-82.62638, 27.7711533]]]}}, {"type": "Feature", "properties": {"height": 22.1, "baseHeight": 0.0}, "geometry": {"type": "Polygon", "coordinates": [[[-82.62638, 27.7714867], [-82.62612, 27.7714867], [-82.62612, 27.77158], [-82.62638, 27.77158], [-82.62638, 27.7714867]]]}}, {"type": "Feature", "properties": {"height": 30.4, "baseHeight": 0.0}, "geometry": {"type": "Polygon", "coordinates": [[[-82.62588, 27.77082], [-82.62562, 27.77082], [-82.62562, 27.7709133], [-82.62588, 27.7709133], [-82.62588, 27.77082]]]}}, {"type": "Feature", "properties": {"height": 30.6, "baseHeight": 0.0}, "geometry": {"type": "Polygon", "coordinates": [[[-82.62588, 27.7711533], [-82.62562, 27.7711533], [-82.62562, 27.7712467], [-82.62588, 27.7712467], [-82.62588, 27.7711533]]]}}, {"type": "Feature", "properties": {"height": 32.4, "baseHeight": 0.0}, "geometry": {"type": "Polygon", "coordinates": [[[-82.62588, 27.7714867], [-82.62562, 27.7714867], [-82.62562, 27.77158], [-82.62588, 27.77158], [-82.62588, 27.7714867]]]}}, {"type": "Feature", "properties": {"height": 23.9, "baseHeight": 0.0}, "geometry": {"type": "Polygon", "coordinates": [[[-82.62478, 27.77082], [-82.62452, 27.77082], [-82.62452, 27.77158], [-82.62478, 27.77158], [-82.62478, 27.77082]]]}}, {"type": "Feature", "properties": {"height": 26.5, "baseHeight": 0.0}, "geometry": {"type": "Polygon", "coordinates": [[[-82.62428, 27.77082], [-82.62402, 27.77082], [-82.62402, 27.77158], [-82.62428, 27.77158], [-82.62428, 27.77082]]]}}, {"type": "Feature", "properties": {"height": 12.6, "baseHeight": 0.0}, "geometry": {"type": "Polygon", "coordinates": [[[-82.62318, 27.77082], [-82.6230867, 27.77082], [-82.6230867, 27.77108], [-82.62318, 27.77108], [-82.62318, 27.77082]]]}}, {"type": "Feature", "properties": {"height": 11.0, "baseHeight": 0.0}, "geometry": {"type": "Polygon", "coordinates": [[[-82.62318, 27.77132], [-82.6230867, 27.77132], [-82.6230867, 27.77158], [-82.62318, 27.77158], [-82.62318, 27.77132]]]}}, {"type": "Feature", "properties": {"height": 32.9, "baseHeight": 0.0}, "geometry": {"type": "Polygon", "coordinates": [[[-82.6228467, 27.77082], [-82.6227533, 27.77082], [-82.6227533, 27.77108], [-82.6228467, 27.77108], [-82.6228467, 27.77082]]]}}, {"type": "Feature", "properties": {"height": 26.5, "baseHeight": 0.0}, "geometry": {"type": "Polygon", "coordinates": [[[-82.6228467, 27.77132], [-82.6227533, 27.77132], [-82.6227533, 27.77158], [-82.6228467, 27.77158], [-82.6228467, 27.77132]]]}}, {"type": "Feature", "properties": {"height": 18.8, "baseHeight": 0.0}, "geometry": {"type": "Polygon", "coordinates": [[[-82.6225133, 27.77082], [-82.62242, 27.77082], [-82.62242, 27.77108], [-82.6225133, 27.77108], [-82.6225133, 27.77082]]]}}, {"type": "Feature", "properties": {"height": 39.7, "baseHeight": 0.0}, "geometry": {"type": "Polygon", "coordinates": [[[-82.62158, 27.77082], [-82.62132, 27.77082], [-82.62132, 27.77108], [-82.62158, 27.77108], [-82.62158, 27.77082]]]}}, {"type": "Feature", "properties": {"height": 22.8, "baseHeight": 0.0}, "geometry": {"type": "Polygon", "coordinates": [[[-82.62158, 27.77132], [-82.62132, 27.77132], [-82.62132, 27.77158], [-82.62158, 27.77158], [-82.62158, 27.77132]]]}}, {"type": "Feature", "properties": {"height": 29.1, "baseHeight": 0.0}, "geometry": {"type": "Polygon", "coordinates": [[[-82.62108, 27.77132], [-82.62082, 27.77132], [-82.62082, 27.77158], [-82.62108, 27.77158], [-82.62108, 27.77132]]]}}, {"type": "Feature", "properties": {"height": 10.4, "baseHeight": 0.0}, "geometry": {"type": "Polygon", "coordinates": [[[-82.61838, 27.77082], [-82.61812, 27.77082], [-82.61812, 27.77108], [-82.61838, 27.77108], [-82.61838, 27.77082]]]}}, {"type": "Feature", "properties": {"height": 19.5, "baseHeight": 0.0}, "geometry": {"type": "Polygon", "coordinates": [[[-82.61788, 27.77082], [-82.61762, 27.77082], [-82.61762, 27.77108], [-82.61788, 27.77108], [-82.61788, 27.77082]]]}}, {"type": "Feature", "properties": {"height": 13.3, "baseHeight": 0.0}, "geometry": {"type": "Polygon", "coordinates": [[[-82.61788, 27.77132], [-82.61762, 27.77132], [-82.61762, 27.77158], [-82.61788, 27.77158], [-82.61788, 27.77132]]]}}, {"type": "Feature", "properties": {"height": 10.4, "baseHeight": 0.0}, "geometry": {"type": "Polygon", "coordinates": [[[-82.61678, 27.77082], [-82.6166867, 27.77082], [-82.6166867, 27.77158], [-82.61678, 27.77158], [-82.61678, 27.77082]]]}}, {"type": "Feature", "properties": {"height": 5.6, "baseHeight": 0.0}, "geometry": {"type": "Polygon", "coordinates": [[[-82.6164467, 27.77082], [-82.6163533, 27.77082], [-82.6163533, 27.77158], [-82.6164467, 27.77158], [-82.6164467, 27.77082]]]}}, {"type": "Feature", "properties": {"height": 11.8, "baseHeight": 0.0}, "geometry": {"type": "Polygon", "coordinates": [[[-82.6161133, 27.77082], [-82.61602, 27.77082], [-82.61602, 27.77158], [-82.6161133, 27.77158], [-82.6161133, 27.77082]]]}}, {"type": "Feature", "properties": {"height": 7.8, "baseHeight": 0.0}, "geometry": {"type": "Polygon", "coordinates": [[[-82.61358, 27.77082], [-82.61332, 27.77082], [-82.61332, 27.77158], [-82.61358, 27.77158], [-82.61358, 27.77082]]]}}, {"type": "Feature", "properties": {"height": 25.1, "baseHeight": 0.0}, "geometry": {"type": "Polygon", "coordinates": [[[-82.61308, 27.77082], [-82.61282, 27.77082], [-82.61282, 27.77158], [-82.61308, 27.77158], [-82.61308, 27.77082]]]}}, {"type": "Feature", "properties": {"height": 10.8, "baseHeight": 0.0}, "geometry": {"type": "Polygon", "coordinates": [[[-82.61198, 27.77082], [-82.6118867, 27.77082], [-82.6118867, 27.77108], [-82.61198, 27.77108], [-82.61198, 27.77082]]]}}, {"type": "Feature", "properties": {"height": 6.3, "baseHeight": 0.0}, "geometry": {"type": "Polygon", "coordinates": [[[-82.61198, 27.77132], [-82.6118867, 27.77132], [-82.6118867, 27.77158], [-82.61198, 27.77158], [-82.61198, 27.77132]]]}}, {"type": "Feature", "properties": {"height": 8.0, "baseHeight": 0.0}, "geometry": {"type": "Polygon", "coordinates": [[[-82.6116467, 27.77082], [-82.6115533, 27.77082], [-82.6115533, 27.77108], [-82.6116467, 27.77108], [-82.6116467, 27.77082]]]}}, {"type": "Feature", "properties": {"height": 8.3, "baseHeight": 0.0}, "geometry": {"type": "Polygon", "coordinates": [[[-82.6116467, 27.77132], [-82.6115533, 27.77132], [-82.6115533, 27.77158], [-82.6116467, 27.77158], [-82.6116467, 27.77132]]]}}, {"type": "Feature", "properties": {"height": 5.1, "baseHeight": 0.0}, "geometry": {"type": "Polygon", "coordinates": [[[-82.6113133, 27.77082], [-82.61122, 27.77082], [-82.61122, 27.77108], [-82.6113133, 27.77108], [-82.6113133, 27.77082]]]}}, {"type": "Feature", "properties": {"height": 7.7, "baseHeight": 0.0}, "geometry": {"type": "Polygon", "coordinates": [[[-82.6113133, 27.77132], [-82.61122, 27.77132], [-82.61122, 27.77158], [-82.6113133, 27.77158], [-82.6113133, 27.77132]]]}}, {"type": "Feature", "properties": {"height": 11.9, "baseHeight": 0.0}, "geometry": {"type": "Polygon", "coordinates": [[[-82.66958, 27.77242], [-82.66932, 27.77242], [-82.66932, 27.77268], [-82.66958, 27.77268], [-82.66958, 27.77242]]]}}, {"type": "Feature", "properties": {"height": 7.6, "baseHeight": 0.0}, "geometry": {"type": "Polygon", "coordinates": [[[-82.66958, 27.77292], [-82.66932, 27.77292], [-82.66932, 27.77318], [-82.66958, 27.77318], [-82.66958, 27.77292]]]}}, {"type": "Feature", "properties": {"height": 11.9, "baseHeight": 0.0}, "geometry": {"type": "Polygon", "coordinates": [[[-82.66908, 27.77242], [-82.66882, 27.77242], [-82.66882, 27.77268], [-82.66908, 27.77268], [-82.66908, 27.77242]]]}}, {"type": "Feature", "properties": {"height": 6.9, "baseHeight": 0.0}, "geometry": {"type": "Polygon", "coordinates": [[[-82.66908, 27.77292], [-82.66882, 27.77292], [-82.66882, 27.77318], [-82.66908, 27.77318], [-82.66908, 27.77292]]]}}, {"type": "Feature", "properties": {"height": 10.9, "baseHeight": 0.0}, "geometry": {"type": "Polygon", "coordinates": [[[-82.66798, 27.77242], [-82.66722, 27.77242], [-82.66722, 27.77318], [-82.66798, 27.77318], [-82.66798, 27.77242]]]}}, {"type": "Feature", "properties": {"height": 10.0, "baseHeight": 0.0}, "geometry": {"type": "Polygon", "coordinates": [[[-82.66638, 27.77242], [-82.66612, 27.77242], [-82.66612, 27.77318], [-82.66638, 27.77318], [-82.66638, 27.77242]]]}}, {"type": "Feature", "properties": {"height": 8.9, "baseHeight": 0.0}, "geometry": {"type": "Polygon", "coordinates": [[[-82.66588, 27.77242], [-82.66562, 27.77242], [-82.66562, 27.77318], [-82.66588, 27.77318], [-82.66588, 27.77242]]]}}, {"type": "Feature", "properties": {"height": 7.9, "baseHeight": 0.0}, "geometry": {"type": "Polygon", "coordinates": [[[-82.66478, 27.77242], [-82.66452, 27.77242], [-82.66452, 27.77268], [-82.66478, 27.77268], [-82.66478, 27.77242]]]}}, {"type": "Feature", "properties": {"height": 11.0, "baseHeight": 0.0}, "geometry": {"type": "Polygon", "coordinates": [[[-82.66478, 27.77292], [-82.66452, 27.77292], [-82.66452, 27.77318], [-82.66478, 27.77318], [-82.66478, 27.77292]]]}}, {"type": "Feature", "properties": {"height": 9.1, "baseHeight": 0.0}, "geometry": {"type": "Polygon", "coordinates": [[[-82.66428, 27.77242], [-82.66402, 27.77242], [-82.66402, 27.77268], [-82.66428, 27.77268], [-82.66428, 27.77242]]]}}, {"type": "Feature", "properties": {"height": 11.7, "baseHeight": 0.0}, "geometry": {"type": "Polygon", "coordinates": [[[-82.66428, 27.77292], [-82.66402, 27.77292], [-82.66402, 27.77318], [-82.66428, 27.77318], [-82.66428, 27.77292]]]}}, {"type": "Feature", "properties": {"height": 10.9, "baseHeight": 0.0}, "geometry": {"type": "Polygon", "coordinates": [[[-82.66158, 27.77242], [-82.66132, 27.77242], [-82.66132, 27.77268], [-82.66158, 27.77268], [-82.66158, 27.77242]]]}}, {"type": "Feature", "properties": {"height": 6.6, "baseHeight": 0.0}, "geometry": {"type": "Polygon", "coordinates": [[[-82.66158, 27.77292], [-82.66132, 27.77292], [-82.66132, 27.77318], [-82.66158, 27.77318], [-82.66158, 27.77292]]]}}, {"type": "Feature", "properties": {"height": 8.2, "baseHeight": 0.0}, "geometry": {"type": "Polygon", "coordinates": [[[-82.66108, 27.77242], [-82.66082, 27.77242], [-82.66082, 27.77268], [-82.66108, 27.77268], [-82.66108, 27.77242]]]}}, {"type": "Feature", "properties": {"height": 26.7, "baseHeight": 0.0}, "geometry": {"type": "Polygon", "coordinates": [[[-82.65998, 27.77242], [-82.65922, 27.77242], [-82.65922, 27.7725133], [-82.65998, 27.7725133], [-82.65998, 27.77242]]]}}, {"type": "Feature", "properties": {"height": 8.2, "baseHeight": 0.0}, "geometry": {"type": "Polygon", "coordinates": [[[-82.65998, 27.7727533], [-82.65922, 27.7727533], [-82.65922, 27.7728467], [-82.65998, 27.7728467], [-82.65998, 27.7727533]]]}}, {"type": "Feature", "properties": {"height": 9.6, "baseHeight": 0.0}, "geometry": {"type": "Polygon", "coordinates": [[[-82.65998, 27.7730867], [-82.65922, 27.7730867], [-82.65922, 27.77318], [-82.65998, 27.77318], [-82.65998, 27.7730867]]]}}, {"type": "Feature", "properties": {"height": 16.7, "baseHeight": 0.0}, "geometry": {"type": "Polygon", "coordinates": [[[-82.65358, 27.77242], [-82.65282, 27.77242], [-82.65282, 27.77268], [-82.65358, 27.77268], [-82.65358, 27.77242]]]}}, {"type": "Feature", "properties": {"height": 19.8, "baseHeight": 0.0}, "geometry": {"type": "Polygon", "coordinates": [[[-82.65358, 27.77292], [-82.65282, 27.77292], [-82.65282, 27.77318], [-82.65358, 27.77318], [-82.65358, 27.77292]]]}}, {"type": "Feature", "properties": {"height": 13.5, "baseHeight": 0.0}, "geometry": {"type": "Polygon", "coordinates": [[[-82.65198, 27.77242], [-82.65122, 27.77242], [-82.65122, 27.77268], [-82.65198, 27.77268], [-82.65198, 27.77242]]]}}, {"type": "Feature", "properties": {"height": 33.0, "baseHeight": 0.0}, "geometry": {"type": "Polygon", "coordinates": [[[-82.65198, 27.77292], [-82.65122, 27.77292], [-82.65122, 27.77318], [-82.65198, 27.77318], [-82.65198, 27.77292]]]}}, {"type": "Feature", "properties": {"height": 15.6, "baseHeight": 0.0}, "geometry": {"type": "Polygon", "coordinates": [[[-82.65038, 27.77242], [-82.64962, 27.77242], [-82.64962, 27.77318], [-82.65038, 27.77318], [-82.65038, 27.77242]]]}}, {"type": "Feature", "properties": {"height": 22.3, "baseHeight": 0.0}, "geometry": {"type": "Polygon", "coordinates": [[[-82.64878, 27.77242], [-82.6486867, 27.77242], [-82.6486867, 27.77318], [-82.64878, 27.77318], [-82.64878, 27.77242]]]}}, {"type": "Feature", "properties": {"height": 21.5, "baseHeight": 0.0}, "geometry": {"type": "Polygon", "coordinates": [[[-82.6484467, 27.77242], [-82.6483533, 27.77242], [-82.6483533, 27.77318], [-82.6484467, 27.77318], [-82.6484467, 27.77242]]]}}, {"type": "Feature", "properties": {"height": 11.5, "baseHeight": 0.0}, "geometry": {"type": "Polygon", "coordinates": [[[-82.6481133, 27.77242], [-82.64802, 27.77242], [-82.64802, 27.77318], [-82.6481133, 27.77318], [-82.6481133, 27.77242]]]}}, {"type": "Feature", "properties": {"height": 30.1, "baseHeight": 0.0}, "geometry": {"type": "Polygon", "coordinates": [[[-82.64558, 27.77242], [-82.6454867, 27.77242], [-82.6454867, 27.7725133], [-82.64558, 27.7725133], [-82.64558, 27.77242]]]}}, {"type": "Feature", "properties": {"height": 26.4, "baseHeight": 0.0}, "geometry": {"type": "Polygon", "coordinates": [[[-82.64558, 27.7727533], [-82.6454867, 27.7727533], [-82.6454867, 27.7728467], [-82.64558, 27.7728467], [-82.64558, 27.7727533]]]}}, {"type": "Feature", "properties": {"height": 21.3, "baseHeight": 0.0}, "geometry": {"type": "Polygon", "coordinates": [[[-82.64558, 27.7730867], [-82.6454867, 27.7730867], [-82.6454867, 27.77318], [-82.64558, 27.77318], [-82.64558, 27.7730867]]]}}, {"type": "Feature", "properties": {"height": 31.3, "baseHeight": 0.0}, "geometry": {"type": "Polygon", "coordinates": [[[-82.6452467, 27.77242], [-82.6451533, 27.77242], [-82.6451533, 27.7725133], [-82.6452467, 27.7725133], [-82.6452467, 27.77242]]]}}, {"type": "Feature", "properties": {"height": 19.0, "baseHeight": 0.0}, "geometry": {"type": "Polygon", "coordinates": [[[-82.6452467, 27.7727533], [-82.6451533, 27.7727533], [-82.6451533, 27.7728467], [-82.6452467, 27.7728467], [-82.6452467, 27.7727533]]]}}, {"type": "Feature", "properties": {"height": 12.2, "baseHeight": 0.0}, "geometry": {"type": "Polygon", "coordinates": [[[-82.6452467, 27.7730867], [-82.6451533, 27.7730867], [-82.6451533, 27.77318], [-82.6452467, 27.77318], [-82.6452467, 27.7730867]]]}}, {"type": "Feature", "properties": {"height": 21.7, "baseHeight": 0.0}, "geometry": {"type": "Polygon", "coordinates": [[[-82.6449133, 27.77242], [-82.64482, 27.77242], [-82.64482, 27.7725133], [-82.6449133, 27.7725133], [-82.6449133, 27.77242]]]}}, {"type": "Feature", "properties": {"height": 29.9, "baseHeight": 0.0}, "geometry": {"type": "Polygon", "coordinates": [[[-82.6449133, 27.7727533], [-82.64482, 27.7727533], [-82.64482, 27.7728467], [-82.6449133, 27.7728467], [-82.6449133, 27.7727533]]]}}, {"type": "Feature", "properties": {"height": 12.1, "baseHeight": 0.0}, "geometry": {"type": "Polygon", "coordinates": [[[-82.6449133, 27.7730867], [-82.64482, 27.7730867], [-82.64482, 27.77318], [-82.6449133, 27.77318], [-82.6449133, 27.7730867]]]}}, {"type": "Feature", "properties": {"height": 20.4, "baseHeight": 0.0}, "geometry": {"type": "Polygon", "coordinates": [[[-82.64398, 27.77242], [-82.64322, 27.77242], [-82.64322, 27.77318], [-82.64398, 27.77318], [-82.64398, 27.77242]]]}}, {"type": "Feature", "properties": {"height": 50.0, "baseHeight": 0.0}, "geometry": {"type": "Polygon", "coordinates": [[[-82.64238, 27.77242], [-82.6422867, 27.77242], [-82.6422867, 27.77268], [-82.64238, 27.77268], [-82.64238, 27.77242]]]}}, {"type": "Feature", "properties": {"height": 70.8, "baseHeight": 0.0}, "geometry": {"type": "Polygon", "coordinates": [[[-82.64238, 27.77292], [-82.6422867, 27.77292], [-82.6422867, 27.77318], [-82.64238, 27.77318], [-82.64238, 27.77292]]]}}, {"type": "Feature", "properties": {"height": 122.7, "baseHeight": 0.0}, "geometry": {"type": "Polygon", "coordinates": [[[-82.6420467, 27.77292], [-82.6419533, 27.77292], [-82.6419533, 27.77318], [-82.6420467, 27.77318], [-82.6420467, 27.77292]]]}}, {"type": "Feature", "properties": {"height": 77.5, "baseHeight": 0.0}, "geometry": {"type": "Polygon", "coordinates": [[[-82.6417133, 27.77242], [-82.64162, 27.77242], [-82.64162, 27.77268], [-82.6417133, 27.77268], [-82.6417133, 27.77242]]]}}, {"type": "Feature", "properties": {"height": 84.5, "baseHeight": 0.0}, "geometry": {"type": "Polygon", "coordinates": [[[-82.6417133, 27.77292], [-82.64162, 27.77292], [-82.64162, 27.77318], [-82.6417133, 27.77318], [-82.6417133, 27.77292]]]}}, {"type": "Feature", "properties": {"height": 66.8, "baseHeight": 0.0}, "geometry": {"type": "Polygon", "coordinates": [[[-82.63918, 27.77242], [-82.63892, 27.77242], [-82.63892, 27.77318], [-82.63918, 27.77318], [-82.63918, 27.77242]]]}}, {"type": "Feature", "properties": {"height": 20.5, "baseHeight": 0.0}, "geometry": {"type": "Polygon", "coordinates": [[[-82.63758, 27.77242], [-82.63732, 27.77242], [-82.63732, 27.77318], [-82.63758, 27.77318], [-82.63758, 27.77242]]]}}, {"type": "Feature", "properties": {"height": 64.4, "baseHeight": 0.0}, "geometry": {"type": "Polygon", "coordinates": [[[-82.63708, 27.77242], [-82.63682, 27.77242], [-82.63682, 27.77318], [-82.63708, 27.77318], [-82.63708, 27.77242]]]}}, {"type": "Feature", "properties": {"height": 60.2, "baseHeight": 0.0}, "geometry": {"type": "Polygon", "coordinates": [[[-82.63598, 27.77242], [-82.63522, 27.77242], [-82.63522, 27.77268], [-82.63598, 27.77268], [-82.63598, 27.77242]]]}}, {"type": "Feature", "properties": {"height": 47.1, "baseHeight": 0.0}, "geometry": {"type": "Polygon", "coordinates": [[[-82.63598, 27.77292], [-82.63522, 27.77292], [-82.63522, 27.77318], [-82.63598, 27.77318], [-82.63598, 27.77292]]]}}, {"type": "Feature", "properties": {"height": 34.0, "baseHeight": 0.0}, "geometry": {"type": "Polygon", "coordinates": [[[-82.63438, 27.77292], [-82.63362, 27.77292], [-82.63362, 27.77318], [-82.63438, 27.77318], [-82.63438, 27.77292]]]}}, {"type": "Feature", "properties": {"height": 49.9, "baseHeight": 0.0}, "geometry": {"type": "Polygon", "coordinates": [[[-82.63278, 27.77242], [-82.6326867, 27.77242], [-82.6326867, 27.77318], [-82.63278, 27.77318], [-82.63278, 27.77242]]]}}, {"type": "Feature", "properties": {"height": 80.2, "baseHeight": 0.0}, "geometry": {"type": "Polygon", "coordinates": [[[-82.6324467, 27.77242], [-82.6323533, 27.77242], [-82.6323533, 27.77318], [-82.6324467, 27.77318], [-82.6324467, 27.77242]]]}}, {"type": "Feature", "properties": {"height": 18.1, "baseHeight": 0.0}, "geometry": {"type": "Polygon", "coordinates": [[[-82.6321133, 27.77242], [-82.63202, 27.77242], [-82.63202, 27.77318], [-82.6321133, 27.77318], [-82.6321133, 27.77242]]]}}, {"type": "Feature", "properties": {"height": 37.4, "baseHeight": 0.0}, "geometry": {"type": "Polygon", "coordinates": [[[-82.63118, 27.77242], [-82.6310867, 27.77242], [-82.6310867, 27.7725133], [-82.63118, 27.7725133], [-82.63118, 27.77242]]]}}, {"type": "Feature", "properties": {"height": 28.3, "baseHeight": 0.0}, "geometry": {"type": "Polygon", "coordinates": [[[-82.63118, 27.7730867], [-82.6310867, 27.7730867], [-82.6310867, 27.77318], [-82.63118, 27.77318], [-82.63118, 27.7730867]]]}}, {"type": "Feature", "properties": {"height": 67.3, "baseHeight": 0.0}, "geometry": {"type": "Polygon", "coordinates": [[[-82.6308467, 27.77242], [-82.6307533, 27.77242], [-82.6307533, 27.7725133], [-82.6308467, 27.7725133], [-82.6308467, 27.77242]]]}}, {"type": "Feature", "properties": {"height": 71.3, "baseHeight": 0.0}, "geometry": {"type": "Polygon", "coordinates": [[[-82.6308467, 27.7730867], [-82.6307533, 27.7730867], [-82.6307533, 27.77318], [-82.6308467, 27.77318], [-82.6308467, 27.7730867]]]}}, {"type": "Feature", "properties": {"height": 54.7, "baseHeight": 0.0}, "geometry": {"type": "Polygon", "coordinates": [[[-82.6305133, 27.77242], [-82.63042, 27.77242], [-82.63042, 27.7725133], [-82.6305133, 27.7725133], [-82.6305133, 27.77242]]]}}, {"type": "Feature", "properties": {"height": 102.5, "baseHeight": 0.0}, "geometry": {"type": "Polygon", "coordinates": [[[-82.6305133, 27.7727533], [-82.63042, 27.7727533], [-82.63042, 27.7728467], [-82.6305133, 27.7728467], [-82.6305133, 27.7727533]]]}}, {"type": "Feature", "properties": {"height": 49.0, "baseHeight": 0.0}, "geometry": {"type": "Polygon", "coordinates": [[[-82.6305133, 27.7730867], [-82.63042, 27.7730867], [-82.63042, 27.77318], [-82.6305133, 27.77318], [-82.6305133, 27.7730867]]]}}, {"type": "Feature", "properties": {"height": 27.7, "baseHeight": 0.0}, "geometry": {"type": "Polygon", "coordinates": [[[-82.62638, 27.77292], [-82.6262867, 27.77292], [-82.6262867, 27.77318], [-82.62638, 27.77318], [-82.62638, 27.77292]]]}}, {"type": "Feature", "properties": {"height": 31.8, "baseHeight": 0.0}, "geometry": {"type": "Polygon", "coordinates": [[[-82.6260467, 27.77242], [-82.6259533, 27.77242], [-82.6259533, 27.77268], [-82.6260467, 27.77268], [-82.6260467, 27.77242]]]}}, {"type": "Feature", "properties": {"height": 18.7, "baseHeight": 0.0}, "geometry": {"type": "Polygon", "coordinates": [[[-82.6260467, 27.77292], [-82.6259533, 27.77292], [-82.6259533, 27.77318], [-82.6260467, 27.77318], [-82.6260467, 27.77292]]]}}, {"type": "Feature", "properties": {"height": 44.1, "baseHeight": 0.0}, "geometry": {"type": "Polygon", "coordinates": [[[-82.6257133, 27.77242], [-82.62562, 27.77242], [-82.62562, 27.77268], [-82.6257133, 27.77268], [-82.6257133, 27.77242]]]}}, {"type": "Feature", "properties": {"height": 21.4, "baseHeight": 0.0}, "geometry": {"type": "Polygon", "coordinates": [[[-82.62478, 27.77242], [-82.62402, 27.77242], [-82.62402, 27.77318], [-82.62478, 27.77318], [-82.62478, 27.77242]]]}}, {"type": "Feature", "properties": {"height": 79.7, "baseHeight": 0.0}, "geometry": {"type": "Polygon", "coordinates": [[[-82.61838, 27.77242], [-82.6182867, 27.77242], [-82.6182867, 27.77318], [-82.61838, 27.77318], [-82.61838, 27.77242]]]}}, {"type": "Feature", "properties": {"height": 6.9, "baseHeight": 0.0}, "geometry": {"type": "Polygon", "coordinates": [[[-82.61678, 27.77242], [-82.61602, 27.77242], [-82.61602, 27.77268], [-82.61678, 27.77268], [-82.61678, 27.77242]]]}}, {"type": "Feature", "properties": {"height": 8.6, "baseHeight": 0.0}, "geometry": {"type": "Polygon", "coordinates": [[[-82.61678, 27.77292], [-82.61602, 27.77292], [-82.61602, 27.77318], [-82.61678, 27.77318], [-82.61678, 27.77292]]]}}, {"type": "Feature", "properties": {"height": 6.5, "baseHeight": 0.0}, "geometry": {"type": "Polygon", "coordinates": [[[-82.61358, 27.77292], [-82.61282, 27.77292], [-82.61282, 27.77318], [-82.61358, 27.77318], [-82.61358, 27.77292]]]}}, {"type": "Feature", "properties": {"height": 6.4, "baseHeight": 0.0}, "geometry": {"type": "Polygon", "coordinates": [[[-82.66958, 27.77402], [-82.6694867, 27.77402], [-82.6694867, 27.77478], [-82.66958, 27.77478], [-82.66958, 27.77402]]]}}, {"type": "Feature", "properties": {"height": 10.6, "baseHeight": 0.0}, "geometry": {"type": "Polygon", "coordinates": [[[-82.6692467, 27.77402], [-82.6691533, 27.77402], [-82.6691533, 27.77478], [-82.6692467, 27.77478], [-82.6692467, 27.77402]]]}}, {"type": "Feature", "properties": {"height": 8.3, "baseHeight": 0.0}, "geometry": {"type": "Polygon", "coordinates": [[[-82.6689133, 27.77402], [-82.66882, 27.77402], [-82.66882, 27.77478], [-82.6689133, 27.77478], [-82.6689133, 27.77402]]]}}, {"type": "Feature", "properties": {"height": 6.9, "baseHeight": 0.0}, "geometry": {"type": "Polygon", "coordinates": [[[-82.66798, 27.77402], [-82.66722, 27.77402], [-82.66722, 27.77428], [-82.66798, 27.77428], [-82.66798, 27.77402]]]}}, {"type": "Feature", "properties": {"height": 5.8, "baseHeight": 0.0}, "geometry": {"type": "Polygon", "coordinates": [[[-82.66798, 27.77452], [-82.66722, 27.77452], [-82.66722, 27.77478], [-82.66798, 27.77478], [-82.66798, 27.77452]]]}}, {"type": "Feature", "properties": {"height": 12.0, "baseHeight": 0.0}, "geometry": {"type": "Polygon", "coordinates": [[[-82.66638, 27.77402], [-82.66562, 27.77402], [-82.66562, 27.7741133], [-82.66638, 27.7741133], [-82.66638, 27.77402]]]}}, {"type": "Feature", "properties": {"height": 6.6, "baseHeight": 0.0}, "geometry": {"type": "Polygon", "coordinates": [[[-82.66638, 27.7746867], [-82.66562, 27.7746867], [-82.66562, 27.77478], [-82.66638, 27.77478], [-82.66638, 27.7746867]]]}}, {"type": "Feature", "properties": {"height": 7.8, "baseHeight": 0.0}, "geometry": {"type": "Polygon", "coordinates": [[[-82.66158, 27.77402], [-82.66082, 27.77402], [-82.66082, 27.7741133], [-82.66158, 27.7741133], [-82.66158, 27.77402]]]}}, {"type": "Feature", "properties": {"height": 7.4, "baseHeight": 0.0}, "geometry": {"type": "Polygon", "coordinates": [[[-82.66158, 27.7743533], [-82.66082, 27.7743533], [-82.66082, 27.7744467], [-82.66158, 27.7744467], [-82.66158, 27.7743533]]]}}, {"type": "Feature", "properties": {"height": 5.2, "baseHeight": 0.0}, "geometry": {"type": "Polygon", "coordinates": [[[-82.66158, 27.7746867], [-82.66082, 27.7746867], [-82.66082, 27.77478], [-82.66158, 27.77478], [-82.66158, 27.7746867]]]}}, {"type": "Feature", "properties": {"height": 9.0, "baseHeight": 0.0}, "geometry": {"type": "Polygon", "coordinates": [[[-82.65998, 27.77402], [-82.65972, 27.77402], [-82.65972, 27.77428], [-82.65998, 27.77428], [-82.65998, 27.77402]]]}}, {"type": "Feature", "properties": {"height": 7.7, "baseHeight": 0.0}, "geometry": {"type": "Polygon", "coordinates": [[[-82.65998, 27.77452], [-82.65972, 27.77452], [-82.65972, 27.77478], [-82.65998, 27.77478], [-82.65998, 27.77452]]]}}, {"type": "Feature", "properties": {"height": 11.8, "baseHeight": 0.0}, "geometry": {"type": "Polygon", "coordinates": [[[-82.65948, 27.77402], [-82.65922, 27.77402], [-82.65922, 27.77428], [-82.65948, 27.77428], [-82.65948, 27.77402]]]}}, {"type": "Feature", "properties": {"height": 7.7, "baseHeight": 0.0}, "geometry": {"type": "Polygon", "coordinates": [[[-82.65948, 27.77452], [-82.65922, 27.77452], [-82.65922, 27.77478], [-82.65948, 27.77478], [-82.65948, 27.77452]]]}}, {"type": "Feature", "properties": {"height": 6.3, "baseHeight": 0.0}, "geometry": {"type": "Polygon", "coordinates": [[[-82.65838, 27.77402], [-82.65812, 27.77402], [-82.65812, 27.77478], [-82.65838, 27.77478], [-82.65838, 27.77402]]]}}, {"type": "Feature", "properties": {"height": 6.1, "baseHeight": 0.0}, "geometry": {"type": "Polygon", "coordinates": [[[-82.65788, 27.77402], [-82.65762, 27.77402], [-82.65762, 27.77478], [-82.65788, 27.77478], [-82.65788, 27.77402]]]}}, {"type": "Feature", "properties": {"height": 11.8, "baseHeight": 0.0}, "geometry": {"type": "Polygon", "coordinates": [[[-82.65358, 27.77402], [-82.65332, 27.77402], [-82.65332, 27.7741133], [-82.65358, 27.7741133], [-82.65358, 27.77402]]]}}, {"type": "Feature", "properties": {"height": 22.6, "baseHeight": 0.0}, "geometry": {"type": "Polygon", "coordinates": [[[-82.65358, 27.7746867], [-82.65332, 27.7746867], [-82.65332, 27.77478], [-82.65358, 27.77478], [-82.65358, 27.7746867]]]}}, {"type": "Feature", "properties": {"height": 10.4, "baseHeight": 0.0}, "geometry": {"type": "Polygon", "coordinates": [[[-82.65308, 27.77402], [-82.65282, 27.77402], [-82.65282, 27.7741133], [-82.65308, 27.7741133], [-82.65308, 27.77402]]]}}, {"type": "Feature", "properties": {"height": 29.1, "baseHeight": 0.0}, "geometry": {"type": "Polygon", "coordinates": [[[-82.65308, 27.7743533], [-82.65282, 27.7743533], [-82.65282, 27.7744467], [-82.65308, 27.7744467], [-82.65308, 27.7743533]]]}}, {"type": "Feature", "properties": {"height": 11.3, "baseHeight": 0.0}, "geometry": {"type": "Polygon", "coordinates": [[[-82.65198, 27.77402], [-82.65172, 27.77402], [-82.65172, 27.77478], [-82.65198, 27.77478], [-82.65198, 27.77402]]]}}, {"type": "Feature", "properties": {"height": 15.9, "baseHeight": 0.0}, "geometry": {"type": "Polygon", "coordinates": [[[-82.65148, 27.77402], [-82.65122, 27.77402], [-82.65122, 27.77478], [-82.65148, 27.77478], [-82.65148, 27.77402]]]}}, {"type": "Feature", "properties": {"height": 15.3, "baseHeight": 0.0}, "geometry": {"type": "Polygon", "coordinates": [[[-82.65038, 27.77402], [-82.64962, 27.77402], [-82.64962, 27.77428], [-82.65038, 27.77428], [-82.65038, 27.77402]]]}}, {"type": "Feature", "properties": {"height": 16.5, "baseHeight": 0.0}, "geometry": {"type": "Polygon", "coordinates": [[[-82.65038, 27.77452], [-82.64962, 27.77452], [-82.64962, 27.77478], [-82.65038, 27.77478], [-82.65038, 27.77452]]]}}, {"type": "Feature", "properties": {"height": 31.8, "baseHeight": 0.0}, "geometry": {"type": "Polygon", "coordinates": [[[-82.64878, 27.77402], [-82.6486867, 27.77402], [-82.6486867, 27.77478], [-82.64878, 27.77478], [-82.64878, 27.77402]]]}}, {"type": "Feature", "properties": {"height": 26.3, "baseHeight": 0.0}, "geometry": {"type": "Polygon", "coordinates": [[[-82.6481133, 27.77402], [-82.64802, 27.77402], [-82.64802, 27.77478], [-82.6481133, 27.77478], [-82.6481133, 27.77402]]]}}, {"type": "Feature", "properties": {"height": 11.0, "baseHeight": 0.0}, "geometry": {"type": "Polygon", "coordinates": [[[-82.64718, 27.77402], [-82.64642, 27.77402], [-82.64642, 27.7741133], [-82.64718, 27.7741133], [-82.64718, 27.77402]]]}}, {"type": "Feature", "properties": {"height": 32.2, "baseHeight": 0.0}, "geometry": {"type": "Polygon", "coordinates": [[[-82.64718, 27.7743533], [-82.64642, 27.7743533], [-82.64642, 27.7744467], [-82.64718, 27.7744467], [-82.64718, 27.7743533]]]}}, {"type": "Feature", "properties": {"height": 14.3, "baseHeight": 0.0}, "geometry": {"type": "Polygon", "coordinates": [[[-82.64718, 27.7746867], [-82.64642, 27.7746867], [-82.64642, 27.77478], [-82.64718, 27.77478], [-82.64718, 27.7746867]]]}}, {"type": "Feature", "properties": {"height": 26.8, "baseHeight": 0.0}, "geometry": {"type": "Polygon", "coordinates": [[[-82.64238, 27.77402], [-82.64162, 27.77402], [-82.64162, 27.77478], [-82.64238, 27.77478], [-82.64238, 27.77402]]]}}, {"type": "Feature", "properties": {"height": 19.4, "baseHeight": 0.0}, "geometry": {"type": "Polygon", "coordinates": [[[-82.64078, 27.77402], [-82.64002, 27.77402], [-82.64002, 27.77428], [-82.64078, 27.77428], [-82.64078, 27.77402]]]}}, {"type": "Feature", "properties": {"height": 40.7, "baseHeight": 0.0}, "geometry": {"type": "Polygon", "coordinates": [[[-82.64078, 27.77452], [-82.64002, 27.77452], [-82.64002, 27.77478], [-82.64078, 27.77478], [-82.64078, 27.77452]]]}}, {"type": "Feature", "properties": {"height": 39.9, "baseHeight": 0.0}, "geometry": {"type": "Polygon", "coordinates": [[[-82.63918, 27.77402], [-82.6390867, 27.77402], [-82.6390867, 27.77478], [-82.63918, 27.77478], [-82.63918, 27.77402]]]}}, {"type": "Feature", "properties": {"height": 69.1, "baseHeight": 0.0}, "geometry": {"type": "Polygon", "coordinates": [[[-82.6388467, 27.77402], [-82.6387533, 27.77402], [-82.6387533, 27.77478], [-82.6388467, 27.77478], [-82.6388467, 27.77402]]]}}, {"type": "Feature", "properties": {"height": 101.4, "baseHeight": 0.0}, "geometry": {"type": "Polygon", "coordinates": [[[-82.6385133, 27.77402], [-82.63842, 27.77402], [-82.63842, 27.77478], [-82.6385133, 27.77478], [-82.6385133, 27.77402]]]}}, {"type": "Feature", "properties": {"height": 25.2, "baseHeight": 0.0}, "geometry": {"type": "Polygon", "coordinates": [[[-82.63438, 27.7743533], [-82.6342867, 27.7743533], [-82.6342867, 27.7744467], [-82.63438, 27.7744467], [-82.63438, 27.7743533]]]}}, {"type": "Feature", "properties": {"height": 123.6, "baseHeight": 0.0}, "geometry": {"type": "Polygon", "coordinates": [[[-82.63438, 27.7746867], [-82.6342867, 27.7746867], [-82.6342867, 27.77478], [-82.63438, 27.77478], [-82.63438, 27.7746867]]]}}, {"type": "Feature", "properties": {"height": 92.9, "baseHeight": 0.0}, "geometry": {"type": "Polygon", "coordinates": [[[-82.6340467, 27.77402], [-82.6339533, 27.77402], [-82.6339533, 27.7741133], [-82.6340467, 27.7741133], [-82.6340467, 27.77402]]]}}, {"type": "Feature", "properties": {"height": 29.5, "baseHeight": 0.0}, "geometry": {"type": "Polygon", "coordinates": [[[-82.6340467, 27.7746867], [-82.6339533, 27.7746867], [-82.6339533, 27.77478], [-82.6340467, 27.77478], [-82.6340467, 27.7746867]]]}}, {"type": "Feature", "properties": {"height": 49.0, "baseHeight": 0.0}, "geometry": {"type": "Polygon", "coordinates": [[[-82.6337133, 27.77402], [-82.63362, 27.77402], [-82.63362, 27.7741133], [-82.6337133, 27.7741133], [-82.6337133, 27.77402]]]}}, {"type": "Feature", "properties": {"height": 68.6, "baseHeight": 0.0}, "geometry": {"type": "Polygon", "coordinates": [[[-82.6337133, 27.7743533], [-82.63362, 27.7743533], [-82.63362, 27.7744467], [-82.6337133, 27.7744467], [-82.6337133, 27.7743533]]]}}, {"type": "Feature", "properties": {"height": 85.9, "baseHeight": 0.0}, "geometry": {"type": "Polygon", "coordinates": [[[-82.6337133, 27.7746867], [-82.63362, 27.7746867], [-82.63362, 27.77478], [-82.6337133, 27.77478], [-82.6337133, 27.7746867]]]}}, {"type": "Feature", "properties": {"height": 50.4, "baseHeight": 0.0}, "geometry": {"type": "Polygon", "coordinates": [[[-82.63278, 27.77402], [-82.6326867, 27.77402], [-82.6326867, 27.77478], [-82.63278, 27.77478], [-82.63278, 27.77402]]]}}, {"type": "Feature", "properties": {"height": 80.5, "baseHeight": 0.0}, "geometry": {"type": "Polygon", "coordinates": [[[-82.6324467, 27.77402], [-82.6323533, 27.77402], [-82.6323533, 27.77478], [-82.6324467, 27.77478], [-82.6324467, 27.77402]]]}}, {"type": "Feature", "properties": {"height": 42.3, "baseHeight": 0.0}, "geometry": {"type": "Polygon", "coordinates": [[[-82.6321133, 27.77402], [-82.63202, 27.77402], [-82.63202, 27.77478], [-82.6321133, 27.77478], [-82.6321133, 27.77402]]]}}, {"type": "Feature", "properties": {"height": 42.8, "baseHeight": 0.0}, "geometry": {"type": "Polygon", "coordinates": [[[-82.63118, 27.77402], [-82.63092, 27.77402], [-82.63092, 27.77428], [-82.63118, 27.77428], [-82.63118, 27.77402]]]}}, {"type": "Feature", "properties": {"height": 81.0, "baseHeight": 0.0}, "geometry": {"type": "Polygon", "coordinates": [[[-82.63118, 27.77452], [-82.63092, 27.77452], [-82.63092, 27.77478], [-82.63118, 27.77478], [-82.63118, 27.77452]]]}}, {"type": "Feature", "properties": {"height": 46.6, "baseHeight": 0.0}, "geometry": {"type": "Polygon", "coordinates": [[[-82.63068, 27.77402], [-82.63042, 27.77402], [-82.63042, 27.77428], [-82.63068, 27.77428], [-82.63068, 27.77402]]]}}, {"type": "Feature", "properties": {"height": 29.2, "baseHeight": 0.0}, "geometry": {"type": "Polygon", "coordinates": [[[-82.63068, 27.77452], [-82.63042, 27.77452], [-82.63042, 27.77478], [-82.63068, 27.77478], [-82.63068, 27.77452]]]}}, {"type": "Feature", "properties": {"height": 15.6, "baseHeight": 0.0}, "geometry": {"type": "Polygon", "coordinates": [[[-82.62958, 27.77402], [-82.62882, 27.77402], [-82.62882, 27.77428], [-82.62958, 27.77428], [-82.62958, 27.77402]]]}}, {"type": "Feature", "properties": {"height": 27.9, "baseHeight": 0.0}, "geometry": {"type": "Polygon", "coordinates": [[[-82.62958, 27.77452], [-82.62882, 27.77452], [-82.62882, 27.77478], [-82.62958, 27.77478], [-82.62958, 27.77452]]]}}, {"type": "Feature", "properties": {"height": 25.1, "baseHeight": 0.0}, "geometry": {"type": "Polygon", "coordinates": [[[-82.62798, 27.77402], [-82.62722, 27.77402], [-82.62722, 27.7741133], [-82.62798, 27.7741133], [-82.62798, 27.77402]]]}}, {"type": "Feature", "properties": {"height": 31.8, "baseHeight": 0.0}, "geometry": {"type": "Polygon", "coordinates": [[[-82.62798, 27.7743533], [-82.62722, 27.7743533], [-82.62722, 27.7744467], [-82.62798, 27.7744467], [-82.62798, 27.7743533]]]}}, {"type": "Feature", "properties": {"height": 16.6, "baseHeight": 0.0}, "geometry": {"type": "Polygon", "coordinates": [[[-82.62798, 27.7746867], [-82.62722, 27.7746867], [-82.62722, 27.77478], [-82.62798, 27.77478], [-82.62798, 27.7746867]]]}}, {"type": "Feature", "properties": {"height": 10.2, "baseHeight": 0.0}, "geometry": {"type": "Polygon", "coordinates": [[[-82.62478, 27.77402], [-82.62402, 27.77402], [-82.62402, 27.77428], [-82.62478, 27.77428], [-82.62478, 27.77402]]]}}, {"type": "Feature", "properties": {"height": 90.0, "baseHeight": 0.0}, "geometry": {"type": "Polygon", "coordinates": [[[-82.62318, 27.77402], [-82.62242, 27.77402], [-82.62242, 27.77478], [-82.62318, 27.77478], [-82.62318, 27.77402]]]}}, {"type": "Feature", "properties": {"height": 21.1, "baseHeight": 0.0}, "geometry": {"type": "Polygon", "coordinates": [[[-82.61998, 27.7743533], [-82.61922, 27.7743533], [-82.61922, 27.7744467], [-82.61998, 27.7744467], [-82.61998, 27.7743533]]]}}, {"type": "Feature", "properties": {"height": 19.1, "baseHeight": 0.0}, "geometry": {"type": "Polygon", "coordinates": [[[-82.61998, 27.7746867], [-82.61922, 27.7746867], [-82.61922, 27.77478], [-82.61998, 27.77478], [-82.61998, 27.7746867]]]}}, {"type": "Feature", "properties": {"height": 14.8, "baseHeight": 0.0}, "geometry": {"type": "Polygon", "coordinates": [[[-82.61838, 27.77402], [-82.61812, 27.77402], [-82.61812, 27.77428], [-82.61838, 27.77428], [-82.61838, 27.77402]]]}}, {"type": "Feature", "properties": {"height": 21.9, "baseHeight": 0.0}, "geometry": {"type": "Polygon", "coordinates": [[[-82.61838, 27.77452], [-82.61812, 27.77452], [-82.61812, 27.77478], [-82.61838, 27.77478], [-82.61838, 27.77452]]]}}, {"type": "Feature", "properties": {"height": 19.1, "baseHeight": 0.0}, "geometry": {"type": "Polygon", "coordinates": [[[-82.61788, 27.77402], [-82.61762, 27.77402], [-82.61762, 27.77428], [-82.61788, 27.77428], [-82.61788, 27.77402]]]}}, {"type": "Feature", "properties": {"height": 11.6, "baseHeight": 0.0}, "geometry": {"type": "Polygon", "coordinates": [[[-82.61678, 27.77402], [-82.6166867, 27.77402], [-82.6166867, 27.77428], [-82.61678, 27.77428], [-82.61678, 27.77402]]]}}, {"type": "Feature", "properties": {"height": 10.2, "baseHeight": 0.0}, "geometry": {"type": "Polygon", "coordinates": [[[-82.61678, 27.77452], [-82.6166867, 27.77452], [-82.6166867, 27.77478], [-82.61678, 27.77478], [-82.61678, 27.77452]]]}}, {"type": "Feature", "properties": {"height": 24.7, "baseHeight": 0.0}, "geometry": {"type": "Polygon", "coordinates": [[[-82.6164467, 27.77402], [-82.6163533, 27.77402], [-82.6163533, 27.77428], [-82.6164467, 27.77428], [-82.6164467, 27.77402]]]}}, {"type": "Feature", "properties": {"height": 11.3, "baseHeight": 0.0}, "geometry": {"type": "Polygon", "coordinates": [[[-82.6164467, 27.77452], [-82.6163533, 27.77452], [-82.6163533, 27.77478], [-82.6164467, 27.77478], [-82.6164467, 27.77452]]]}}, {"type": "Feature", "properties": {"height": 11.2, "baseHeight": 0.0}, "geometry": {"type": "Polygon", "coordinates": [[[-82.6161133, 27.77402], [-82.61602, 27.77402], [-82.61602, 27.77428], [-82.6161133, 27.77428], [-82.6161133, 27.77402]]]}}, {"type": "Feature", "properties": {"height": 8.2, "baseHeight": 0.0}, "geometry": {"type": "Polygon", "coordinates": [[[-82.6161133, 27.77452], [-82.61602, 27.77452], [-82.61602, 27.77478], [-82.6161133, 27.77478], [-82.6161133, 27.77452]]]}}, {"type": "Feature", "properties": {"height": 11.0, "baseHeight": 0.0}, "geometry": {"type": "Polygon", "coordinates": [[[-82.61518, 27.77402], [-82.61492, 27.77402], [-82.61492, 27.77478], [-82.61518, 27.77478], [-82.61518, 27.77402]]]}}, {"type": "Feature", "properties": {"height": 11.3, "baseHeight": 0.0}, "geometry": {"type": "Polygon", "coordinates": [[[-82.61468, 27.77402], [-82.61442, 27.77402], [-82.61442, 27.77478], [-82.61468, 27.77478], [-82.61468, 27.77402]]]}}, {"type": "Feature", "properties": {"height": 7.2, "baseHeight": 0.0}, "geometry": {"type": "Polygon", "coordinates": [[[-82.61358, 27.77452], [-82.61332, 27.77452], [-82.61332, 27.77478], [-82.61358, 27.77478], [-82.61358, 27.77452]]]}}, {"type": "Feature", "properties": {"height": 11.6, "baseHeight": 0.0}, "geometry": {"type": "Polygon", "coordinates": [[[-82.61308, 27.77402], [-82.61282, 27.77402], [-82.61282, 27.77428], [-82.61308, 27.77428], [-82.61308, 27.77402]]]}}, {"type": "Feature", "properties": {"height": 5.9, "baseHeight": 0.0}, "geometry": {"type": "Polygon", "coordinates": [[[-82.61308, 27.77452], [-82.61282, 27.77452], [-82.61282, 27.77478], [-82.61308, 27.77478], [-82.61308, 27.77452]]]}}, {"type": "Feature", "properties": {"height": 8.2, "baseHeight": 0.0}, "geometry": {"type": "Polygon", "coordinates": [[[-82.61198, 27.77402], [-82.61122, 27.77402], [-82.61122, 27.77478], [-82.61198, 27.77478], [-82.61198, 27.77402]]]}}, {"type": "Feature", "properties": {"height": 11.4, "baseHeight": 0.0}, "geometry": {"type": "Polygon", "coordinates": [[[-82.66958, 27.77562], [-82.66932, 27.77562], [-82.66932, 27.77638], [-82.66958, 27.77638], [-82.66958, 27.77562]]]}}, {"type": "Feature", "properties": {"height": 11.4, "baseHeight": 0.0}, "geometry": {"type": "Polygon", "coordinates": [[[-82.66908, 27.77562], [-82.66882, 27.77562], [-82.66882, 27.77638], [-82.66908, 27.77638], [-82.66908, 27.77562]]]}}, {"type": "Feature", "properties": {"height": 5.8, "baseHeight": 0.0}, "geometry": {"type": "Polygon", "coordinates": [[[-82.66638, 27.77562], [-82.66612, 27.77562], [-82.66612, 27.77638], [-82.66638, 27.77638], [-82.66638, 27.77562]]]}}, {"type": "Feature", "properties": {"height": 10.9, "baseHeight": 0.0}, "geometry": {"type": "Polygon", "coordinates": [[[-82.66588, 27.77562], [-82.66562, 27.77562], [-82.66562, 27.77638], [-82.66588, 27.77638], [-82.66588, 27.77562]]]}}, {"type": "Feature", "properties": {"height": 10.1, "baseHeight": 0.0}, "geometry": {"type": "Polygon", "coordinates": [[[-82.66478, 27.77562], [-82.66452, 27.77562], [-82.66452, 27.77638], [-82.66478, 27.77638], [-82.66478, 27.77562]]]}}, {"type": "Feature", "properties": {"height": 10.3, "baseHeight": 0.0}, "geometry": {"type": "Polygon", "coordinates": [[[-82.66428, 27.77562], [-82.66402, 27.77562], [-82.66402, 27.77638], [-82.66428, 27.77638], [-82.66428, 27.77562]]]}}, {"type": "Feature", "properties": {"height": 6.1, "baseHeight": 0.0}, "geometry": {"type": "Polygon", "coordinates": [[[-82.66318, 27.77562], [-82.66292, 27.77562], [-82.66292, 27.77638], [-82.66318, 27.77638], [-82.66318, 27.77562]]]}}, {"type": "Feature", "properties": {"height": 6.8, "baseHeight": 0.0}, "geometry": {"type": "Polygon", "coordinates": [[[-82.66268, 27.77562], [-82.66242, 27.77562], [-82.66242, 27.77638], [-82.66268, 27.77638], [-82.66268, 27.77562]]]}}, {"type": "Feature", "properties": {"height": 10.8, "baseHeight": 0.0}, "geometry": {"type": "Polygon", "coordinates": [[[-82.66158, 27.77562], [-82.6614867, 27.77562], [-82.6614867, 27.77638], [-82.66158, 27.77638], [-82.66158, 27.77562]]]}}, {"type": "Feature", "properties": {"height": 11.4, "baseHeight": 0.0}, "geometry": {"type": "Polygon", "coordinates": [[[-82.6612467, 27.77562], [-82.6611533, 27.77562], [-82.6611533, 27.77638], [-82.6612467, 27.77638], [-82.6612467, 27.77562]]]}}, {"type": "Feature", "properties": {"height": 8.0, "baseHeight": 0.0}, "geometry": {"type": "Polygon", "coordinates": [[[-82.6609133, 27.77562], [-82.66082, 27.77562], [-82.66082, 27.77638], [-82.6609133, 27.77638], [-82.6609133, 27.77562]]]}}, {"type": "Feature", "properties": {"height": 13.3, "baseHeight": 0.0}, "geometry": {"type": "Polygon", "coordinates": [[[-82.65678, 27.77562], [-82.65652, 27.77562], [-82.65652, 27.77588], [-82.65678, 27.77588], [-82.65678, 27.77562]]]}}, {"type": "Feature", "properties": {"height": 29.6, "baseHeight": 0.0}, "geometry": {"type": "Polygon", "coordinates": [[[-82.65678, 27.77612], [-82.65652, 27.77612], [-82.65652, 27.77638], [-82.65678, 27.77638], [-82.65678, 27.77612]]]}}, {"type": "Feature", "properties": {"height": 14.8, "baseHeight": 0.0}, "geometry": {"type": "Polygon", "coordinates": [[[-82.65628, 27.77562], [-82.65602, 27.77562], [-82.65602, 27.77588], [-82.65628, 27.77588], [-82.65628, 27.77562]]]}}, {"type": "Feature", "properties": {"height": 22.7, "baseHeight": 0.0}, "geometry": {"type": "Polygon", "coordinates": [[[-82.65358, 27.77562], [-82.6534867, 27.77562], [-82.6534867, 27.77588], [-82.65358, 27.77588], [-82.65358, 27.77562]]]}}, {"type": "Feature", "properties": {"height": 10.5, "baseHeight": 0.0}, "geometry": {"type": "Polygon", "coordinates": [[[-82.6532467, 27.77562], [-82.6531533, 27.77562], [-82.6531533, 27.77588], [-82.6532467, 27.77588], [-82.6532467, 27.77562]]]}}, {"type": "Feature", "properties": {"height": 26.4, "baseHeight": 0.0}, "geometry": {"type": "Polygon", "coordinates": [[[-82.6532467, 27.77612], [-82.6531533, 27.77612], [-82.6531533, 27.77638], [-82.6532467, 27.77638], [-82.6532467, 27.77612]]]}}, {"type": "Feature", "properties": {"height": 32.9, "baseHeight": 0.0}, "geometry": {"type": "Polygon", "coordinates": [[[-82.6529133, 27.77562], [-82.65282, 27.77562], [-82.65282, 27.77588], [-82.6529133, 27.77588], [-82.6529133, 27.77562]]]}}, {"type": "Feature", "properties": {"height": 17.2, "baseHeight": 0.0}, "geometry": {"type": "Polygon", "coordinates": [[[-82.6529133, 27.77612], [-82.65282, 27.77612], [-82.65282, 27.77638], [-82.6529133, 27.77638], [-82.6529133, 27.77612]]]}}, {"type": "Feature", "properties": {"height": 14.7, "baseHeight": 0.0}, "geometry": {"type": "Polygon", "coordinates": [[[-82.65198, 27.77562], [-82.65122, 27.77562], [-82.65122, 27.77588], [-82.65198, 27.77588], [-82.65198, 27.77562]]]}}, {"type": "Feature", "properties": {"height": 27.2, "baseHeight": 0.0}, "geometry": {"type": "Polygon", "coordinates": [[[-82.65198, 27.77612], [-82.65122, 27.77612], [-82.65122, 27.77638], [-82.65198, 27.77638], [-82.65198, 27.77612]]]}}, {"type": "Feature", "properties": {"height": 29.6, "baseHeight": 0.0}, "geometry": {"type": "Polygon", "coordinates": [[[-82.65038, 27.77562], [-82.65012, 27.77562], [-82.65012, 27.77588], [-82.65038, 27.77588], [-82.65038, 27.77562]]]}}, {"type": "Feature", "properties": {"height": 34.0, "baseHeight": 0.0}, "geometry": {"type": "Polygon", "coordinates": [[[-82.65038, 27.77612], [-82.65012, 27.77612], [-82.65012, 27.77638], [-82.65038, 27.77638], [-82.65038, 27.77612]]]}}, {"type": "Feature", "properties": {"height": 19.6, "baseHeight": 0.0}, "geometry": {"type": "Polygon", "coordinates": [[[-82.64988, 27.77562], [-82.64962, 27.77562], [-82.64962, 27.77588], [-82.64988, 27.77588], [-82.64988, 27.77562]]]}}, {"type": "Feature", "properties": {"height": 21.9, "baseHeight": 0.0}, "geometry": {"type": "Polygon", "coordinates": [[[-82.64988, 27.77612], [-82.64962, 27.77612], [-82.64962, 27.77638], [-82.64988, 27.77638], [-82.64988, 27.77612]]]}}, {"type": "Feature", "properties": {"height": 31.1, "baseHeight": 0.0}, "geometry": {"type": "Polygon", "coordinates": [[[-82.64878, 27.77562], [-82.64852, 27.77562], [-82.64852, 27.77638], [-82.64878, 27.77638], [-82.64878, 27.77562]]]}}, {"type": "Feature", "properties": {"height": 22.8, "baseHeight": 0.0}, "geometry": {"type": "Polygon", "coordinates": [[[-82.64828, 27.77562], [-82.64802, 27.77562], [-82.64802, 27.77638], [-82.64828, 27.77638], [-82.64828, 27.77562]]]}}, {"type": "Feature", "properties": {"height": 22.9, "baseHeight": 0.0}, "geometry": {"type": "Polygon", "coordinates": [[[-82.64558, 27.77562], [-82.64532, 27.77562], [-82.64532, 27.7757133], [-82.64558, 27.7757133], [-82.64558, 27.77562]]]}}, {"type": "Feature", "properties": {"height": 18.8, "baseHeight": 0.0}, "geometry": {"type": "Polygon", "coordinates": [[[-82.64558, 27.7759533], [-82.64532, 27.7759533], [-82.64532, 27.7760467], [-82.64558, 27.7760467], [-82.64558, 27.7759533]]]}}, {"type": "Feature", "properties": {"height": 16.9, "baseHeight": 0.0}, "geometry": {"type": "Polygon", "coordinates": [[[-82.64558, 27.7762867], [-82.64532, 27.7762867], [-82.64532, 27.77638], [-82.64558, 27.77638], [-82.64558, 27.7762867]]]}}, {"type": "Feature", "properties": {"height": 21.2, "baseHeight": 0.0}, "geometry": {"type": "Polygon", "coordinates": [[[-82.64508, 27.77562], [-82.64482, 27.77562], [-82.64482, 27.7757133], [-82.64508, 27.7757133], [-82.64508, 27.77562]]]}}, {"type": "Feature", "properties": {"height": 28.4, "baseHeight": 0.0}, "geometry": {"type": "Polygon", "coordinates": [[[-82.64508, 27.7759533], [-82.64482, 27.7759533], [-82.64482, 27.7760467], [-82.64508, 27.7760467], [-82.64508, 27.7759533]]]}}, {"type": "Feature", "properties": {"height": 15.4, "baseHeight": 0.0}, "geometry": {"type": "Polygon", "coordinates": [[[-82.64508, 27.7762867], [-82.64482, 27.7762867], [-82.64482, 27.77638], [-82.64508, 27.77638], [-82.64508, 27.7762867]]]}}, {"type": "Feature", "properties": {"height": 13.5, "baseHeight": 0.0}, "geometry": {"type": "Polygon", "coordinates": [[[-82.64398, 27.77562], [-82.64322, 27.77562], [-82.64322, 27.77638], [-82.64398, 27.77638], [-82.64398, 27.77562]]]}}, {"type": "Feature", "properties": {"height": 36.5, "baseHeight": 0.0}, "geometry": {"type": "Polygon", "coordinates": [[[-82.64238, 27.77562], [-82.64212, 27.77562], [-82.64212, 27.7757133], [-82.64238, 27.7757133], [-82.64238, 27.77562]]]}}, {"type": "Feature", "properties": {"height": 34.8, "baseHeight": 0.0}, "geometry": {"type": "Polygon", "coordinates": [[[-82.64238, 27.7759533], [-82.64212, 27.7759533], [-82.64212, 27.7760467], [-82.64238, 27.7760467], [-82.64238, 27.7759533]]]}}, {"type": "Feature", "properties": {"height": 73.7, "baseHeight": 0.0}, "geometry": {"type": "Polygon", "coordinates": [[[-82.64238, 27.7762867], [-82.64212, 27.7762867], [-82.64212, 27.77638], [-82.64238, 27.77638], [-82.64238, 27.7762867]]]}}, {"type": "Feature", "properties": {"height": 38.4, "baseHeight": 0.0}, "geometry": {"type": "Polygon", "coordinates": [[[-82.64078, 27.77562], [-82.64002, 27.77562], [-82.64002, 27.77588], [-82.64078, 27.77588], [-82.64078, 27.77562]]]}}, {"type": "Feature", "properties": {"height": 128.2, "baseHeight": 0.0}, "geometry": {"type": "Polygon", "coordinates": [[[-82.64078, 27.77612], [-82.64002, 27.77612], [-82.64002, 27.77638], [-82.64078, 27.77638], [-82.64078, 27.77612]]]}}, {"type": "Feature", "properties": {"height": 46.3, "baseHeight": 0.0}, "geometry": {"type": "Polygon", "coordinates": [[[-82.63918, 27.77562], [-82.63842, 27.77562], [-82.63842, 27.77588], [-82.63918, 27.77588], [-82.63918, 27.77562]]]}}, {"type": "Feature", "properties": {"height": 40.2, "baseHeight": 0.0}, "geometry": {"type": "Polygon", "coordinates": [[[-82.63918, 27.77612], [-82.63842, 27.77612], [-82.63842, 27.77638], [-82.63918, 27.77638], [-82.63918, 27.77612]]]}}, {"type": "Feature", "properties": {"height": 91.6, "baseHeight": 0.0}, "geometry": {"type": "Polygon", "coordinates": [[[-82.63758, 27.77562], [-82.63682, 27.77562], [-82.63682, 27.77588], [-82.63758, 27.77588], [-82.63758, 27.77562]]]}}, {"type": "Feature", "properties": {"height": 78.1, "baseHeight": 0.0}, "geometry": {"type": "Polygon", "coordinates": [[[-82.63598, 27.77562], [-82.63522, 27.77562], [-82.63522, 27.7757133], [-82.63598, 27.7757133], [-82.63598, 27.77562]]]}}, {"type": "Feature", "properties": {"height": 21.8, "baseHeight": 0.0}, "geometry": {"type": "Polygon", "coordinates": [[[-82.63598, 27.7759533], [-82.63522, 27.7759533], [-82.63522, 27.7760467], [-82.63598, 27.7760467], [-82.63598, 27.7759533]]]}}, {"type": "Feature", "properties": {"height": 44.4, "baseHeight": 0.0}, "geometry": {"type": "Polygon", "coordinates": [[[-82.63598, 27.7762867], [-82.63522, 27.7762867], [-82.63522, 27.77638], [-82.63598, 27.77638], [-82.63598, 27.7762867]]]}}, {"type": "Feature", "properties": {"height": 129.9, "baseHeight": 0.0}, "geometry": {"type": "Polygon", "coordinates": [[[-82.63438, 27.77562], [-82.63362, 27.77562], [-82.63362, 27.77638], [-82.63438, 27.77638], [-82.63438, 27.77562]]]}}, {"type": "Feature", "properties": {"height": 110.9, "baseHeight": 0.0}, "geometry": {"type": "Polygon", "coordinates": [[[-82.63278, 27.77562], [-82.63202, 27.77562], [-82.63202, 27.77588], [-82.63278, 27.77588], [-82.63278, 27.77562]]]}}, {"type": "Feature", "properties": {"height": 21.7, "baseHeight": 0.0}, "geometry": {"type": "Polygon", "coordinates": [[[-82.63278, 27.77612], [-82.63202, 27.77612], [-82.63202, 27.77638], [-82.63278, 27.77638], [-82.63278, 27.77612]]]}}, {"type": "Feature", "properties": {"height": 30.4, "baseHeight": 0.0}, "geometry": {"type": "Polygon", "coordinates": [[[-82.62958, 27.77562], [-82.62882, 27.77562], [-82.62882, 27.77638], [-82.62958, 27.77638], [-82.62958, 27.77562]]]}}, {"type": "Feature", "properties": {"height": 31.7, "baseHeight": 0.0}, "geometry": {"type": "Polygon", "coordinates": [[[-82.62798, 27.77562], [-82.62722, 27.77562], [-82.62722, 27.77588], [-82.62798, 27.77588], [-82.62798, 27.77562]]]}}, {"type": "Feature", "properties": {"height": 11.8, "baseHeight": 0.0}, "geometry": {"type": "Polygon", "coordinates": [[[-82.62798, 27.77612], [-82.62722, 27.77612], [-82.62722, 27.77638], [-82.62798, 27.77638], [-82.62798, 27.77612]]]}}, {"type": "Feature", "properties": {"height": 26.3, "baseHeight": 0.0}, "geometry": {"type": "Polygon", "coordinates": [[[-82.62638, 27.77562], [-82.62612, 27.77562], [-82.62612, 27.77638], [-82.62638, 27.77638], [-82.62638, 27.77562]]]}}, {"type": "Feature", "properties": {"height": 87.2, "baseHeight": 0.0}, "geometry": {"type": "Polygon", "coordinates": [[[-82.62588, 27.77562], [-82.62562, 27.77562], [-82.62562, 27.77638], [-82.62588, 27.77638], [-82.62588, 27.77562]]]}}, {"type": "Feature", "properties": {"height": 13.7, "baseHeight": 0.0}, "geometry": {"type": "Polygon", "coordinates": [[[-82.62478, 27.77562], [-82.62452, 27.77562], [-82.62452, 27.77638], [-82.62478, 27.77638], [-82.62478, 27.77562]]]}}, {"type": "Feature", "properties": {"height": 23.6, "baseHeight": 0.0}, "geometry": {"type": "Polygon", "coordinates": [[[-82.62428, 27.77562], [-82.62402, 27.77562], [-82.62402, 27.77638], [-82.62428, 27.77638], [-82.62428, 27.77562]]]}}, {"type": "Feature", "properties": {"height": 32.3, "baseHeight": 0.0}, "geometry": {"type": "Polygon", "coordinates": [[[-82.62318, 27.77562], [-82.6230867, 27.77562], [-82.6230867, 27.7757133], [-82.62318, 27.7757133], [-82.62318, 27.77562]]]}}, {"type": "Feature", "properties": {"height": 30.6, "baseHeight": 0.0}, "geometry": {"type": "Polygon", "coordinates": [[[-82.62318, 27.7759533], [-82.6230867, 27.7759533], [-82.6230867, 27.7760467], [-82.62318, 27.7760467], [-82.62318, 27.7759533]]]}}, {"type": "Feature", "properties": {"height": 31.9, "baseHeight": 0.0}, "geometry": {"type": "Polygon", "coordinates": [[[-82.6228467, 27.77562], [-82.6227533, 27.77562], [-82.6227533, 27.7757133], [-82.6228467, 27.7757133], [-82.6228467, 27.77562]]]}}, {"type": "Feature", "properties": {"height": 27.1, "baseHeight": 0.0}, "geometry": {"type": "Polygon", "coordinates": [[[-82.6228467, 27.7759533], [-82.6227533, 27.7759533], [-82.6227533, 27.7760467], [-82.6228467, 27.7760467], [-82.6228467, 27.7759533]]]}}, {"type": "Feature", "properties": {"height": 16.4, "baseHeight": 0.0}, "geometry": {"type": "Polygon", "coordinates": [[[-82.6228467, 27.7762867], [-82.6227533, 27.7762867], [-82.6227533, 27.77638], [-82.6228467, 27.77638], [-82.6228467, 27.7762867]]]}}, {"type": "Feature", "properties": {"height": 15.2, "baseHeight": 0.0}, "geometry": {"type": "Polygon", "coordinates": [[[-82.6225133, 27.77562], [-82.62242, 27.77562], [-82.62242, 27.7757133], [-82.6225133, 27.7757133], [-82.6225133, 27.77562]]]}}, {"type": "Feature", "properties": {"height": 30.4, "baseHeight": 0.0}, "geometry": {"type": "Polygon", "coordinates": [[[-82.6225133, 27.7759533], [-82.62242, 27.7759533], [-82.62242, 27.7760467], [-82.6225133, 27.7760467], [-82.6225133, 27.7759533]]]}}, {"type": "Feature", "properties": {"height": 32.9, "baseHeight": 0.0}, "geometry": {"type": "Polygon", "coordinates": [[[-82.6225133, 27.7762867], [-82.62242, 27.7762867], [-82.62242, 27.77638], [-82.6225133, 27.77638], [-82.6225133, 27.7762867]]]}}, {"type": "Feature", "properties": {"height": 24.4, "baseHeight": 0.0}, "geometry": {"type": "Polygon", "coordinates": [[[-82.62158, 27.77562], [-82.62082, 27.77562], [-82.62082, 27.77638], [-82.62158, 27.77638], [-82.62158, 27.77562]]]}}, {"type": "Feature", "properties": {"height": 32.9, "baseHeight": 0.0}, "geometry": {"type": "Polygon", "coordinates": [[[-82.61998, 27.77562], [-82.61922, 27.77562], [-82.61922, 27.77588], [-82.61998, 27.77588], [-82.61998, 27.77562]]]}}, {"type": "Feature", "properties": {"height": 65.6, "baseHeight": 0.0}, "geometry": {"type": "Polygon", "coordinates": [[[-82.61998, 27.77612], [-82.61922, 27.77612], [-82.61922, 27.77638], [-82.61998, 27.77638], [-82.61998, 27.77612]]]}}, {"type": "Feature", "properties": {"height": 13.5, "baseHeight": 0.0}, "geometry": {"type": "Polygon", "coordinates": [[[-82.6180467, 27.77562], [-82.6179533, 27.77562], [-82.6179533, 27.77638], [-82.6180467, 27.77638], [-82.6180467, 27.77562]]]}}, {"type": "Feature", "properties": {"height": 30.7, "baseHeight": 0.0}, "geometry": {"type": "Polygon", "coordinates": [[[-82.6177133, 27.77562], [-82.61762, 27.77562], [-82.61762, 27.77638], [-82.6177133, 27.77638], [-82.6177133, 27.77562]]]}}, {"type": "Feature", "properties": {"height": 6.4, "baseHeight": 0.0}, "geometry": {"type": "Polygon", "coordinates": [[[-82.61678, 27.77562], [-82.61652, 27.77562], [-82.61652, 27.77638], [-82.61678, 27.77638], [-82.61678, 27.77562]]]}}, {"type": "Feature", "properties": {"height": 5.5, "baseHeight": 0.0}, "geometry": {"type": "Polygon", "coordinates": [[[-82.61628, 27.77562], [-82.61602, 27.77562], [-82.61602, 27.77638], [-82.61628, 27.77638], [-82.61628, 27.77562]]]}}, {"type": "Feature", "properties": {"height": 6.2, "baseHeight": 0.0}, "geometry": {"type": "Polygon", "coordinates": [[[-82.61358, 27.77562], [-82.61332, 27.77562], [-82.61332, 27.77638], [-82.61358, 27.77638], [-82.61358, 27.77562]]]}}, {"type": "Feature", "properties": {"height": 11.6, "baseHeight": 0.0}, "geometry": {"type": "Polygon", "coordinates": [[[-82.61308, 27.77562], [-82.61282, 27.77562], [-82.61282, 27.77638], [-82.61308, 27.77638], [-82.61308, 27.77562]]]}}, {"type": "Feature", "properties": {"height": 8.9, "baseHeight": 0.0}, "geometry": {"type": "Polygon", "coordinates": [[[-82.66798, 27.77722], [-82.66772, 27.77722], [-82.66772, 27.7773133], [-82.66798, 27.7773133], [-82.66798, 27.77722]]]}}, {"type": "Feature", "properties": {"height": 7.2, "baseHeight": 0.0}, "geometry": {"type": "Polygon", "coordinates": [[[-82.66798, 27.7775533], [-82.66772, 27.7775533], [-82.66772, 27.7776467], [-82.66798, 27.7776467], [-82.66798, 27.7775533]]]}}, {"type": "Feature", "properties": {"height": 5.3, "baseHeight": 0.0}, "geometry": {"type": "Polygon", "coordinates": [[[-82.66798, 27.7778867], [-82.66772, 27.7778867], [-82.66772, 27.77798], [-82.66798, 27.77798], [-82.66798, 27.7778867]]]}}, {"type": "Feature", "properties": {"height": 7.8, "baseHeight": 0.0}, "geometry": {"type": "Polygon", "coordinates": [[[-82.66748, 27.77722], [-82.66722, 27.77722], [-82.66722, 27.7773133], [-82.66748, 27.7773133], [-82.66748, 27.77722]]]}}, {"type": "Feature", "properties": {"height": 10.9, "baseHeight": 0.0}, "geometry": {"type": "Polygon", "coordinates": [[[-82.66748, 27.7775533], [-82.66722, 27.7775533], [-82.66722, 27.7776467], [-82.66748, 27.7776467], [-82.66748, 27.7775533]]]}}, {"type": "Feature", "properties": {"height": 7.1, "baseHeight": 0.0}, "geometry": {"type": "Polygon", "coordinates": [[[-82.66748, 27.7778867], [-82.66722, 27.7778867], [-82.66722, 27.77798], [-82.66748, 27.77798], [-82.66748, 27.7778867]]]}}, {"type": "Feature", "properties": {"height": 11.6, "baseHeight": 0.0}, "geometry": {"type": "Polygon", "coordinates": [[[-82.66638, 27.77722], [-82.6662867, 27.77722], [-82.6662867, 27.77748], [-82.66638, 27.77748], [-82.66638, 27.77722]]]}}, {"type": "Feature", "properties": {"height": 9.1, "baseHeight": 0.0}, "geometry": {"type": "Polygon", "coordinates": [[[-82.66638, 27.77772], [-82.6662867, 27.77772], [-82.6662867, 27.77798], [-82.66638, 27.77798], [-82.66638, 27.77772]]]}}, {"type": "Feature", "properties": {"height": 6.2, "baseHeight": 0.0}, "geometry": {"type": "Polygon", "coordinates": [[[-82.6660467, 27.77722], [-82.6659533, 27.77722], [-82.6659533, 27.77748], [-82.6660467, 27.77748], [-82.6660467, 27.77722]]]}}, {"type": "Feature", "properties": {"height": 8.8, "baseHeight": 0.0}, "geometry": {"type": "Polygon", "coordinates": [[[-82.6660467, 27.77772], [-82.6659533, 27.77772], [-82.6659533, 27.77798], [-82.6660467, 27.77798], [-82.6660467, 27.77772]]]}}, {"type": "Feature", "properties": {"height": 5.2, "baseHeight": 0.0}, "geometry": {"type": "Polygon", "coordinates": [[[-82.6657133, 27.77722], [-82.66562, 27.77722], [-82.66562, 27.77748], [-82.6657133, 27.77748], [-82.6657133, 27.77722]]]}}, {"type": "Feature", "properties": {"height": 7.2, "baseHeight": 0.0}, "geometry": {"type": "Polygon", "coordinates": [[[-82.66478, 27.77722], [-82.66452, 27.77722], [-82.66452, 27.77798], [-82.66478, 27.77798], [-82.66478, 27.77722]]]}}, {"type": "Feature", "properties": {"height": 5.8, "baseHeight": 0.0}, "geometry": {"type": "Polygon", "coordinates": [[[-82.66318, 27.77722], [-82.66292, 27.77722], [-82.66292, 27.77748], [-82.66318, 27.77748], [-82.66318, 27.77722]]]}}, {"type": "Feature", "properties": {"height": 11.3, "baseHeight": 0.0}, "geometry": {"type": "Polygon", "coordinates": [[[-82.66268, 27.77722], [-82.66242, 27.77722], [-82.66242, 27.77748], [-82.66268, 27.77748], [-82.66268, 27.77722]]]}}, {"type": "Feature", "properties": {"height": 12.0, "baseHeight": 0.0}, "geometry": {"type": "Polygon", "coordinates": [[[-82.65998, 27.77722], [-82.6598867, 27.77722], [-82.6598867, 27.77748], [-82.65998, 27.77748], [-82.65998, 27.77722]]]}}, {"type": "Feature", "properties": {"height": 9.2, "baseHeight": 0.0}, "geometry": {"type": "Polygon", "coordinates": [[[-82.65998, 27.77772], [-82.6598867, 27.77772], [-82.6598867, 27.77798], [-82.65998, 27.77798], [-82.65998, 27.77772]]]}}, {"type": "Feature", "properties": {"height": 7.3, "baseHeight": 0.0}, "geometry": {"type": "Polygon", "coordinates": [[[-82.6596467, 27.77722], [-82.6595533, 27.77722], [-82.6595533, 27.77748], [-82.6596467, 27.77748], [-82.6596467, 27.77722]]]}}, {"type": "Feature", "properties": {"height": 9.2, "baseHeight": 0.0}, "geometry": {"type": "Polygon", "coordinates": [[[-82.6593133, 27.77722], [-82.65922, 27.77722], [-82.65922, 27.77748], [-82.6593133, 27.77748], [-82.6593133, 27.77722]]]}}, {"type": "Feature", "properties": {"height": 6.0, "baseHeight": 0.0}, "geometry": {"type": "Polygon", "coordinates": [[[-82.6593133, 27.77772], [-82.65922, 27.77772], [-82.65922, 27.77798], [-82.6593133, 27.77798], [-82.6593133, 27.77772]]]}}, {"type": "Feature", "properties": {"height": 8.4, "baseHeight": 0.0}, "geometry": {"type": "Polygon", "coordinates": [[[-82.65838, 27.77722], [-82.65762, 27.77722], [-82.65762, 27.77798], [-82.65838, 27.77798], [-82.65838, 27.77722]]]}}, {"type": "Feature", "properties": {"height": 42.0, "baseHeight": 0.0}, "geometry": {"type": "Polygon", "coordinates": [[[-82.65468, 27.77722], [-82.65442, 27.77722], [-82.65442, 27.77798], [-82.65468, 27.77798], [-82.65468, 27.77722]]]}}, {"type": "Feature", "properties": {"height": 25.1, "baseHeight": 0.0}, "geometry": {"type": "Polygon", "coordinates": [[[-82.65358, 27.77722], [-82.65282, 27.77722], [-82.65282, 27.7773133], [-82.65358, 27.7773133], [-82.65358, 27.77722]]]}}, {"type": "Feature", "properties": {"height": 12.6, "baseHeight": 0.0}, "geometry": {"type": "Polygon", "coordinates": [[[-82.65358, 27.7775533], [-82.65282, 27.7775533], [-82.65282, 27.7776467], [-82.65358, 27.7776467], [-82.65358, 27.7775533]]]}}, {"type": "Feature", "properties": {"height": 58.8, "baseHeight": 0.0}, "geometry": {"type": "Polygon", "coordinates": [[[-82.65358, 27.7778867], [-82.65282, 27.7778867], [-82.65282, 27.77798], [-82.65358, 27.77798], [-82.65358, 27.7778867]]]}}, {"type": "Feature", "properties": {"height": 11.3, "baseHeight": 0.0}, "geometry": {"type": "Polygon", "coordinates": [[[-82.65198, 27.77722], [-82.65172, 27.77722], [-82.65172, 27.77748], [-82.65198, 27.77748], [-82.65198, 27.77722]]]}}, {"type": "Feature", "properties": {"height": 22.4, "baseHeight": 0.0}, "geometry": {"type": "Polygon", "coordinates": [[[-82.65198, 27.77772], [-82.65172, 27.77772], [-82.65172, 27.77798], [-82.65198, 27.77798], [-82.65198, 27.77772]]]}}, {"type": "Feature", "properties": {"height": 13.6, "baseHeight": 0.0}, "geometry": {"type": "Polygon", "coordinates": [[[-82.65148, 27.77722], [-82.65122, 27.77722], [-82.65122, 27.77748], [-82.65148, 27.77748], [-82.65148, 27.77722]]]}}, {"type": "Feature", "properties": {"height": 22.3, "baseHeight": 0.0}, "geometry": {"type": "Polygon", "coordinates": [[[-82.65148, 27.77772], [-82.65122, 27.77772], [-82.65122, 27.77798], [-82.65148, 27.77798], [-82.65148, 27.77772]]]}}, {"type": "Feature", "properties": {"height": 15.4, "baseHeight": 0.0}, "geometry": {"type": "Polygon", "coordinates": [[[-82.65038, 27.77722], [-82.64962, 27.77722], [-82.64962, 27.77748], [-82.65038, 27.77748], [-82.65038, 27.77722]]]}}, {"type": "Feature", "properties": {"height": 33.1, "baseHeight": 0.0}, "geometry": {"type": "Polygon", "coordinates": [[[-82.65038, 27.77772], [-82.64962, 27.77772], [-82.64962, 27.77798], [-82.65038, 27.77798], [-82.65038, 27.77772]]]}}, {"type": "Feature", "properties": {"height": 33.4, "baseHeight": 0.0}, "geometry": {"type": "Polygon", "coordinates": [[[-82.64878, 27.77722], [-82.64852, 27.77722], [-82.64852, 27.77748], [-82.64878, 27.77748], [-82.64878, 27.77722]]]}}, {"type": "Feature", "properties": {"height": 11.2, "baseHeight": 0.0}, "geometry": {"type": "Polygon", "coordinates": [[[-82.64878, 27.77772], [-82.64852, 27.77772], [-82.64852, 27.77798], [-82.64878, 27.77798], [-82.64878, 27.77772]]]}}, {"type": "Feature", "properties": {"height": 26.2, "baseHeight": 0.0}, "geometry": {"type": "Polygon", "coordinates": [[[-82.64828, 27.77722], [-82.64802, 27.77722], [-82.64802, 27.77748], [-82.64828, 27.77748], [-82.64828, 27.77722]]]}}, {"type": "Feature", "properties": {"height": 24.7, "baseHeight": 0.0}, "geometry": {"type": "Polygon", "coordinates": [[[-82.64828, 27.77772], [-82.64802, 27.77772], [-82.64802, 27.77798], [-82.64828, 27.77798], [-82.64828, 27.77772]]]}}, {"type": "Feature", "properties": {"height": 22.0, "baseHeight": 0.0}, "geometry": {"type": "Polygon", "coordinates": [[[-82.64718, 27.77722], [-82.64642, 27.77722], [-82.64642, 27.7773133], [-82.64718, 27.7773133], [-82.64718, 27.77722]]]}}, {"type": "Feature", "properties": {"height": 32.9, "baseHeight": 0.0}, "geometry": {"type": "Polygon", "coordinates": [[[-82.64718, 27.7775533], [-82.64642, 27.7775533], [-82.64642, 27.7776467], [-82.64718, 27.7776467], [-82.64718, 27.7775533]]]}}, {"type": "Feature", "properties": {"height": 15.5, "baseHeight": 0.0}, "geometry": {"type": "Polygon", "coordinates": [[[-82.64718, 27.7778867], [-82.64642, 27.7778867], [-82.64642, 27.77798], [-82.64718, 27.77798], [-82.64718, 27.7778867]]]}}, {"type": "Feature", "properties": {"height": 12.3, "baseHeight": 0.0}, "geometry": {"type": "Polygon", "coordinates": [[[-82.64558, 27.77722], [-82.64532, 27.77722], [-82.64532, 27.77798], [-82.64558, 27.77798], [-82.64558, 27.77722]]]}}, {"type": "Feature", "properties": {"height": 31.5, "baseHeight": 0.0}, "geometry": {"type": "Polygon", "coordinates": [[[-82.64508, 27.77722], [-82.64482, 27.77722], [-82.64482, 27.77798], [-82.64508, 27.77798], [-82.64508, 27.77722]]]}}, {"type": "Feature", "properties": {"height": 25.5, "baseHeight": 0.0}, "geometry": {"type": "Polygon", "coordinates": [[[-82.64398, 27.77722], [-82.64322, 27.77722], [-82.64322, 27.77748], [-82.64398, 27.77748], [-82.64398, 27.77722]]]}}, {"type": "Feature", "properties": {"height": 31.4, "baseHeight": 0.0}, "geometry": {"type": "Polygon", "coordinates": [[[-82.64398, 27.77772], [-82.64322, 27.77772], [-82.64322, 27.77798], [-82.64398, 27.77798], [-82.64398, 27.77772]]]}}, {"type": "Feature", "properties": {"height": 14.2, "baseHeight": 0.0}, "geometry": {"type": "Polygon", "coordinates": [[[-82.64238, 27.77722], [-82.64212, 27.77722], [-82.64212, 27.77748], [-82.64238, 27.77748], [-82.64238, 27.77722]]]}}, {"type": "Feature", "properties": {"height": 23.2, "baseHeight": 0.0}, "geometry": {"type": "Polygon", "coordinates": [[[-82.64238, 27.77772], [-82.64212, 27.77772], [-82.64212, 27.77798], [-82.64238, 27.77798], [-82.64238, 27.77772]]]}}, {"type": "Feature", "properties": {"height": 17.5, "baseHeight": 0.0}, "geometry": {"type": "Polygon", "coordinates": [[[-82.64188, 27.77722], [-82.64162, 27.77722], [-82.64162, 27.77748], [-82.64188, 27.77748], [-82.64188, 27.77722]]]}}, {"type": "Feature", "properties": {"height": 34.8, "baseHeight": 0.0}, "geometry": {"type": "Polygon", "coordinates": [[[-82.63918, 27.77772], [-82.63892, 27.77772], [-82.63892, 27.77798], [-82.63918, 27.77798], [-82.63918, 27.77772]]]}}, {"type": "Feature", "properties": {"height": 61.5, "baseHeight": 0.0}, "geometry": {"type": "Polygon", "coordinates": [[[-82.63868, 27.77722], [-82.63842, 27.77722], [-82.63842, 27.77748], [-82.63868, 27.77748], [-82.63868, 27.77722]]]}}, {"type": "Feature", "properties": {"height": 66.6, "baseHeight": 0.0}, "geometry": {"type": "Polygon", "coordinates": [[[-82.63868, 27.77772], [-82.63842, 27.77772], [-82.63842, 27.77798], [-82.63868, 27.77798], [-82.63868, 27.77772]]]}}, {"type": "Feature", "properties": {"height": 68.3, "baseHeight": 0.0}, "geometry": {"type": "Polygon", "coordinates": [[[-82.63598, 27.77722], [-82.63572, 27.77722], [-82.63572, 27.7773133], [-82.63598, 27.7773133], [-82.63598, 27.77722]]]}}, {"type": "Feature", "properties": {"height": 22.5, "baseHeight": 0.0}, "geometry": {"type": "Polygon", "coordinates": [[[-82.63598, 27.7775533], [-82.63572, 27.7775533], [-82.63572, 27.7776467], [-82.63598, 27.7776467], [-82.63598, 27.7775533]]]}}, {"type": "Feature", "properties": {"height": 46.9, "baseHeight": 0.0}, "geometry": {"type": "Polygon", "coordinates": [[[-82.63548, 27.77722], [-82.63522, 27.77722], [-82.63522, 27.7773133], [-82.63548, 27.7773133], [-82.63548, 27.77722]]]}}, {"type": "Feature", "properties": {"height": 81.8, "baseHeight": 0.0}, "geometry": {"type": "Polygon", "coordinates": [[[-82.63548, 27.7778867], [-82.63522, 27.7778867], [-82.63522, 27.77798], [-82.63548, 27.77798], [-82.63548, 27.7778867]]]}}, {"type": "Feature", "properties": {"height": 15.9, "baseHeight": 0.0}, "geometry": {"type": "Polygon", "coordinates": [[[-82.63278, 27.77722], [-82.6326867, 27.77722], [-82.6326867, 27.77798], [-82.63278, 27.77798], [-82.63278, 27.77722]]]}}, {"type": "Feature", "properties": {"height": 25.6, "baseHeight": 0.0}, "geometry": {"type": "Polygon", "coordinates": [[[-82.6324467, 27.77722], [-82.6323533, 27.77722], [-82.6323533, 27.77798], [-82.6324467, 27.77798], [-82.6324467, 27.77722]]]}}, {"type": "Feature", "properties": {"height": 13.9, "baseHeight": 0.0}, "geometry": {"type": "Polygon", "coordinates": [[[-82.6321133, 27.77722], [-82.63202, 27.77722], [-82.63202, 27.77798], [-82.6321133, 27.77798], [-82.6321133, 27.77722]]]}}, {"type": "Feature", "properties": {"height": 31.4, "baseHeight": 0.0}, "geometry": {"type": "Polygon", "coordinates": [[[-82.63118, 27.77722], [-82.63092, 27.77722], [-82.63092, 27.77798], [-82.63118, 27.77798], [-82.63118, 27.77722]]]}}, {"type": "Feature", "properties": {"height": 32.2, "baseHeight": 0.0}, "geometry": {"type": "Polygon", "coordinates": [[[-82.62958, 27.77722], [-82.62882, 27.77722], [-82.62882, 27.77798], [-82.62958, 27.77798], [-82.62958, 27.77722]]]}}, {"type": "Feature", "properties": {"height": 14.5, "baseHeight": 0.0}, "geometry": {"type": "Polygon", "coordinates": [[[-82.62798, 27.77722], [-82.62722, 27.77722], [-82.62722, 27.77798], [-82.62798, 27.77798], [-82.62798, 27.77722]]]}}, {"type": "Feature", "properties": {"height": 10.4, "baseHeight": 0.0}, "geometry": {"type": "Polygon", "coordinates": [[[-82.62638, 27.77722], [-82.62612, 27.77722], [-82.62612, 27.7773133], [-82.62638, 27.7773133], [-82.62638, 27.77722]]]}}, {"type": "Feature", "properties": {"height": 24.7, "baseHeight": 0.0}, "geometry": {"type": "Polygon", "coordinates": [[[-82.62638, 27.7775533], [-82.62612, 27.7775533], [-82.62612, 27.7776467], [-82.62638, 27.7776467], [-82.62638, 27.7775533]]]}}, {"type": "Feature", "properties": {"height": 14.9, "baseHeight": 0.0}, "geometry": {"type": "Polygon", "coordinates": [[[-82.62588, 27.77722], [-82.62562, 27.77722], [-82.62562, 27.7773133], [-82.62588, 27.7773133], [-82.62588, 27.77722]]]}}, {"type": "Feature", "properties": {"height": 21.4, "baseHeight": 0.0}, "geometry": {"type": "Polygon", "coordinates": [[[-82.62588, 27.7775533], [-82.62562, 27.7775533], [-82.62562, 27.7776467], [-82.62588, 27.7776467], [-82.62588, 27.7775533]]]}}, {"type": "Feature", "properties": {"height": 30.7, "baseHeight": 0.0}, "geometry": {"type": "Polygon", "coordinates": [[[-82.62588, 27.7778867], [-82.62562, 27.7778867], [-82.62562, 27.77798], [-82.62588, 27.77798], [-82.62588, 27.7778867]]]}}, {"type": "Feature", "properties": {"height": 52.5, "baseHeight": 0.0}, "geometry": {"type": "Polygon", "coordinates": [[[-82.62478, 27.77722], [-82.62402, 27.77722], [-82.62402, 27.7773133], [-82.62478, 27.7773133], [-82.62478, 27.77722]]]}}, {"type": "Feature", "properties": {"height": 29.3, "baseHeight": 0.0}, "geometry": {"type": "Polygon", "coordinates": [[[-82.62478, 27.7778867], [-82.62402, 27.7778867], [-82.62402, 27.77798], [-82.62478, 27.77798], [-82.62478, 27.7778867]]]}}, {"type": "Feature", "properties": {"height": 10.8, "baseHeight": 0.0}, "geometry": {"type": "Polygon", "coordinates": [[[-82.62158, 27.77722], [-82.62082, 27.77722], [-82.62082, 27.77748], [-82.62158, 27.77748], [-82.62158, 27.77722]]]}}, {"type": "Feature", "properties": {"height": 23.4, "baseHeight": 0.0}, "geometry": {"type": "Polygon", "coordinates": [[[-82.62158, 27.77772], [-82.62082, 27.77772], [-82.62082, 27.77798], [-82.62158, 27.77798], [-82.62158, 27.77772]]]}}, {"type": "Feature", "properties": {"height": 14.7, "baseHeight": 0.0}, "geometry": {"type": "Polygon", "coordinates": [[[-82.61998, 27.77722], [-82.6198867, 27.77722], [-82.6198867, 27.77798], [-82.61998, 27.77798], [-82.61998, 27.77722]]]}}, {"type": "Feature", "properties": {"height": 32.0, "baseHeight": 0.0}, "geometry": {"type": "Polygon", "coordinates": [[[-82.6196467, 27.77722], [-82.6195533, 27.77722], [-82.6195533, 27.77798], [-82.6196467, 27.77798], [-82.6196467, 27.77722]]]}}, {"type": "Feature", "properties": {"height": 13.7, "baseHeight": 0.0}, "geometry": {"type": "Polygon", "coordinates": [[[-82.6193133, 27.77722], [-82.61922, 27.77722], [-82.61922, 27.77798], [-82.6193133, 27.77798], [-82.6193133, 27.77722]]]}}, {"type": "Feature", "properties": {"height": 26.1, "baseHeight": 0.0}, "geometry": {"type": "Polygon", "coordinates": [[[-82.61838, 27.77722], [-82.61812, 27.77722], [-82.61812, 27.77748], [-82.61838, 27.77748], [-82.61838, 27.77722]]]}}, {"type": "Feature", "properties": {"height": 27.4, "baseHeight": 0.0}, "geometry": {"type": "Polygon", "coordinates": [[[-82.61838, 27.77772], [-82.61812, 27.77772], [-82.61812, 27.77798], [-82.61838, 27.77798], [-82.61838, 27.77772]]]}}, {"type": "Feature", "properties": {"height": 12.2, "baseHeight": 0.0}, "geometry": {"type": "Polygon", "coordinates": [[[-82.61788, 27.77722], [-82.61762, 27.77722], [-82.61762, 27.77748], [-82.61788, 27.77748], [-82.61788, 27.77722]]]}}, {"type": "Feature", "properties": {"height": 33.3, "baseHeight": 0.0}, "geometry": {"type": "Polygon", "coordinates": [[[-82.61788, 27.77772], [-82.61762, 27.77772], [-82.61762, 27.77798], [-82.61788, 27.77798], [-82.61788, 27.77772]]]}}, {"type": "Feature", "properties": {"height": 6.9, "baseHeight": 0.0}, "geometry": {"type": "Polygon", "coordinates": [[[-82.61678, 27.77722], [-82.61602, 27.77722], [-82.61602, 27.77748], [-82.61678, 27.77748], [-82.61678, 27.77722]]]}}, {"type": "Feature", "properties": {"height": 11.6, "baseHeight": 0.0}, "geometry": {"type": "Polygon", "coordinates": [[[-82.61518, 27.77722], [-82.61442, 27.77722], [-82.61442, 27.77748], [-82.61518, 27.77748], [-82.61518, 27.77722]]]}}, {"type": "Feature", "properties": {"height": 7.9, "baseHeight": 0.0}, "geometry": {"type": "Polygon", "coordinates": [[[-82.61518, 27.77772], [-82.61442, 27.77772], [-82.61442, 27.77798], [-82.61518, 27.77798], [-82.61518, 27.77772]]]}}, {"type": "Feature", "properties": {"height": 11.4, "baseHeight": 0.0}, "geometry": {"type": "Polygon", "coordinates": [[[-82.61358, 27.77722], [-82.61332, 27.77722], [-82.61332, 27.77798], [-82.61358, 27.77798], [-82.61358, 27.77722]]]}}, {"type": "Feature", "properties": {"height": 5.2, "baseHeight": 0.0}, "geometry": {"type": "Polygon", "coordinates": [[[-82.61308, 27.77722], [-82.61282, 27.77722], [-82.61282, 27.77798], [-82.61308, 27.77798], [-82.61308, 27.77722]]]}}, {"type": "Feature", "properties": {"height": 9.5, "baseHeight": 0.0}, "geometry": {"type": "Polygon", "coordinates": [[[-82.61198, 27.77722], [-82.61122, 27.77722], [-82.61122, 27.77748], [-82.61198, 27.77748], [-82.61198, 27.77722]]]}}, {"type": "Feature", "properties": {"height": 10.7, "baseHeight": 0.0}, "geometry": {"type": "Polygon", "coordinates": [[[-82.61198, 27.77772], [-82.61122, 27.77772], [-82.61122, 27.77798], [-82.61198, 27.77798], [-82.61198, 27.77772]]]}}, {"type": "Feature", "properties": {"height": 6.6, "baseHeight": 0.0}, "geometry": {"type": "Polygon", "coordinates": [[[-82.66798, 27.77882], [-82.66722, 27.77882], [-82.66722, 27.77958], [-82.66798, 27.77958], [-82.66798, 27.77882]]]}}, {"type": "Feature", "properties": {"height": 5.5, "baseHeight": 0.0}, "geometry": {"type": "Polygon", "coordinates": [[[-82.66318, 27.77882], [-82.6630867, 27.77882], [-82.6630867, 27.7789133], [-82.66318, 27.7789133], [-82.66318, 27.77882]]]}}, {"type": "Feature", "properties": {"height": 11.7, "baseHeight": 0.0}, "geometry": {"type": "Polygon", "coordinates": [[[-82.66318, 27.7791533], [-82.6630867, 27.7791533], [-82.6630867, 27.7792467], [-82.66318, 27.7792467], [-82.66318, 27.7791533]]]}}, {"type": "Feature", "properties": {"height": 7.3, "baseHeight": 0.0}, "geometry": {"type": "Polygon", "coordinates": [[[-82.66318, 27.7794867], [-82.6630867, 27.7794867], [-82.6630867, 27.77958], [-82.66318, 27.77958], [-82.66318, 27.7794867]]]}}, {"type": "Feature", "properties": {"height": 8.5, "baseHeight": 0.0}, "geometry": {"type": "Polygon", "coordinates": [[[-82.6628467, 27.77882], [-82.6627533, 27.77882], [-82.6627533, 27.7789133], [-82.6628467, 27.7789133], [-82.6628467, 27.77882]]]}}, {"type": "Feature", "properties": {"height": 8.0, "baseHeight": 0.0}, "geometry": {"type": "Polygon", "coordinates": [[[-82.6628467, 27.7791533], [-82.6627533, 27.7791533], [-82.6627533, 27.7792467], [-82.6628467, 27.7792467], [-82.6628467, 27.7791533]]]}}, {"type": "Feature", "properties": {"height": 10.7, "baseHeight": 0.0}, "geometry": {"type": "Polygon", "coordinates": [[[-82.6628467, 27.7794867], [-82.6627533, 27.7794867], [-82.6627533, 27.77958], [-82.6628467, 27.77958], [-82.6628467, 27.7794867]]]}}, {"type": "Feature", "properties": {"height": 7.4, "baseHeight": 0.0}, "geometry": {"type": "Polygon", "coordinates": [[[-82.6625133, 27.77882], [-82.66242, 27.77882], [-82.66242, 27.7789133], [-82.6625133, 27.7789133], [-82.6625133, 27.77882]]]}}, {"type": "Feature", "properties": {"height": 11.4, "baseHeight": 0.0}, "geometry": {"type": "Polygon", "coordinates": [[[-82.6625133, 27.7791533], [-82.66242, 27.7791533], [-82.66242, 27.7792467], [-82.6625133, 27.7792467], [-82.6625133, 27.7791533]]]}}, {"type": "Feature", "properties": {"height": 6.0, "baseHeight": 0.0}, "geometry": {"type": "Polygon", "coordinates": [[[-82.6625133, 27.7794867], [-82.66242, 27.7794867], [-82.66242, 27.77958], [-82.6625133, 27.77958], [-82.6625133, 27.7794867]]]}}, {"type": "Feature", "properties": {"height": 11.1, "baseHeight": 0.0}, "geometry": {"type": "Polygon", "coordinates": [[[-82.66158, 27.77882], [-82.66082, 27.77882], [-82.66082, 27.77958], [-82.66158, 27.77958], [-82.66158, 27.77882]]]}}, {"type": "Feature", "properties": {"height": 6.3, "baseHeight": 0.0}, "geometry": {"type": "Polygon", "coordinates": [[[-82.65998, 27.77882], [-82.6598867, 27.77882], [-82.6598867, 27.7789133], [-82.65998, 27.7789133], [-82.65998, 27.77882]]]}}, {"type": "Feature", "properties": {"height": 8.1, "baseHeight": 0.0}, "geometry": {"type": "Polygon", "coordinates": [[[-82.65998, 27.7791533], [-82.6598867, 27.7791533], [-82.6598867, 27.7792467], [-82.65998, 27.7792467], [-82.65998, 27.7791533]]]}}, {"type": "Feature", "properties": {"height": 10.2, "baseHeight": 0.0}, "geometry": {"type": "Polygon", "coordinates": [[[-82.65998, 27.7794867], [-82.6598867, 27.7794867], [-82.6598867, 27.77958], [-82.65998, 27.77958], [-82.65998, 27.7794867]]]}}, {"type": "Feature", "properties": {"height": 9.9, "baseHeight": 0.0}, "geometry": {"type": "Polygon", "coordinates": [[[-82.6596467, 27.77882], [-82.6595533, 27.77882], [-82.6595533, 27.7789133], [-82.6596467, 27.7789133], [-82.6596467, 27.77882]]]}}, {"type": "Feature", "properties": {"height": 5.7, "baseHeight": 0.0}, "geometry": {"type": "Polygon", "coordinates": [[[-82.6596467, 27.7791533], [-82.6595533, 27.7791533], [-82.6595533, 27.7792467], [-82.6596467, 27.7792467], [-82.6596467, 27.7791533]]]}}, {"type": "Feature", "properties": {"height": 22.5, "baseHeight": 0.0}, "geometry": {"type": "Polygon", "coordinates": [[[-82.6596467, 27.7794867], [-82.6595533, 27.7794867], [-82.6595533, 27.77958], [-82.6596467, 27.77958], [-82.6596467, 27.7794867]]]}}, {"type": "Feature", "properties": {"height": 10.0, "baseHeight": 0.0}, "geometry": {"type": "Polygon", "coordinates": [[[-82.6593133, 27.77882], [-82.65922, 27.77882], [-82.65922, 27.7789133], [-82.6593133, 27.7789133], [-82.6593133, 27.77882]]]}}, {"type": "Feature", "properties": {"height": 8.8, "baseHeight": 0.0}, "geometry": {"type": "Polygon", "coordinates": [[[-82.6593133, 27.7791533], [-82.65922, 27.7791533], [-82.65922, 27.7792467], [-82.6593133, 27.7792467], [-82.6593133, 27.7791533]]]}}, {"type": "Feature", "properties": {"height": 9.7, "baseHeight": 0.0}, "geometry": {"type": "Polygon", "coordinates": [[[-82.6593133, 27.7794867], [-82.65922, 27.7794867], [-82.65922, 27.77958], [-82.6593133, 27.77958], [-82.6593133, 27.7794867]]]}}, {"type": "Feature", "properties": {"height": 11.9, "baseHeight": 0.0}, "geometry": {"type": "Polygon", "coordinates": [[[-82.65838, 27.77882], [-82.65762, 27.77882], [-82.65762, 27.7789133], [-82.65838, 27.7789133], [-82.65838, 27.77882]]]}}, {"type": "Feature", "properties": {"height": 9.9, "baseHeight": 0.0}, "geometry": {"type": "Polygon", "coordinates": [[[-82.65838, 27.7791533], [-82.65762, 27.7791533], [-82.65762, 27.7792467], [-82.65838, 27.7792467], [-82.65838, 27.7791533]]]}}, {"type": "Feature", "properties": {"height": 11.2, "baseHeight": 0.0}, "geometry": {"type": "Polygon", "coordinates": [[[-82.65838, 27.7794867], [-82.65762, 27.7794867], [-82.65762, 27.77958], [-82.65838, 27.77958], [-82.65838, 27.7794867]]]}}, {"type": "Feature", "properties": {"height": 11.7, "baseHeight": 0.0}, "geometry": {"type": "Polygon", "coordinates": [[[-82.65678, 27.77932], [-82.65652, 27.77932], [-82.65652, 27.77958], [-82.65678, 27.77958], [-82.65678, 27.77932]]]}}, {"type": "Feature", "properties": {"height": 10.7, "baseHeight": 0.0}, "geometry": {"type": "Polygon", "coordinates": [[[-82.65628, 27.77882], [-82.65602, 27.77882], [-82.65602, 27.77908], [-82.65628, 27.77908], [-82.65628, 27.77882]]]}}, {"type": "Feature", "properties": {"height": 22.7, "baseHeight": 0.0}, "geometry": {"type": "Polygon", "coordinates": [[[-82.65628, 27.77932], [-82.65602, 27.77932], [-82.65602, 27.77958], [-82.65628, 27.77958], [-82.65628, 27.77932]]]}}, {"type": "Feature", "properties": {"height": 12.9, "baseHeight": 0.0}, "geometry": {"type": "Polygon", "coordinates": [[[-82.65518, 27.77882], [-82.65442, 27.77882], [-82.65442, 27.77908], [-82.65518, 27.77908], [-82.65518, 27.77882]]]}}, {"type": "Feature", "properties": {"height": 18.3, "baseHeight": 0.0}, "geometry": {"type": "Polygon", "coordinates": [[[-82.65518, 27.77932], [-82.65442, 27.77932], [-82.65442, 27.77958], [-82.65518, 27.77958], [-82.65518, 27.77932]]]}}, {"type": "Feature", "properties": {"height": 28.9, "baseHeight": 0.0}, "geometry": {"type": "Polygon", "coordinates": [[[-82.65358, 27.77882], [-82.65332, 27.77882], [-82.65332, 27.77958], [-82.65358, 27.77958], [-82.65358, 27.77882]]]}}, {"type": "Feature", "properties": {"height": 27.7, "baseHeight": 0.0}, "geometry": {"type": "Polygon", "coordinates": [[[-82.65308, 27.77882], [-82.65282, 27.77882], [-82.65282, 27.77958], [-82.65308, 27.77958], [-82.65308, 27.77882]]]}}, {"type": "Feature", "properties": {"height": 29.5, "baseHeight": 0.0}, "geometry": {"type": "Polygon", "coordinates": [[[-82.64878, 27.77882], [-82.64802, 27.77882], [-82.64802, 27.77958], [-82.64878, 27.77958], [-82.64878, 27.77882]]]}}, {"type": "Feature", "properties": {"height": 19.2, "baseHeight": 0.0}, "geometry": {"type": "Polygon", "coordinates": [[[-82.64668, 27.77882], [-82.64642, 27.77882], [-82.64642, 27.77958], [-82.64668, 27.77958], [-82.64668, 27.77882]]]}}, {"type": "Feature", "properties": {"height": 16.8, "baseHeight": 0.0}, "geometry": {"type": "Polygon", "coordinates": [[[-82.64558, 27.77932], [-82.6454867, 27.77932], [-82.6454867, 27.77958], [-82.64558, 27.77958], [-82.64558, 27.77932]]]}}, {"type": "Feature", "properties": {"height": 20.4, "baseHeight": 0.0}, "geometry": {"type": "Polygon", "coordinates": [[[-82.6449133, 27.77882], [-82.64482, 27.77882], [-82.64482, 27.77908], [-82.6449133, 27.77908], [-82.6449133, 27.77882]]]}}, {"type": "Feature", "properties": {"height": 10.1, "baseHeight": 0.0}, "geometry": {"type": "Polygon", "coordinates": [[[-82.6449133, 27.77932], [-82.64482, 27.77932], [-82.64482, 27.77958], [-82.6449133, 27.77958], [-82.6449133, 27.77932]]]}}, {"type": "Feature", "properties": {"height": 11.4, "baseHeight": 0.0}, "geometry": {"type": "Polygon", "coordinates": [[[-82.64238, 27.77882], [-82.64212, 27.77882], [-82.64212, 27.77908], [-82.64238, 27.77908], [-82.64238, 27.77882]]]}}, {"type": "Feature", "properties": {"height": 16.4, "baseHeight": 0.0}, "geometry": {"type": "Polygon", "coordinates": [[[-82.64238, 27.77932], [-82.64212, 27.77932], [-82.64212, 27.77958], [-82.64238, 27.77958], [-82.64238, 27.77932]]]}}, {"type": "Feature", "properties": {"height": 30.3, "baseHeight": 0.0}, "geometry": {"type": "Polygon", "coordinates": [[[-82.64188, 27.77882], [-82.64162, 27.77882], [-82.64162, 27.77908], [-82.64188, 27.77908], [-82.64188, 27.77882]]]}}, {"type": "Feature", "properties": {"height": 22.4, "baseHeight": 0.0}, "geometry": {"type": "Polygon", "coordinates": [[[-82.64078, 27.77882], [-82.64052, 27.77882], [-82.64052, 27.77958], [-82.64078, 27.77958], [-82.64078, 27.77882]]]}}, {"type": "Feature", "properties": {"height": 26.4, "baseHeight": 0.0}, "geometry": {"type": "Polygon", "coordinates": [[[-82.64028, 27.77882], [-82.64002, 27.77882], [-82.64002, 27.77958], [-82.64028, 27.77958], [-82.64028, 27.77882]]]}}, {"type": "Feature", "properties": {"height": 14.1, "baseHeight": 0.0}, "geometry": {"type": "Polygon", "coordinates": [[[-82.63918, 27.77882], [-82.63892, 27.77882], [-82.63892, 27.77908], [-82.63918, 27.77908], [-82.63918, 27.77882]]]}}, {"type": "Feature", "properties": {"height": 34.2, "baseHeight": 0.0}, "geometry": {"type": "Polygon", "coordinates": [[[-82.63918, 27.77932], [-82.63892, 27.77932], [-82.63892, 27.77958], [-82.63918, 27.77958], [-82.63918, 27.77932]]]}}, {"type": "Feature", "properties": {"height": 12.9, "baseHeight": 0.0}, "geometry": {"type": "Polygon", "coordinates": [[[-82.63868, 27.77882], [-82.63842, 27.77882], [-82.63842, 27.77908], [-82.63868, 27.77908], [-82.63868, 27.77882]]]}}, {"type": "Feature", "properties": {"height": 15.5, "baseHeight": 0.0}, "geometry": {"type": "Polygon", "coordinates": [[[-82.63868, 27.77932], [-82.63842, 27.77932], [-82.63842, 27.77958], [-82.63868, 27.77958], [-82.63868, 27.77932]]]}}, {"type": "Feature", "properties": {"height": 20.0, "baseHeight": 0.0}, "geometry": {"type": "Polygon", "coordinates": [[[-82.63598, 27.77932], [-82.63522, 27.77932], [-82.63522, 27.77958], [-82.63598, 27.77958], [-82.63598, 27.77932]]]}}, {"type": "Feature", "properties": {"height": 89.0, "baseHeight": 0.0}, "geometry": {"type": "Polygon", "coordinates": [[[-82.63438, 27.77882], [-82.6342867, 27.77882], [-82.6342867, 27.77958], [-82.63438, 27.77958], [-82.63438, 27.77882]]]}}, {"type": "Feature", "properties": {"height": 16.8, "baseHeight": 0.0}, "geometry": {"type": "Polygon", "coordinates": [[[-82.6340467, 27.77882], [-82.6339533, 27.77882], [-82.6339533, 27.77958], [-82.6340467, 27.77958], [-82.6340467, 27.77882]]]}}, {"type": "Feature", "properties": {"height": 17.1, "baseHeight": 0.0}, "geometry": {"type": "Polygon", "coordinates": [[[-82.6337133, 27.77882], [-82.63362, 27.77882], [-82.63362, 27.77958], [-82.6337133, 27.77958], [-82.6337133, 27.77882]]]}}, {"type": "Feature", "properties": {"height": 26.4, "baseHeight": 0.0}, "geometry": {"type": "Polygon", "coordinates": [[[-82.63278, 27.77882], [-82.63252, 27.77882], [-82.63252, 27.77958], [-82.63278, 27.77958], [-82.63278, 27.77882]]]}}, {"type": "Feature", "properties": {"height": 30.3, "baseHeight": 0.0}, "geometry": {"type": "Polygon", "coordinates": [[[-82.63118, 27.77882], [-82.63042, 27.77882], [-82.63042, 27.77958], [-82.63118, 27.77958], [-82.63118, 27.77882]]]}}, {"type": "Feature", "properties": {"height": 14.6, "baseHeight": 0.0}, "geometry": {"type": "Polygon", "coordinates": [[[-82.62958, 27.77882], [-82.62932, 27.77882], [-82.62932, 27.77908], [-82.62958, 27.77908], [-82.62958, 27.77882]]]}}, {"type": "Feature", "properties": {"height": 22.2, "baseHeight": 0.0}, "geometry": {"type": "Polygon", "coordinates": [[[-82.62958, 27.77932], [-82.62932, 27.77932], [-82.62932, 27.77958], [-82.62958, 27.77958], [-82.62958, 27.77932]]]}}, {"type": "Feature", "properties": {"height": 26.1, "baseHeight": 0.0}, "geometry": {"type": "Polygon", "coordinates": [[[-82.62908, 27.77882], [-82.62882, 27.77882], [-82.62882, 27.77908], [-82.62908, 27.77908], [-82.62908, 27.77882]]]}}, {"type": "Feature", "properties": {"height": 23.5, "baseHeight": 0.0}, "geometry": {"type": "Polygon", "coordinates": [[[-82.62908, 27.77932], [-82.62882, 27.77932], [-82.62882, 27.77958], [-82.62908, 27.77958], [-82.62908, 27.77932]]]}}, {"type": "Feature", "properties": {"height": 26.5, "baseHeight": 0.0}, "geometry": {"type": "Polygon", "coordinates": [[[-82.62798, 27.77882], [-82.62772, 27.77882], [-82.62772, 27.77958], [-82.62798, 27.77958], [-82.62798, 27.77882]]]}}, {"type": "Feature", "properties": {"height": 30.0, "baseHeight": 0.0}, "geometry": {"type": "Polygon", "coordinates": [[[-82.62748, 27.77882], [-82.62722, 27.77882], [-82.62722, 27.77958], [-82.62748, 27.77958], [-82.62748, 27.77882]]]}}, {"type": "Feature", "properties": {"height": 17.2, "baseHeight": 0.0}, "geometry": {"type": "Polygon", "coordinates": [[[-82.62638, 27.77882], [-82.6262867, 27.77882], [-82.6262867, 27.77908], [-82.62638, 27.77908], [-82.62638, 27.77882]]]}}, {"type": "Feature", "properties": {"height": 15.8, "baseHeight": 0.0}, "geometry": {"type": "Polygon", "coordinates": [[[-82.62638, 27.77932], [-82.6262867, 27.77932], [-82.6262867, 27.77958], [-82.62638, 27.77958], [-82.62638, 27.77932]]]}}, {"type": "Feature", "properties": {"height": 28.4, "baseHeight": 0.0}, "geometry": {"type": "Polygon", "coordinates": [[[-82.6260467, 27.77882], [-82.6259533, 27.77882], [-82.6259533, 27.77908], [-82.6260467, 27.77908], [-82.6260467, 27.77882]]]}}, {"type": "Feature", "properties": {"height": 17.6, "baseHeight": 0.0}, "geometry": {"type": "Polygon", "coordinates": [[[-82.6260467, 27.77932], [-82.6259533, 27.77932], [-82.6259533, 27.77958], [-82.6260467, 27.77958], [-82.6260467, 27.77932]]]}}, {"type": "Feature", "properties": {"height": 32.8, "baseHeight": 0.0}, "geometry": {"type": "Polygon", "coordinates": [[[-82.6257133, 27.77882], [-82.62562, 27.77882], [-82.62562, 27.77908], [-82.6257133, 27.77908], [-82.6257133, 27.77882]]]}}, {"type": "Feature", "properties": {"height": 13.3, "baseHeight": 0.0}, "geometry": {"type": "Polygon", "coordinates": [[[-82.6257133, 27.77932], [-82.62562, 27.77932], [-82.62562, 27.77958], [-82.6257133, 27.77958], [-82.6257133, 27.77932]]]}}, {"type": "Feature", "properties": {"height": 14.4, "baseHeight": 0.0}, "geometry": {"type": "Polygon", "coordinates": [[[-82.62478, 27.77882], [-82.6246867, 27.77882], [-82.6246867, 27.77908], [-82.62478, 27.77908], [-82.62478, 27.77882]]]}}, {"type": "Feature", "properties": {"height": 23.5, "baseHeight": 0.0}, "geometry": {"type": "Polygon", "coordinates": [[[-82.62478, 27.77932], [-82.6246867, 27.77932], [-82.6246867, 27.77958], [-82.62478, 27.77958], [-82.62478, 27.77932]]]}}, {"type": "Feature", "properties": {"height": 27.8, "baseHeight": 0.0}, "geometry": {"type": "Polygon", "coordinates": [[[-82.6244467, 27.77932], [-82.6243533, 27.77932], [-82.6243533, 27.77958], [-82.6244467, 27.77958], [-82.6244467, 27.77932]]]}}, {"type": "Feature", "properties": {"height": 17.3, "baseHeight": 0.0}, "geometry": {"type": "Polygon", "coordinates": [[[-82.6241133, 27.77882], [-82.62402, 27.77882], [-82.62402, 27.77908], [-82.6241133, 27.77908], [-82.6241133, 27.77882]]]}}, {"type": "Feature", "properties": {"height": 21.4, "baseHeight": 0.0}, "geometry": {"type": "Polygon", "coordinates": [[[-82.6241133, 27.77932], [-82.62402, 27.77932], [-82.62402, 27.77958], [-82.6241133, 27.77958], [-82.6241133, 27.77932]]]}}, {"type": "Feature", "properties": {"height": 11.6, "baseHeight": 0.0}, "geometry": {"type": "Polygon", "coordinates": [[[-82.62318, 27.77882], [-82.62242, 27.77882], [-82.62242, 27.7789133], [-82.62318, 27.7789133], [-82.62318, 27.77882]]]}}, {"type": "Feature", "properties": {"height": 30.1, "baseHeight": 0.0}, "geometry": {"type": "Polygon", "coordinates": [[[-82.62318, 27.7791533], [-82.62242, 27.7791533], [-82.62242, 27.7792467], [-82.62318, 27.7792467], [-82.62318, 27.7791533]]]}}, {"type": "Feature", "properties": {"height": 23.2, "baseHeight": 0.0}, "geometry": {"type": "Polygon", "coordinates": [[[-82.62318, 27.7794867], [-82.62242, 27.7794867], [-82.62242, 27.77958], [-82.62318, 27.77958], [-82.62318, 27.7794867]]]}}, {"type": "Feature", "properties": {"height": 13.9, "baseHeight": 0.0}, "geometry": {"type": "Polygon", "coordinates": [[[-82.62158, 27.77882], [-82.62082, 27.77882], [-82.62082, 27.77958], [-82.62158, 27.77958], [-82.62158, 27.77882]]]}}, {"type": "Feature", "properties": {"height": 7.1, "baseHeight": 0.0}, "geometry": {"type": "Polygon", "coordinates": [[[-82.61678, 27.77882], [-82.61652, 27.77882], [-82.61652, 27.77958], [-82.61678, 27.77958], [-82.61678, 27.77882]]]}}, {"type": "Feature", "properties": {"height": 7.7, "baseHeight": 0.0}, "geometry": {"type": "Polygon", "coordinates": [[[-82.61628, 27.77882], [-82.61602, 27.77882], [-82.61602, 27.77958], [-82.61628, 27.77958], [-82.61628, 27.77882]]]}}, {"type": "Feature", "properties": {"height": 9.5, "baseHeight": 0.0}, "geometry": {"type": "Polygon", "coordinates": [[[-82.61358, 27.77882], [-82.61282, 27.77882], [-82.61282, 27.77958], [-82.61358, 27.77958], [-82.61358, 27.77882]]]}}, {"type": "Feature", "properties": {"height": 10.0, "baseHeight": 0.0}, "geometry": {"type": "Polygon", "coordinates": [[[-82.61198, 27.77932], [-82.61122, 27.77932], [-82.61122, 27.77958], [-82.61198, 27.77958], [-82.61198, 27.77932]]]}}, {"type": "Feature", "properties": {"height": 5.2, "baseHeight": 0.0}, "geometry": {"type": "Polygon", "coordinates": [[[-82.66958, 27.78042], [-82.66882, 27.78042], [-82.66882, 27.78118], [-82.66958, 27.78118], [-82.66958, 27.78042]]]}}, {"type": "Feature", "properties": {"height": 7.2, "baseHeight": 0.0}, "geometry": {"type": "Polygon", "coordinates": [[[-82.66798, 27.78042], [-82.66722, 27.78042], [-82.66722, 27.78118], [-82.66798, 27.78118], [-82.66798, 27.78042]]]}}, {"type": "Feature", "properties": {"height": 10.0, "baseHeight": 0.0}, "geometry": {"type": "Polygon", "coordinates": [[[-82.66638, 27.78042], [-82.6662867, 27.78042], [-82.6662867, 27.78068], [-82.66638, 27.78068], [-82.66638, 27.78042]]]}}, {"type": "Feature", "properties": {"height": 11.8, "baseHeight": 0.0}, "geometry": {"type": "Polygon", "coordinates": [[[-82.6660467, 27.78042], [-82.6659533, 27.78042], [-82.6659533, 27.78068], [-82.6660467, 27.78068], [-82.6660467, 27.78042]]]}}, {"type": "Feature", "properties": {"height": 5.0, "baseHeight": 0.0}, "geometry": {"type": "Polygon", "coordinates": [[[-82.6660467, 27.78092], [-82.6659533, 27.78092], [-82.6659533, 27.78118], [-82.6660467, 27.78118], [-82.6660467, 27.78092]]]}}, {"type": "Feature", "properties": {"height": 10.8, "baseHeight": 0.0}, "geometry": {"type": "Polygon", "coordinates": [[[-82.6657133, 27.78092], [-82.66562, 27.78092], [-82.66562, 27.78118], [-82.6657133, 27.78118], [-82.6657133, 27.78092]]]}}, {"type": "Feature", "properties": {"height": 8.2, "baseHeight": 0.0}, "geometry": {"type": "Polygon", "coordinates": [[[-82.66478, 27.78042], [-82.66402, 27.78042], [-82.66402, 27.78118], [-82.66478, 27.78118], [-82.66478, 27.78042]]]}}, {"type": "Feature", "properties": {"height": 11.2, "baseHeight": 0.0}, "geometry": {"type": "Polygon", "coordinates": [[[-82.66318, 27.78092], [-82.66292, 27.78092], [-82.66292, 27.78118], [-82.66318, 27.78118], [-82.66318, 27.78092]]]}}, {"type": "Feature", "properties": {"height": 10.4, "baseHeight": 0.0}, "geometry": {"type": "Polygon", "coordinates": [[[-82.66268, 27.78042], [-82.66242, 27.78042], [-82.66242, 27.78068], [-82.66268, 27.78068], [-82.66268, 27.78042]]]}}, {"type": "Feature", "properties": {"height": 5.8, "baseHeight": 0.0}, "geometry": {"type": "Polygon", "coordinates": [[[-82.66158, 27.78042], [-82.6614867, 27.78042], [-82.6614867, 27.78118], [-82.66158, 27.78118], [-82.66158, 27.78042]]]}}, {"type": "Feature", "properties": {"height": 8.0, "baseHeight": 0.0}, "geometry": {"type": "Polygon", "coordinates": [[[-82.6612467, 27.78042], [-82.6611533, 27.78042], [-82.6611533, 27.78118], [-82.6612467, 27.78118], [-82.6612467, 27.78042]]]}}, {"type": "Feature", "properties": {"height": 8.3, "baseHeight": 0.0}, "geometry": {"type": "Polygon", "coordinates": [[[-82.6609133, 27.78042], [-82.66082, 27.78042], [-82.66082, 27.78118], [-82.6609133, 27.78118], [-82.6609133, 27.78042]]]}}, {"type": "Feature", "properties": {"height": 8.1, "baseHeight": 0.0}, "geometry": {"type": "Polygon", "coordinates": [[[-82.65838, 27.78042], [-82.6582867, 27.78042], [-82.6582867, 27.78118], [-82.65838, 27.78118], [-82.65838, 27.78042]]]}}, {"type": "Feature", "properties": {"height": 8.7, "baseHeight": 0.0}, "geometry": {"type": "Polygon", "coordinates": [[[-82.6580467, 27.78042], [-82.6579533, 27.78042], [-82.6579533, 27.78118], [-82.6580467, 27.78118], [-82.6580467, 27.78042]]]}}, {"type": "Feature", "properties": {"height": 9.9, "baseHeight": 0.0}, "geometry": {"type": "Polygon", "coordinates": [[[-82.6577133, 27.78042], [-82.65762, 27.78042], [-82.65762, 27.78118], [-82.6577133, 27.78118], [-82.6577133, 27.78042]]]}}, {"type": "Feature", "properties": {"height": 10.3, "baseHeight": 0.0}, "geometry": {"type": "Polygon", "coordinates": [[[-82.65678, 27.78042], [-82.65602, 27.78042], [-82.65602, 27.78118], [-82.65678, 27.78118], [-82.65678, 27.78042]]]}}, {"type": "Feature", "properties": {"height": 8.1, "baseHeight": 0.0}, "geometry": {"type": "Polygon", "coordinates": [[[-82.65518, 27.78042], [-82.65492, 27.78042], [-82.65492, 27.7805133], [-82.65518, 27.7805133], [-82.65518, 27.78042]]]}}, {"type": "Feature", "properties": {"height": 11.1, "baseHeight": 0.0}, "geometry": {"type": "Polygon", "coordinates": [[[-82.65518, 27.7807533], [-82.65492, 27.7807533], [-82.65492, 27.7808467], [-82.65518, 27.7808467], [-82.65518, 27.7807533]]]}}, {"type": "Feature", "properties": {"height": 7.1, "baseHeight": 0.0}, "geometry": {"type": "Polygon", "coordinates": [[[-82.65518, 27.7810867], [-82.65492, 27.7810867], [-82.65492, 27.78118], [-82.65518, 27.78118], [-82.65518, 27.7810867]]]}}, {"type": "Feature", "properties": {"height": 38.7, "baseHeight": 0.0}, "geometry": {"type": "Polygon", "coordinates": [[[-82.65468, 27.78042], [-82.65442, 27.78042], [-82.65442, 27.7805133], [-82.65468, 27.7805133], [-82.65468, 27.78042]]]}}, {"type": "Feature", "properties": {"height": 5.4, "baseHeight": 0.0}, "geometry": {"type": "Polygon", "coordinates": [[[-82.65468, 27.7807533], [-82.65442, 27.7807533], [-82.65442, 27.7808467], [-82.65468, 27.7808467], [-82.65468, 27.7807533]]]}}, {"type": "Feature", "properties": {"height": 5.1, "baseHeight": 0.0}, "geometry": {"type": "Polygon", "coordinates": [[[-82.65468, 27.7810867], [-82.65442, 27.7810867], [-82.65442, 27.78118], [-82.65468, 27.78118], [-82.65468, 27.7810867]]]}}, {"type": "Feature", "properties": {"height": 32.2, "baseHeight": 0.0}, "geometry": {"type": "Polygon", "coordinates": [[[-82.65358, 27.78042], [-82.6534867, 27.78042], [-82.6534867, 27.78068], [-82.65358, 27.78068], [-82.65358, 27.78042]]]}}, {"type": "Feature", "properties": {"height": 24.3, "baseHeight": 0.0}, "geometry": {"type": "Polygon", "coordinates": [[[-82.6532467, 27.78042], [-82.6531533, 27.78042], [-82.6531533, 27.78068], [-82.6532467, 27.78068], [-82.6532467, 27.78042]]]}}, {"type": "Feature", "properties": {"height": 22.0, "baseHeight": 0.0}, "geometry": {"type": "Polygon", "coordinates": [[[-82.6532467, 27.78092], [-82.6531533, 27.78092], [-82.6531533, 27.78118], [-82.6532467, 27.78118], [-82.6532467, 27.78092]]]}}, {"type": "Feature", "properties": {"height": 29.6, "baseHeight": 0.0}, "geometry": {"type": "Polygon", "coordinates": [[[-82.6529133, 27.78042], [-82.65282, 27.78042], [-82.65282, 27.78068], [-82.6529133, 27.78068], [-82.6529133, 27.78042]]]}}, {"type": "Feature", "properties": {"height": 13.0, "baseHeight": 0.0}, "geometry": {"type": "Polygon", "coordinates": [[[-82.6529133, 27.78092], [-82.65282, 27.78092], [-82.65282, 27.78118], [-82.6529133, 27.78118], [-82.6529133, 27.78092]]]}}, {"type": "Feature", "properties": {"height": 22.9, "baseHeight": 0.0}, "geometry": {"type": "Polygon", "coordinates": [[[-82.65198, 27.78042], [-82.65172, 27.78042], [-82.65172, 27.7805133], [-82.65198, 27.7805133], [-82.65198, 27.78042]]]}}, {"type": "Feature", "properties": {"height": 28.8, "baseHeight": 0.0}, "geometry": {"type": "Polygon", "coordinates": [[[-82.65198, 27.7810867], [-82.65172, 27.7810867], [-82.65172, 27.78118], [-82.65198, 27.78118], [-82.65198, 27.7810867]]]}}, {"type": "Feature", "properties": {"height": 10.2, "baseHeight": 0.0}, "geometry": {"type": "Polygon", "coordinates": [[[-82.65148, 27.78042], [-82.65122, 27.78042], [-82.65122, 27.7805133], [-82.65148, 27.7805133], [-82.65148, 27.78042]]]}}, {"type": "Feature", "properties": {"height": 18.7, "baseHeight": 0.0}, "geometry": {"type": "Polygon", "coordinates": [[[-82.65148, 27.7807533], [-82.65122, 27.7807533], [-82.65122, 27.7808467], [-82.65148, 27.7808467], [-82.65148, 27.7807533]]]}}, {"type": "Feature", "properties": {"height": 94.0, "baseHeight": 0.0}, "geometry": {"type": "Polygon", "coordinates": [[[-82.65148, 27.7810867], [-82.65122, 27.7810867], [-82.65122, 27.78118], [-82.65148, 27.78118], [-82.65148, 27.7810867]]]}}, {"type": "Feature", "properties": {"height": 16.4, "baseHeight": 0.0}, "geometry": {"type": "Polygon", "coordinates": [[[-82.65038, 27.78042], [-82.6502867, 27.78042], [-82.6502867, 27.78068], [-82.65038, 27.78068], [-82.65038, 27.78042]]]}}, {"type": "Feature", "properties": {"height": 28.8, "baseHeight": 0.0}, "geometry": {"type": "Polygon", "coordinates": [[[-82.65038, 27.78092], [-82.6502867, 27.78092], [-82.6502867, 27.78118], [-82.65038, 27.78118], [-82.65038, 27.78092]]]}}, {"type": "Feature", "properties": {"height": 32.9, "baseHeight": 0.0}, "geometry": {"type": "Polygon", "coordinates": [[[-82.6500467, 27.78092], [-82.6499533, 27.78092], [-82.6499533, 27.78118], [-82.6500467, 27.78118], [-82.6500467, 27.78092]]]}}, {"type": "Feature", "properties": {"height": 15.7, "baseHeight": 0.0}, "geometry": {"type": "Polygon", "coordinates": [[[-82.6497133, 27.78042], [-82.64962, 27.78042], [-82.64962, 27.78068], [-82.6497133, 27.78068], [-82.6497133, 27.78042]]]}}, {"type": "Feature", "properties": {"height": 18.0, "baseHeight": 0.0}, "geometry": {"type": "Polygon", "coordinates": [[[-82.6497133, 27.78092], [-82.64962, 27.78092], [-82.64962, 27.78118], [-82.6497133, 27.78118], [-82.6497133, 27.78092]]]}}, {"type": "Feature", "properties": {"height": 22.2, "baseHeight": 0.0}, "geometry": {"type": "Polygon", "coordinates": [[[-82.64718, 27.78092], [-82.64692, 27.78092], [-82.64692, 27.78118], [-82.64718, 27.78118], [-82.64718, 27.78092]]]}}, {"type": "Feature", "properties": {"height": 25.6, "baseHeight": 0.0}, "geometry": {"type": "Polygon", "coordinates": [[[-82.64668, 27.78042], [-82.64642, 27.78042], [-82.64642, 27.78068], [-82.64668, 27.78068], [-82.64668, 27.78042]]]}}, {"type": "Feature", "properties": {"height": 10.2, "baseHeight": 0.0}, "geometry": {"type": "Polygon", "coordinates": [[[-82.64668, 27.78092], [-82.64642, 27.78092], [-82.64642, 27.78118], [-82.64668, 27.78118], [-82.64668, 27.78092]]]}}, {"type": "Feature", "properties": {"height": 26.3, "baseHeight": 0.0}, "geometry": {"type": "Polygon", "coordinates": [[[-82.64238, 27.78042], [-82.64162, 27.78042], [-82.64162, 27.78118], [-82.64238, 27.78118], [-82.64238, 27.78042]]]}}, {"type": "Feature", "properties": {"height": 11.9, "baseHeight": 0.0}, "geometry": {"type": "Polygon", "coordinates": [[[-82.64078, 27.78042], [-82.64052, 27.78042], [-82.64052, 27.7805133], [-82.64078, 27.7805133], [-82.64078, 27.78042]]]}}, {"type": "Feature", "properties": {"height": 21.8, "baseHeight": 0.0}, "geometry": {"type": "Polygon", "coordinates": [[[-82.64028, 27.78042], [-82.64002, 27.78042], [-82.64002, 27.7805133], [-82.64028, 27.7805133], [-82.64028, 27.78042]]]}}, {"type": "Feature", "properties": {"height": 28.4, "baseHeight": 0.0}, "geometry": {"type": "Polygon", "coordinates": [[[-82.64028, 27.7807533], [-82.64002, 27.7807533], [-82.64002, 27.7808467], [-82.64028, 27.7808467], [-82.64028, 27.7807533]]]}}, {"type": "Feature", "properties": {"height": 23.9, "baseHeight": 0.0}, "geometry": {"type": "Polygon", "coordinates": [[[-82.64028, 27.7810867], [-82.64002, 27.7810867], [-82.64002, 27.78118], [-82.64028, 27.78118], [-82.64028, 27.7810867]]]}}, {"type": "Feature", "properties": {"height": 23.3, "baseHeight": 0.0}, "geometry": {"type": "Polygon", "coordinates": [[[-82.63918, 27.78042], [-82.63892, 27.78042], [-82.63892, 27.78068], [-82.63918, 27.78068], [-82.63918, 27.78042]]]}}, {"type": "Feature", "properties": {"height": 33.0, "baseHeight": 0.0}, "geometry": {"type": "Polygon", "coordinates": [[[-82.63918, 27.78092], [-82.63892, 27.78092], [-82.63892, 27.78118], [-82.63918, 27.78118], [-82.63918, 27.78092]]]}}, {"type": "Feature", "properties": {"height": 21.0, "baseHeight": 0.0}, "geometry": {"type": "Polygon", "coordinates": [[[-82.63868, 27.78042], [-82.63842, 27.78042], [-82.63842, 27.78068], [-82.63868, 27.78068], [-82.63868, 27.78042]]]}}, {"type": "Feature", "properties": {"height": 13.2, "baseHeight": 0.0}, "geometry": {"type": "Polygon", "coordinates": [[[-82.63868, 27.78092], [-82.63842, 27.78092], [-82.63842, 27.78118], [-82.63868, 27.78118], [-82.63868, 27.78092]]]}}, {"type": "Feature", "properties": {"height": 23.0, "baseHeight": 0.0}, "geometry": {"type": "Polygon", "coordinates": [[[-82.63758, 27.78042], [-82.63732, 27.78042], [-82.63732, 27.78118], [-82.63758, 27.78118], [-82.63758, 27.78042]]]}}, {"type": "Feature", "properties": {"height": 19.5, "baseHeight": 0.0}, "geometry": {"type": "Polygon", "coordinates": [[[-82.63708, 27.78042], [-82.63682, 27.78042], [-82.63682, 27.78118], [-82.63708, 27.78118], [-82.63708, 27.78042]]]}}, {"type": "Feature", "properties": {"height": 76.1, "baseHeight": 0.0}, "geometry": {"type": "Polygon", "coordinates": [[[-82.63438, 27.78092], [-82.6342867, 27.78092], [-82.6342867, 27.78118], [-82.63438, 27.78118], [-82.63438, 27.78092]]]}}, {"type": "Feature", "properties": {"height": 19.8, "baseHeight": 0.0}, "geometry": {"type": "Polygon", "coordinates": [[[-82.6340467, 27.78042], [-82.6339533, 27.78042], [-82.6339533, 27.78068], [-82.6340467, 27.78068], [-82.6340467, 27.78042]]]}}, {"type": "Feature", "properties": {"height": 38.9, "baseHeight": 0.0}, "geometry": {"type": "Polygon", "coordinates": [[[-82.6340467, 27.78092], [-82.6339533, 27.78092], [-82.6339533, 27.78118], [-82.6340467, 27.78118], [-82.6340467, 27.78092]]]}}, {"type": "Feature", "properties": {"height": 21.0, "baseHeight": 0.0}, "geometry": {"type": "Polygon", "coordinates": [[[-82.6337133, 27.78042], [-82.63362, 27.78042], [-82.63362, 27.78068], [-82.6337133, 27.78068], [-82.6337133, 27.78042]]]}}, {"type": "Feature", "properties": {"height": 13.4, "baseHeight": 0.0}, "geometry": {"type": "Polygon", "coordinates": [[[-82.6337133, 27.78092], [-82.63362, 27.78092], [-82.63362, 27.78118], [-82.6337133, 27.78118], [-82.6337133, 27.78092]]]}}, {"type": "Feature", "properties": {"height": 33.7, "baseHeight": 0.0}, "geometry": {"type": "Polygon", "coordinates": [[[-82.63278, 27.78042], [-82.6326867, 27.78042], [-82.6326867, 27.78068], [-82.63278, 27.78068], [-82.63278, 27.78042]]]}}, {"type": "Feature", "properties": {"height": 19.6, "baseHeight": 0.0}, "geometry": {"type": "Polygon", "coordinates": [[[-82.63278, 27.78092], [-82.6326867, 27.78092], [-82.6326867, 27.78118], [-82.63278, 27.78118], [-82.63278, 27.78092]]]}}, {"type": "Feature", "properties": {"height": 20.4, "baseHeight": 0.0}, "geometry": {"type": "Polygon", "coordinates": [[[-82.6324467, 27.78042], [-82.6323533, 27.78042], [-82.6323533, 27.78068], [-82.6324467, 27.78068], [-82.6324467, 27.78042]]]}}, {"type": "Feature", "properties": {"height": 29.5, "baseHeight": 0.0}, "geometry": {"type": "Polygon", "coordinates": [[[-82.6324467, 27.78092], [-82.6323533, 27.78092], [-82.6323533, 27.78118], [-82.6324467, 27.78118], [-82.6324467, 27.78092]]]}}, {"type": "Feature", "properties": {"height": 31.8, "baseHeight": 0.0}, "geometry": {"type": "Polygon", "coordinates": [[[-82.6321133, 27.78042], [-82.63202, 27.78042], [-82.63202, 27.78068], [-82.6321133, 27.78068], [-82.6321133, 27.78042]]]}}, {"type": "Feature", "properties": {"height": 28.1, "baseHeight": 0.0}, "geometry": {"type": "Polygon", "coordinates": [[[-82.6321133, 27.78092], [-82.63202, 27.78092], [-82.63202, 27.78118], [-82.6321133, 27.78118], [-82.6321133, 27.78092]]]}}, {"type": "Feature", "properties": {"height": 24.7, "baseHeight": 0.0}, "geometry": {"type": "Polygon", "coordinates": [[[-82.63118, 27.78042], [-82.63042, 27.78042], [-82.63042, 27.78118], [-82.63118, 27.78118], [-82.63118, 27.78042]]]}}, {"type": "Feature", "properties": {"height": 24.5, "baseHeight": 0.0}, "geometry": {"type": "Polygon", "coordinates": [[[-82.62958, 27.78042], [-82.62932, 27.78042], [-82.62932, 27.78118], [-82.62958, 27.78118], [-82.62958, 27.78042]]]}}, {"type": "Feature", "properties": {"height": 20.4, "baseHeight": 0.0}, "geometry": {"type": "Polygon", "coordinates": [[[-82.62908, 27.78042], [-82.62882, 27.78042], [-82.62882, 27.78118], [-82.62908, 27.78118], [-82.62908, 27.78042]]]}}, {"type": "Feature", "properties": {"height": 20.0, "baseHeight": 0.0}, "geometry": {"type": "Polygon", "coordinates": [[[-82.62798, 27.78042], [-82.62722, 27.78042], [-82.62722, 27.78068], [-82.62798, 27.78068], [-82.62798, 27.78042]]]}}, {"type": "Feature", "properties": {"height": 24.9, "baseHeight": 0.0}, "geometry": {"type": "Polygon", "coordinates": [[[-82.62798, 27.78092], [-82.62722, 27.78092], [-82.62722, 27.78118], [-82.62798, 27.78118], [-82.62798, 27.78092]]]}}, {"type": "Feature", "properties": {"height": 10.8, "baseHeight": 0.0}, "geometry": {"type": "Polygon", "coordinates": [[[-82.62478, 27.78042], [-82.62402, 27.78042], [-82.62402, 27.78068], [-82.62478, 27.78068], [-82.62478, 27.78042]]]}}, {"type": "Feature", "properties": {"height": 18.8, "baseHeight": 0.0}, "geometry": {"type": "Polygon", "coordinates": [[[-82.62478, 27.78092], [-82.62402, 27.78092], [-82.62402, 27.78118], [-82.62478, 27.78118], [-82.62478, 27.78092]]]}}, {"type": "Feature", "properties": {"height": 14.1, "baseHeight": 0.0}, "geometry": {"type": "Polygon", "coordinates": [[[-82.62158, 27.78042], [-82.62132, 27.78042], [-82.62132, 27.78068], [-82.62158, 27.78068], [-82.62158, 27.78042]]]}}, {"type": "Feature", "properties": {"height": 17.6, "baseHeight": 0.0}, "geometry": {"type": "Polygon", "coordinates": [[[-82.62158, 27.78092], [-82.62132, 27.78092], [-82.62132, 27.78118], [-82.62158, 27.78118], [-82.62158, 27.78092]]]}}, {"type": "Feature", "properties": {"height": 49.2, "baseHeight": 0.0}, "geometry": {"type": "Polygon", "coordinates": [[[-82.62108, 27.78042], [-82.62082, 27.78042], [-82.62082, 27.78068], [-82.62108, 27.78068], [-82.62108, 27.78042]]]}}, {"type": "Feature", "properties": {"height": 13.2, "baseHeight": 0.0}, "geometry": {"type": "Polygon", "coordinates": [[[-82.62108, 27.78092], [-82.62082, 27.78092], [-82.62082, 27.78118], [-82.62108, 27.78118], [-82.62108, 27.78092]]]}}, {"type": "Feature", "properties": {"height": 23.7, "baseHeight": 0.0}, "geometry": {"type": "Polygon", "coordinates": [[[-82.61948, 27.78042], [-82.61922, 27.78042], [-82.61922, 27.78118], [-82.61948, 27.78118], [-82.61948, 27.78042]]]}}, {"type": "Feature", "properties": {"height": 9.1, "baseHeight": 0.0}, "geometry": {"type": "Polygon", "coordinates": [[[-82.61838, 27.78042], [-82.61762, 27.78042], [-82.61762, 27.78068], [-82.61838, 27.78068], [-82.61838, 27.78042]]]}}, {"type": "Feature", "properties": {"height": 11.4, "baseHeight": 0.0}, "geometry": {"type": "Polygon", "coordinates": [[[-82.61838, 27.78092], [-82.61762, 27.78092], [-82.61762, 27.78118], [-82.61838, 27.78118], [-82.61838, 27.78092]]]}}, {"type": "Feature", "properties": {"height": 11.7, "baseHeight": 0.0}, "geometry": {"type": "Polygon", "coordinates": [[[-82.61628, 27.78042], [-82.61602, 27.78042], [-82.61602, 27.78118], [-82.61628, 27.78118], [-82.61628, 27.78042]]]}}, {"type": "Feature", "properties": {"height": 11.2, "baseHeight": 0.0}, "geometry": {"type": "Polygon", "coordinates": [[[-82.61518, 27.78042], [-82.61492, 27.78042], [-82.61492, 27.78118], [-82.61518, 27.78118], [-82.61518, 27.78042]]]}}, {"type": "Feature", "properties": {"height": 9.4, "baseHeight": 0.0}, "geometry": {"type": "Polygon", "coordinates": [[[-82.61468, 27.78042], [-82.61442, 27.78042], [-82.61442, 27.78118], [-82.61468, 27.78118], [-82.61468, 27.78042]]]}}, {"type": "Feature", "properties": {"height": 7.1, "baseHeight": 0.0}, "geometry": {"type": "Polygon", "coordinates": [[[-82.61198, 27.78042], [-82.61172, 27.78042], [-82.61172, 27.78118], [-82.61198, 27.78118], [-82.61198, 27.78042]]]}}, {"type": "Feature", "properties": {"height": 5.1, "baseHeight": 0.0}, "geometry": {"type": "Polygon", "coordinates": [[[-82.61148, 27.78042], [-82.61122, 27.78042], [-82.61122, 27.78118], [-82.61148, 27.78118], [-82.61148, 27.78042]]]}}, {"type": "Feature", "properties": {"height": 9.3, "baseHeight": 0.0}, "geometry": {"type": "Polygon", "coordinates": [[[-82.66958, 27.78202], [-82.66932, 27.78202], [-82.66932, 27.78278], [-82.66958, 27.78278], [-82.66958, 27.78202]]]}}, {"type": "Feature", "properties": {"height": 9.6, "baseHeight": 0.0}, "geometry": {"type": "Polygon", "coordinates": [[[-82.66798, 27.78202], [-82.66772, 27.78202], [-82.66772, 27.78228], [-82.66798, 27.78228], [-82.66798, 27.78202]]]}}, {"type": "Feature", "properties": {"height": 37.1, "baseHeight": 0.0}, "geometry": {"type": "Polygon", "coordinates": [[[-82.66798, 27.78252], [-82.66772, 27.78252], [-82.66772, 27.78278], [-82.66798, 27.78278], [-82.66798, 27.78252]]]}}, {"type": "Feature", "properties": {"height": 6.5, "baseHeight": 0.0}, "geometry": {"type": "Polygon", "coordinates": [[[-82.66748, 27.78202], [-82.66722, 27.78202], [-82.66722, 27.78228], [-82.66748, 27.78228], [-82.66748, 27.78202]]]}}, {"type": "Feature", "properties": {"height": 11.0, "baseHeight": 0.0}, "geometry": {"type": "Polygon", "coordinates": [[[-82.66748, 27.78252], [-82.66722, 27.78252], [-82.66722, 27.78278], [-82.66748, 27.78278], [-82.66748, 27.78252]]]}}, {"type": "Feature", "properties": {"height": 10.8, "baseHeight": 0.0}, "geometry": {"type": "Polygon", "coordinates": [[[-82.66638, 27.78202], [-82.6662867, 27.78202], [-82.6662867, 27.7821133], [-82.66638, 27.7821133], [-82.66638, 27.78202]]]}}, {"type": "Feature", "properties": {"height": 9.2, "baseHeight": 0.0}, "geometry": {"type": "Polygon", "coordinates": [[[-82.66638, 27.7823533], [-82.6662867, 27.7823533], [-82.6662867, 27.7824467], [-82.66638, 27.7824467], [-82.66638, 27.7823533]]]}}, {"type": "Feature", "properties": {"height": 11.8, "baseHeight": 0.0}, "geometry": {"type": "Polygon", "coordinates": [[[-82.66638, 27.7826867], [-82.6662867, 27.7826867], [-82.6662867, 27.78278], [-82.66638, 27.78278], [-82.66638, 27.7826867]]]}}, {"type": "Feature", "properties": {"height": 6.5, "baseHeight": 0.0}, "geometry": {"type": "Polygon", "coordinates": [[[-82.6660467, 27.7823533], [-82.6659533, 27.7823533], [-82.6659533, 27.7824467], [-82.6660467, 27.7824467], [-82.6660467, 27.7823533]]]}}, {"type": "Feature", "properties": {"height": 10.4, "baseHeight": 0.0}, "geometry": {"type": "Polygon", "coordinates": [[[-82.6657133, 27.7826867], [-82.66562, 27.7826867], [-82.66562, 27.78278], [-82.6657133, 27.78278], [-82.6657133, 27.7826867]]]}}, {"type": "Feature", "properties": {"height": 8.4, "baseHeight": 0.0}, "geometry": {"type": "Polygon", "coordinates": [[[-82.66478, 27.78202], [-82.66402, 27.78202], [-82.66402, 27.78278], [-82.66478, 27.78278], [-82.66478, 27.78202]]]}}, {"type": "Feature", "properties": {"height": 11.2, "baseHeight": 0.0}, "geometry": {"type": "Polygon", "coordinates": [[[-82.66158, 27.78202], [-82.66082, 27.78202], [-82.66082, 27.7821133], [-82.66158, 27.7821133], [-82.66158, 27.78202]]]}}, {"type": "Feature", "properties": {"height": 20.5, "baseHeight": 0.0}, "geometry": {"type": "Polygon", "coordinates": [[[-82.66158, 27.7823533], [-82.66082, 27.7823533], [-82.66082, 27.7824467], [-82.66158, 27.7824467], [-82.66158, 27.7823533]]]}}, {"type": "Feature", "properties": {"height": 7.7, "baseHeight": 0.0}, "geometry": {"type": "Polygon", "coordinates": [[[-82.66158, 27.7826867], [-82.66082, 27.7826867], [-82.66082, 27.78278], [-82.66158, 27.78278], [-82.66158, 27.7826867]]]}}, {"type": "Feature", "properties": {"height": 10.0, "baseHeight": 0.0}, "geometry": {"type": "Polygon", "coordinates": [[[-82.65948, 27.78202], [-82.65922, 27.78202], [-82.65922, 27.78278], [-82.65948, 27.78278], [-82.65948, 27.78202]]]}}, {"type": "Feature", "properties": {"height": 5.3, "baseHeight": 0.0}, "geometry": {"type": "Polygon", "coordinates": [[[-82.65518, 27.78202], [-82.65492, 27.78202], [-82.65492, 27.78228], [-82.65518, 27.78228], [-82.65518, 27.78202]]]}}, {"type": "Feature", "properties": {"height": 9.0, "baseHeight": 0.0}, "geometry": {"type": "Polygon", "coordinates": [[[-82.65518, 27.78252], [-82.65492, 27.78252], [-82.65492, 27.78278], [-82.65518, 27.78278], [-82.65518, 27.78252]]]}}, {"type": "Feature", "properties": {"height": 39.3, "baseHeight": 0.0}, "geometry": {"type": "Polygon", "coordinates": [[[-82.65468, 27.78202], [-82.65442, 27.78202], [-82.65442, 27.78228], [-82.65468, 27.78228], [-82.65468, 27.78202]]]}}, {"type": "Feature", "properties": {"height": 10.6, "baseHeight": 0.0}, "geometry": {"type": "Polygon", "coordinates": [[[-82.65468, 27.78252], [-82.65442, 27.78252], [-82.65442, 27.78278], [-82.65468, 27.78278], [-82.65468, 27.78252]]]}}, {"type": "Feature", "properties": {"height": 18.1, "baseHeight": 0.0}, "geometry": {"type": "Polygon", "coordinates": [[[-82.65358, 27.78202], [-82.6534867, 27.78202], [-82.6534867, 27.78278], [-82.65358, 27.78278], [-82.65358, 27.78202]]]}}, {"type": "Feature", "properties": {"height": 17.5, "baseHeight": 0.0}, "geometry": {"type": "Polygon", "coordinates": [[[-82.6532467, 27.78202], [-82.6531533, 27.78202], [-82.6531533, 27.78278], [-82.6532467, 27.78278], [-82.6532467, 27.78202]]]}}, {"type": "Feature", "properties": {"height": 32.1, "baseHeight": 0.0}, "geometry": {"type": "Polygon", "coordinates": [[[-82.6529133, 27.78202], [-82.65282, 27.78202], [-82.65282, 27.78278], [-82.6529133, 27.78278], [-82.6529133, 27.78202]]]}}, {"type": "Feature", "properties": {"height": 40.8, "baseHeight": 0.0}, "geometry": {"type": "Polygon", "coordinates": [[[-82.65198, 27.78202], [-82.65122, 27.78202], [-82.65122, 27.78228], [-82.65198, 27.78228], [-82.65198, 27.78202]]]}}, {"type": "Feature", "properties": {"height": 22.8, "baseHeight": 0.0}, "geometry": {"type": "Polygon", "coordinates": [[[-82.65198, 27.78252], [-82.65122, 27.78252], [-82.65122, 27.78278], [-82.65198, 27.78278], [-82.65198, 27.78252]]]}}, {"type": "Feature", "properties": {"height": 33.3, "baseHeight": 0.0}, "geometry": {"type": "Polygon", "coordinates": [[[-82.64878, 27.78202], [-82.64852, 27.78202], [-82.64852, 27.7821133], [-82.64878, 27.7821133], [-82.64878, 27.78202]]]}}, {"type": "Feature", "properties": {"height": 15.6, "baseHeight": 0.0}, "geometry": {"type": "Polygon", "coordinates": [[[-82.64878, 27.7823533], [-82.64852, 27.7823533], [-82.64852, 27.7824467], [-82.64878, 27.7824467], [-82.64878, 27.7823533]]]}}, {"type": "Feature", "properties": {"height": 17.6, "baseHeight": 0.0}, "geometry": {"type": "Polygon", "coordinates": [[[-82.64878, 27.7826867], [-82.64852, 27.7826867], [-82.64852, 27.78278], [-82.64878, 27.78278], [-82.64878, 27.7826867]]]}}, {"type": "Feature", "properties": {"height": 33.0, "baseHeight": 0.0}, "geometry": {"type": "Polygon", "coordinates": [[[-82.64828, 27.78202], [-82.64802, 27.78202], [-82.64802, 27.7821133], [-82.64828, 27.7821133], [-82.64828, 27.78202]]]}}, {"type": "Feature", "properties": {"height": 13.8, "baseHeight": 0.0}, "geometry": {"type": "Polygon", "coordinates": [[[-82.64828, 27.7823533], [-82.64802, 27.7823533], [-82.64802, 27.7824467], [-82.64828, 27.7824467], [-82.64828, 27.7823533]]]}}, {"type": "Feature", "properties": {"height": 17.9, "baseHeight": 0.0}, "geometry": {"type": "Polygon", "coordinates": [[[-82.64828, 27.7826867], [-82.64802, 27.7826867], [-82.64802, 27.78278], [-82.64828, 27.78278], [-82.64828, 27.7826867]]]}}, {"type": "Feature", "properties": {"height": 28.9, "baseHeight": 0.0}, "geometry": {"type": "Polygon", "coordinates": [[[-82.64718, 27.78202], [-82.64692, 27.78202], [-82.64692, 27.78278], [-82.64718, 27.78278], [-82.64718, 27.78202]]]}}, {"type": "Feature", "properties": {"height": 66.5, "baseHeight": 0.0}, "geometry": {"type": "Polygon", "coordinates": [[[-82.64668, 27.78202], [-82.64642, 27.78202], [-82.64642, 27.78278], [-82.64668, 27.78278], [-82.64668, 27.78202]]]}}, {"type": "Feature", "properties": {"height": 12.3, "baseHeight": 0.0}, "geometry": {"type": "Polygon", "coordinates": [[[-82.64558, 27.78202], [-82.64482, 27.78202], [-82.64482, 27.78278], [-82.64558, 27.78278], [-82.64558, 27.78202]]]}}, {"type": "Feature", "properties": {"height": 53.7, "baseHeight": 0.0}, "geometry": {"type": "Polygon", "coordinates": [[[-82.64398, 27.78202], [-82.6438867, 27.78202], [-82.6438867, 27.78228], [-82.64398, 27.78228], [-82.64398, 27.78202]]]}}, {"type": "Feature", "properties": {"height": 18.8, "baseHeight": 0.0}, "geometry": {"type": "Polygon", "coordinates": [[[-82.64398, 27.78252], [-82.6438867, 27.78252], [-82.6438867, 27.78278], [-82.64398, 27.78278], [-82.64398, 27.78252]]]}}, {"type": "Feature", "properties": {"height": 18.8, "baseHeight": 0.0}, "geometry": {"type": "Polygon", "coordinates": [[[-82.6436467, 27.78202], [-82.6435533, 27.78202], [-82.6435533, 27.78228], [-82.6436467, 27.78228], [-82.6436467, 27.78202]]]}}, {"type": "Feature", "properties": {"height": 26.7, "baseHeight": 0.0}, "geometry": {"type": "Polygon", "coordinates": [[[-82.6436467, 27.78252], [-82.6435533, 27.78252], [-82.6435533, 27.78278], [-82.6436467, 27.78278], [-82.6436467, 27.78252]]]}}, {"type": "Feature", "properties": {"height": 25.6, "baseHeight": 0.0}, "geometry": {"type": "Polygon", "coordinates": [[[-82.6433133, 27.78252], [-82.64322, 27.78252], [-82.64322, 27.78278], [-82.6433133, 27.78278], [-82.6433133, 27.78252]]]}}, {"type": "Feature", "properties": {"height": 18.8, "baseHeight": 0.0}, "geometry": {"type": "Polygon", "coordinates": [[[-82.64238, 27.78202], [-82.64162, 27.78202], [-82.64162, 27.78278], [-82.64238, 27.78278], [-82.64238, 27.78202]]]}}, {"type": "Feature", "properties": {"height": 23.9, "baseHeight": 0.0}, "geometry": {"type": "Polygon", "coordinates": [[[-82.64078, 27.78202], [-82.64002, 27.78202], [-82.64002, 27.78278], [-82.64078, 27.78278], [-82.64078, 27.78202]]]}}, {"type": "Feature", "properties": {"height": 31.7, "baseHeight": 0.0}, "geometry": {"type": "Polygon", "coordinates": [[[-82.63758, 27.78202], [-82.63682, 27.78202], [-82.63682, 27.78278], [-82.63758, 27.78278], [-82.63758, 27.78202]]]}}, {"type": "Feature", "properties": {"height": 33.6, "baseHeight": 0.0}, "geometry": {"type": "Polygon", "coordinates": [[[-82.63598, 27.78202], [-82.63522, 27.78202], [-82.63522, 27.78228], [-82.63598, 27.78228], [-82.63598, 27.78202]]]}}, {"type": "Feature", "properties": {"height": 21.9, "baseHeight": 0.0}, "geometry": {"type": "Polygon", "coordinates": [[[-82.63598, 27.78252], [-82.63522, 27.78252], [-82.63522, 27.78278], [-82.63598, 27.78278], [-82.63598, 27.78252]]]}}, {"type": "Feature", "properties": {"height": 14.5, "baseHeight": 0.0}, "geometry": {"type": "Polygon", "coordinates": [[[-82.63438, 27.78202], [-82.63412, 27.78202], [-82.63412, 27.78228], [-82.63438, 27.78228], [-82.63438, 27.78202]]]}}, {"type": "Feature", "properties": {"height": 16.6, "baseHeight": 0.0}, "geometry": {"type": "Polygon", "coordinates": [[[-82.63388, 27.78202], [-82.63362, 27.78202], [-82.63362, 27.78228], [-82.63388, 27.78228], [-82.63388, 27.78202]]]}}, {"type": "Feature", "properties": {"height": 25.2, "baseHeight": 0.0}, "geometry": {"type": "Polygon", "coordinates": [[[-82.63388, 27.78252], [-82.63362, 27.78252], [-82.63362, 27.78278], [-82.63388, 27.78278], [-82.63388, 27.78252]]]}}, {"type": "Feature", "properties": {"height": 10.9, "baseHeight": 0.0}, "geometry": {"type": "Polygon", "coordinates": [[[-82.63278, 27.78202], [-82.63252, 27.78202], [-82.63252, 27.78228], [-82.63278, 27.78228], [-82.63278, 27.78202]]]}}, {"type": "Feature", "properties": {"height": 17.7, "baseHeight": 0.0}, "geometry": {"type": "Polygon", "coordinates": [[[-82.63278, 27.78252], [-82.63252, 27.78252], [-82.63252, 27.78278], [-82.63278, 27.78278], [-82.63278, 27.78252]]]}}, {"type": "Feature", "properties": {"height": 23.7, "baseHeight": 0.0}, "geometry": {"type": "Polygon", "coordinates": [[[-82.63228, 27.78202], [-82.63202, 27.78202], [-82.63202, 27.78228], [-82.63228, 27.78228], [-82.63228, 27.78202]]]}}, {"type": "Feature", "properties": {"height": 17.4, "baseHeight": 0.0}, "geometry": {"type": "Polygon", "coordinates": [[[-82.63228, 27.78252], [-82.63202, 27.78252], [-82.63202, 27.78278], [-82.63228, 27.78278], [-82.63228, 27.78252]]]}}, {"type": "Feature", "properties": {"height": 14.1, "baseHeight": 0.0}, "geometry": {"type": "Polygon", "coordinates": [[[-82.63118, 27.78202], [-82.63092, 27.78202], [-82.63092, 27.78278], [-82.63118, 27.78278], [-82.63118, 27.78202]]]}}, {"type": "Feature", "properties": {"height": 25.1, "baseHeight": 0.0}, "geometry": {"type": "Polygon", "coordinates": [[[-82.63068, 27.78202], [-82.63042, 27.78202], [-82.63042, 27.78278], [-82.63068, 27.78278], [-82.63068, 27.78202]]]}}, {"type": "Feature", "properties": {"height": 27.4, "baseHeight": 0.0}, "geometry": {"type": "Polygon", "coordinates": [[[-82.62958, 27.78202], [-82.62882, 27.78202], [-82.62882, 27.78228], [-82.62958, 27.78228], [-82.62958, 27.78202]]]}}, {"type": "Feature", "properties": {"height": 23.8, "baseHeight": 0.0}, "geometry": {"type": "Polygon", "coordinates": [[[-82.62958, 27.78252], [-82.62882, 27.78252], [-82.62882, 27.78278], [-82.62958, 27.78278], [-82.62958, 27.78252]]]}}, {"type": "Feature", "properties": {"height": 14.8, "baseHeight": 0.0}, "geometry": {"type": "Polygon", "coordinates": [[[-82.62638, 27.78202], [-82.62562, 27.78202], [-82.62562, 27.78278], [-82.62638, 27.78278], [-82.62638, 27.78202]]]}}, {"type": "Feature", "properties": {"height": 17.1, "baseHeight": 0.0}, "geometry": {"type": "Polygon", "coordinates": [[[-82.62318, 27.7823533], [-82.6230867, 27.7823533], [-82.6230867, 27.7824467], [-82.62318, 27.7824467], [-82.62318, 27.7823533]]]}}, {"type": "Feature", "properties": {"height": 33.2, "baseHeight": 0.0}, "geometry": {"type": "Polygon", "coordinates": [[[-82.62318, 27.7826867], [-82.6230867, 27.7826867], [-82.6230867, 27.78278], [-82.62318, 27.78278], [-82.62318, 27.7826867]]]}}, {"type": "Feature", "properties": {"height": 64.1, "baseHeight": 0.0}, "geometry": {"type": "Polygon", "coordinates": [[[-82.6228467, 27.78202], [-82.6227533, 27.78202], [-82.6227533, 27.7821133], [-82.6228467, 27.7821133], [-82.6228467, 27.78202]]]}}, {"type": "Feature", "properties": {"height": 22.8, "baseHeight": 0.0}, "geometry": {"type": "Polygon", "coordinates": [[[-82.6228467, 27.7823533], [-82.6227533, 27.7823533], [-82.6227533, 27.7824467], [-82.6228467, 27.7824467], [-82.6228467, 27.7823533]]]}}, {"type": "Feature", "properties": {"height": 79.9, "baseHeight": 0.0}, "geometry": {"type": "Polygon", "coordinates": [[[-82.6228467, 27.7826867], [-82.6227533, 27.7826867], [-82.6227533, 27.78278], [-82.6228467, 27.78278], [-82.6228467, 27.7826867]]]}}, {"type": "Feature", "properties": {"height": 21.8, "baseHeight": 0.0}, "geometry": {"type": "Polygon", "coordinates": [[[-82.6225133, 27.78202], [-82.62242, 27.78202], [-82.62242, 27.7821133], [-82.6225133, 27.7821133], [-82.6225133, 27.78202]]]}}, {"type": "Feature", "properties": {"height": 15.8, "baseHeight": 0.0}, "geometry": {"type": "Polygon", "coordinates": [[[-82.6225133, 27.7823533], [-82.62242, 27.7823533], [-82.62242, 27.7824467], [-82.6225133, 27.7824467], [-82.6225133, 27.7823533]]]}}, {"type": "Feature", "properties": {"height": 25.3, "baseHeight": 0.0}, "geometry": {"type": "Polygon", "coordinates": [[[-82.6225133, 27.7826867], [-82.62242, 27.7826867], [-82.62242, 27.78278], [-82.6225133, 27.78278], [-82.6225133, 27.7826867]]]}}, {"type": "Feature", "properties": {"height": 32.9, "baseHeight": 0.0}, "geometry": {"type": "Polygon", "coordinates": [[[-82.61998, 27.78202], [-82.61922, 27.78202], [-82.61922, 27.7821133], [-82.61998, 27.7821133], [-82.61998, 27.78202]]]}}, {"type": "Feature", "properties": {"height": 11.4, "baseHeight": 0.0}, "geometry": {"type": "Polygon", "coordinates": [[[-82.61998, 27.7823533], [-82.61922, 27.7823533], [-82.61922, 27.7824467], [-82.61998, 27.7824467], [-82.61998, 27.7823533]]]}}, {"type": "Feature", "properties": {"height": 12.0, "baseHeight": 0.0}, "geometry": {"type": "Polygon", "coordinates": [[[-82.61998, 27.7826867], [-82.61922, 27.7826867], [-82.61922, 27.78278], [-82.61998, 27.78278], [-82.61998, 27.7826867]]]}}, {"type": "Feature", "properties": {"height": 6.5, "baseHeight": 0.0}, "geometry": {"type": "Polygon", "coordinates": [[[-82.61678, 27.78202], [-82.61602, 27.78202], [-82.61602, 27.78228], [-82.61678, 27.78228], [-82.61678, 27.78202]]]}}, {"type": "Feature", "properties": {"height": 6.7, "baseHeight": 0.0}, "geometry": {"type": "Polygon", "coordinates": [[[-82.61518, 27.78202], [-82.61442, 27.78202], [-82.61442, 27.78228], [-82.61518, 27.78228], [-82.61518, 27.78202]]]}}, {"type": "Feature", "properties": {"height": 10.6, "baseHeight": 0.0}, "geometry": {"type": "Polygon", "coordinates": [[[-82.61518, 27.78252], [-82.61442, 27.78252], [-82.61442, 27.78278], [-82.61518, 27.78278], [-82.61518, 27.78252]]]}}, {"type": "Feature", "properties": {"height": 8.0, "baseHeight": 0.0}, "geometry": {"type": "Polygon", "coordinates": [[[-82.61358, 27.78202], [-82.61282, 27.78202], [-82.61282, 27.78228], [-82.61358, 27.78228], [-82.61358, 27.78202]]]}}, {"type": "Feature", "properties": {"height": 5.3, "baseHeight": 0.0}, "geometry": {"type": "Polygon", "coordinates": [[[-82.61358, 27.78252], [-82.61282, 27.78252], [-82.61282, 27.78278], [-82.61358, 27.78278], [-82.61358, 27.78252]]]}}, {"type": "Feature", "properties": {"height": 11.1, "baseHeight": 0.0}, "geometry": {"type": "Polygon", "coordinates": [[[-82.61198, 27.78202], [-82.61172, 27.78202], [-82.61172, 27.78278], [-82.61198, 27.78278], [-82.61198, 27.78202]]]}}, {"type": "Feature", "properties": {"height": 11.7, "baseHeight": 0.0}, "geometry": {"type": "Polygon", "coordinates": [[[-82.61148, 27.78202], [-82.61122, 27.78202], [-82.61122, 27.78278], [-82.61148, 27.78278], [-82.61148, 27.78202]]]}}, {"type": "Feature", "properties": {"height": 11.7, "baseHeight": 0.0}, "geometry": {"type": "Polygon", "coordinates": [[[-82.66958, 27.78362], [-82.6694867, 27.78362], [-82.6694867, 27.78388], [-82.66958, 27.78388], [-82.66958, 27.78362]]]}}, {"type": "Feature", "properties": {"height": 6.8, "baseHeight": 0.0}, "geometry": {"type": "Polygon", "coordinates": [[[-82.66958, 27.78412], [-82.6694867, 27.78412], [-82.6694867, 27.78438], [-82.66958, 27.78438], [-82.66958, 27.78412]]]}}, {"type": "Feature", "properties": {"height": 6.4, "baseHeight": 0.0}, "geometry": {"type": "Polygon", "coordinates": [[[-82.6692467, 27.78362], [-82.6691533, 27.78362], [-82.6691533, 27.78388], [-82.6692467, 27.78388], [-82.6692467, 27.78362]]]}}, {"type": "Feature", "properties": {"height": 7.1, "baseHeight": 0.0}, "geometry": {"type": "Polygon", "coordinates": [[[-82.6692467, 27.78412], [-82.6691533, 27.78412], [-82.6691533, 27.78438], [-82.6692467, 27.78438], [-82.6692467, 27.78412]]]}}, {"type": "Feature", "properties": {"height": 5.2, "baseHeight": 0.0}, "geometry": {"type": "Polygon", "coordinates": [[[-82.6689133, 27.78362], [-82.66882, 27.78362], [-82.66882, 27.78388], [-82.6689133, 27.78388], [-82.6689133, 27.78362]]]}}, {"type": "Feature", "properties": {"height": 8.8, "baseHeight": 0.0}, "geometry": {"type": "Polygon", "coordinates": [[[-82.6689133, 27.78412], [-82.66882, 27.78412], [-82.66882, 27.78438], [-82.6689133, 27.78438], [-82.6689133, 27.78412]]]}}, {"type": "Feature", "properties": {"height": 11.3, "baseHeight": 0.0}, "geometry": {"type": "Polygon", "coordinates": [[[-82.66798, 27.78362], [-82.66722, 27.78362], [-82.66722, 27.7837133], [-82.66798, 27.7837133], [-82.66798, 27.78362]]]}}, {"type": "Feature", "properties": {"height": 9.1, "baseHeight": 0.0}, "geometry": {"type": "Polygon", "coordinates": [[[-82.66798, 27.7839533], [-82.66722, 27.7839533], [-82.66722, 27.7840467], [-82.66798, 27.7840467], [-82.66798, 27.7839533]]]}}, {"type": "Feature", "properties": {"height": 10.6, "baseHeight": 0.0}, "geometry": {"type": "Polygon", "coordinates": [[[-82.66798, 27.7842867], [-82.66722, 27.7842867], [-82.66722, 27.78438], [-82.66798, 27.78438], [-82.66798, 27.7842867]]]}}, {"type": "Feature", "properties": {"height": 7.0, "baseHeight": 0.0}, "geometry": {"type": "Polygon", "coordinates": [[[-82.66478, 27.78362], [-82.66402, 27.78362], [-82.66402, 27.78438], [-82.66478, 27.78438], [-82.66478, 27.78362]]]}}, {"type": "Feature", "properties": {"height": 5.1, "baseHeight": 0.0}, "geometry": {"type": "Polygon", "coordinates": [[[-82.66158, 27.78362], [-82.66132, 27.78362], [-82.66132, 27.78438], [-82.66158, 27.78438], [-82.66158, 27.78362]]]}}, {"type": "Feature", "properties": {"height": 9.5, "baseHeight": 0.0}, "geometry": {"type": "Polygon", "coordinates": [[[-82.66108, 27.78362], [-82.66082, 27.78362], [-82.66082, 27.78438], [-82.66108, 27.78438], [-82.66108, 27.78362]]]}}, {"type": "Feature", "properties": {"height": 6.3, "baseHeight": 0.0}, "geometry": {"type": "Polygon", "coordinates": [[[-82.65998, 27.78362], [-82.65922, 27.78362], [-82.65922, 27.78438], [-82.65998, 27.78438], [-82.65998, 27.78362]]]}}, {"type": "Feature", "properties": {"height": 11.7, "baseHeight": 0.0}, "geometry": {"type": "Polygon", "coordinates": [[[-82.65838, 27.78362], [-82.6582867, 27.78362], [-82.6582867, 27.78388], [-82.65838, 27.78388], [-82.65838, 27.78362]]]}}, {"type": "Feature", "properties": {"height": 6.0, "baseHeight": 0.0}, "geometry": {"type": "Polygon", "coordinates": [[[-82.65838, 27.78412], [-82.6582867, 27.78412], [-82.6582867, 27.78438], [-82.65838, 27.78438], [-82.65838, 27.78412]]]}}, {"type": "Feature", "properties": {"height": 8.6, "baseHeight": 0.0}, "geometry": {"type": "Polygon", "coordinates": [[[-82.6580467, 27.78362], [-82.6579533, 27.78362], [-82.6579533, 27.78388], [-82.6580467, 27.78388], [-82.6580467, 27.78362]]]}}, {"type": "Feature", "properties": {"height": 10.9, "baseHeight": 0.0}, "geometry": {"type": "Polygon", "coordinates": [[[-82.6580467, 27.78412], [-82.6579533, 27.78412], [-82.6579533, 27.78438], [-82.6580467, 27.78438], [-82.6580467, 27.78412]]]}}, {"type": "Feature", "properties": {"height": 11.3, "baseHeight": 0.0}, "geometry": {"type": "Polygon", "coordinates": [[[-82.6577133, 27.78362], [-82.65762, 27.78362], [-82.65762, 27.78388], [-82.6577133, 27.78388], [-82.6577133, 27.78362]]]}}, {"type": "Feature", "properties": {"height": 9.5, "baseHeight": 0.0}, "geometry": {"type": "Polygon", "coordinates": [[[-82.6577133, 27.78412], [-82.65762, 27.78412], [-82.65762, 27.78438], [-82.6577133, 27.78438], [-82.6577133, 27.78412]]]}}, {"type": "Feature", "properties": {"height": 6.7, "baseHeight": 0.0}, "geometry": {"type": "Polygon", "coordinates": [[[-82.65678, 27.78362], [-82.65602, 27.78362], [-82.65602, 27.78438], [-82.65678, 27.78438], [-82.65678, 27.78362]]]}}, {"type": "Feature", "properties": {"height": 38.6, "baseHeight": 0.0}, "geometry": {"type": "Polygon", "coordinates": [[[-82.65518, 27.78362], [-82.6550867, 27.78362], [-82.6550867, 27.78438], [-82.65518, 27.78438], [-82.65518, 27.78362]]]}}, {"type": "Feature", "properties": {"height": 9.8, "baseHeight": 0.0}, "geometry": {"type": "Polygon", "coordinates": [[[-82.6548467, 27.78362], [-82.6547533, 27.78362], [-82.6547533, 27.78438], [-82.6548467, 27.78438], [-82.6548467, 27.78362]]]}}, {"type": "Feature", "properties": {"height": 5.2, "baseHeight": 0.0}, "geometry": {"type": "Polygon", "coordinates": [[[-82.65358, 27.78362], [-82.6534867, 27.78362], [-82.6534867, 27.78388], [-82.65358, 27.78388], [-82.65358, 27.78362]]]}}, {"type": "Feature", "properties": {"height": 8.0, "baseHeight": 0.0}, "geometry": {"type": "Polygon", "coordinates": [[[-82.65358, 27.78412], [-82.6534867, 27.78412], [-82.6534867, 27.78438], [-82.65358, 27.78438], [-82.65358, 27.78412]]]}}, {"type": "Feature", "properties": {"height": 8.4, "baseHeight": 0.0}, "geometry": {"type": "Polygon", "coordinates": [[[-82.6532467, 27.78362], [-82.6531533, 27.78362], [-82.6531533, 27.78388], [-82.6532467, 27.78388], [-82.6532467, 27.78362]]]}}, {"type": "Feature", "properties": {"height": 5.2, "baseHeight": 0.0}, "geometry": {"type": "Polygon", "coordinates": [[[-82.6532467, 27.78412], [-82.6531533, 27.78412], [-82.6531533, 27.78438], [-82.6532467, 27.78438], [-82.6532467, 27.78412]]]}}, {"type": "Feature", "properties": {"height": 23.7, "baseHeight": 0.0}, "geometry": {"type": "Polygon", "coordinates": [[[-82.6529133, 27.78362], [-82.65282, 27.78362], [-82.65282, 27.78388], [-82.6529133, 27.78388], [-82.6529133, 27.78362]]]}}, {"type": "Feature", "properties": {"height": 24.2, "baseHeight": 0.0}, "geometry": {"type": "Polygon", "coordinates": [[[-82.65198, 27.78362], [-82.6518867, 27.78362], [-82.6518867, 27.78438], [-82.65198, 27.78438], [-82.65198, 27.78362]]]}}, {"type": "Feature", "properties": {"height": 26.1, "baseHeight": 0.0}, "geometry": {"type": "Polygon", "coordinates": [[[-82.6516467, 27.78362], [-82.6515533, 27.78362], [-82.6515533, 27.78438], [-82.6516467, 27.78438], [-82.6516467, 27.78362]]]}}, {"type": "Feature", "properties": {"height": 28.4, "baseHeight": 0.0}, "geometry": {"type": "Polygon", "coordinates": [[[-82.6513133, 27.78362], [-82.65122, 27.78362], [-82.65122, 27.78438], [-82.6513133, 27.78438], [-82.6513133, 27.78362]]]}}, {"type": "Feature", "properties": {"height": 31.3, "baseHeight": 0.0}, "geometry": {"type": "Polygon", "coordinates": [[[-82.64878, 27.78362], [-82.64852, 27.78362], [-82.64852, 27.78388], [-82.64878, 27.78388], [-82.64878, 27.78362]]]}}, {"type": "Feature", "properties": {"height": 16.9, "baseHeight": 0.0}, "geometry": {"type": "Polygon", "coordinates": [[[-82.64878, 27.78412], [-82.64852, 27.78412], [-82.64852, 27.78438], [-82.64878, 27.78438], [-82.64878, 27.78412]]]}}, {"type": "Feature", "properties": {"height": 30.7, "baseHeight": 0.0}, "geometry": {"type": "Polygon", "coordinates": [[[-82.64828, 27.78362], [-82.64802, 27.78362], [-82.64802, 27.78388], [-82.64828, 27.78388], [-82.64828, 27.78362]]]}}, {"type": "Feature", "properties": {"height": 19.8, "baseHeight": 0.0}, "geometry": {"type": "Polygon", "coordinates": [[[-82.64828, 27.78412], [-82.64802, 27.78412], [-82.64802, 27.78438], [-82.64828, 27.78438], [-82.64828, 27.78412]]]}}, {"type": "Feature", "properties": {"height": 30.1, "baseHeight": 0.0}, "geometry": {"type": "Polygon", "coordinates": [[[-82.64718, 27.78362], [-82.64692, 27.78362], [-82.64692, 27.7837133], [-82.64718, 27.7837133], [-82.64718, 27.78362]]]}}, {"type": "Feature", "properties": {"height": 18.7, "baseHeight": 0.0}, "geometry": {"type": "Polygon", "coordinates": [[[-82.64718, 27.7839533], [-82.64692, 27.7839533], [-82.64692, 27.7840467], [-82.64718, 27.7840467], [-82.64718, 27.7839533]]]}}, {"type": "Feature", "properties": {"height": 32.7, "baseHeight": 0.0}, "geometry": {"type": "Polygon", "coordinates": [[[-82.64718, 27.7842867], [-82.64692, 27.7842867], [-82.64692, 27.78438], [-82.64718, 27.78438], [-82.64718, 27.7842867]]]}}, {"type": "Feature", "properties": {"height": 11.3, "baseHeight": 0.0}, "geometry": {"type": "Polygon", "coordinates": [[[-82.64668, 27.78362], [-82.64642, 27.78362], [-82.64642, 27.7837133], [-82.64668, 27.7837133], [-82.64668, 27.78362]]]}}, {"type": "Feature", "properties": {"height": 24.9, "baseHeight": 0.0}, "geometry": {"type": "Polygon", "coordinates": [[[-82.64668, 27.7839533], [-82.64642, 27.7839533], [-82.64642, 27.7840467], [-82.64668, 27.7840467], [-82.64668, 27.7839533]]]}}, {"type": "Feature", "properties": {"height": 29.2, "baseHeight": 0.0}, "geometry": {"type": "Polygon", "coordinates": [[[-82.64668, 27.7842867], [-82.64642, 27.7842867], [-82.64642, 27.78438], [-82.64668, 27.78438], [-82.64668, 27.7842867]]]}}, {"type": "Feature", "properties": {"height": 11.6, "baseHeight": 0.0}, "geometry": {"type": "Polygon", "coordinates": [[[-82.64398, 27.78362], [-82.6438867, 27.78362], [-82.6438867, 27.7837133], [-82.64398, 27.7837133], [-82.64398, 27.78362]]]}}, {"type": "Feature", "properties": {"height": 10.6, "baseHeight": 0.0}, "geometry": {"type": "Polygon", "coordinates": [[[-82.64398, 27.7839533], [-82.6438867, 27.7839533], [-82.6438867, 27.7840467], [-82.64398, 27.7840467], [-82.64398, 27.7839533]]]}}, {"type": "Feature", "properties": {"height": 15.7, "baseHeight": 0.0}, "geometry": {"type": "Polygon", "coordinates": [[[-82.64398, 27.7842867], [-82.6438867, 27.7842867], [-82.6438867, 27.78438], [-82.64398, 27.78438], [-82.64398, 27.7842867]]]}}, {"type": "Feature", "properties": {"height": 98.0, "baseHeight": 0.0}, "geometry": {"type": "Polygon", "coordinates": [[[-82.6436467, 27.78362], [-82.6435533, 27.78362], [-82.6435533, 27.7837133], [-82.6436467, 27.7837133], [-82.6436467, 27.78362]]]}}, {"type": "Feature", "properties": {"height": 22.9, "baseHeight": 0.0}, "geometry": {"type": "Polygon", "coordinates": [[[-82.6436467, 27.7839533], [-82.6435533, 27.7839533], [-82.6435533, 27.7840467], [-82.6436467, 27.7840467], [-82.6436467, 27.7839533]]]}}, {"type": "Feature", "properties": {"height": 12.4, "baseHeight": 0.0}, "geometry": {"type": "Polygon", "coordinates": [[[-82.6436467, 27.7842867], [-82.6435533, 27.7842867], [-82.6435533, 27.78438], [-82.6436467, 27.78438], [-82.6436467, 27.7842867]]]}}, {"type": "Feature", "properties": {"height": 18.0, "baseHeight": 0.0}, "geometry": {"type": "Polygon", "coordinates": [[[-82.6433133, 27.78362], [-82.64322, 27.78362], [-82.64322, 27.7837133], [-82.6433133, 27.7837133], [-82.6433133, 27.78362]]]}}, {"type": "Feature", "properties": {"height": 14.2, "baseHeight": 0.0}, "geometry": {"type": "Polygon", "coordinates": [[[-82.6433133, 27.7839533], [-82.64322, 27.7839533], [-82.64322, 27.7840467], [-82.6433133, 27.7840467], [-82.6433133, 27.7839533]]]}}, {"type": "Feature", "properties": {"height": 11.7, "baseHeight": 0.0}, "geometry": {"type": "Polygon", "coordinates": [[[-82.6433133, 27.7842867], [-82.64322, 27.7842867], [-82.64322, 27.78438], [-82.6433133, 27.78438], [-82.6433133, 27.7842867]]]}}, {"type": "Feature", "properties": {"height": 99.4, "baseHeight": 0.0}, "geometry": {"type": "Polygon", "coordinates": [[[-82.64238, 27.78362], [-82.64162, 27.78362], [-82.64162, 27.78438], [-82.64238, 27.78438], [-82.64238, 27.78362]]]}}, {"type": "Feature", "properties": {"height": 23.9, "baseHeight": 0.0}, "geometry": {"type": "Polygon", "coordinates": [[[-82.64078, 27.78362], [-82.64052, 27.78362], [-82.64052, 27.7837133], [-82.64078, 27.7837133], [-82.64078, 27.78362]]]}}, {"type": "Feature", "properties": {"height": 17.0, "baseHeight": 0.0}, "geometry": {"type": "Polygon", "coordinates": [[[-82.64078, 27.7839533], [-82.64052, 27.7839533], [-82.64052, 27.7840467], [-82.64078, 27.7840467], [-82.64078, 27.7839533]]]}}, {"type": "Feature", "properties": {"height": 10.6, "baseHeight": 0.0}, "geometry": {"type": "Polygon", "coordinates": [[[-82.64078, 27.7842867], [-82.64052, 27.7842867], [-82.64052, 27.78438], [-82.64078, 27.78438], [-82.64078, 27.7842867]]]}}, {"type": "Feature", "properties": {"height": 20.8, "baseHeight": 0.0}, "geometry": {"type": "Polygon", "coordinates": [[[-82.64028, 27.78362], [-82.64002, 27.78362], [-82.64002, 27.7837133], [-82.64028, 27.7837133], [-82.64028, 27.78362]]]}}, {"type": "Feature", "properties": {"height": 15.2, "baseHeight": 0.0}, "geometry": {"type": "Polygon", "coordinates": [[[-82.64028, 27.7839533], [-82.64002, 27.7839533], [-82.64002, 27.7840467], [-82.64028, 27.7840467], [-82.64028, 27.7839533]]]}}, {"type": "Feature", "properties": {"height": 11.0, "baseHeight": 0.0}, "geometry": {"type": "Polygon", "coordinates": [[[-82.63918, 27.78362], [-82.63892, 27.78362], [-82.63892, 27.78388], [-82.63918, 27.78388], [-82.63918, 27.78362]]]}}, {"type": "Feature", "properties": {"height": 70.6, "baseHeight": 0.0}, "geometry": {"type": "Polygon", "coordinates": [[[-82.63918, 27.78412], [-82.63892, 27.78412], [-82.63892, 27.78438], [-82.63918, 27.78438], [-82.63918, 27.78412]]]}}, {"type": "Feature", "properties": {"height": 33.0, "baseHeight": 0.0}, "geometry": {"type": "Polygon", "coordinates": [[[-82.63868, 27.78362], [-82.63842, 27.78362], [-82.63842, 27.78388], [-82.63868, 27.78388], [-82.63868, 27.78362]]]}}, {"type": "Feature", "properties": {"height": 25.3, "baseHeight": 0.0}, "geometry": {"type": "Polygon", "coordinates": [[[-82.63758, 27.78362], [-82.63732, 27.78362], [-82.63732, 27.78438], [-82.63758, 27.78438], [-82.63758, 27.78362]]]}}, {"type": "Feature", "properties": {"height": 20.9, "baseHeight": 0.0}, "geometry": {"type": "Polygon", "coordinates": [[[-82.63708, 27.78362], [-82.63682, 27.78362], [-82.63682, 27.78438], [-82.63708, 27.78438], [-82.63708, 27.78362]]]}}, {"type": "Feature", "properties": {"height": 24.0, "baseHeight": 0.0}, "geometry": {"type": "Polygon", "coordinates": [[[-82.63598, 27.78362], [-82.63572, 27.78362], [-82.63572, 27.78388], [-82.63598, 27.78388], [-82.63598, 27.78362]]]}}, {"type": "Feature", "properties": {"height": 24.6, "baseHeight": 0.0}, "geometry": {"type": "Polygon", "coordinates": [[[-82.63598, 27.78412], [-82.63572, 27.78412], [-82.63572, 27.78438], [-82.63598, 27.78438], [-82.63598, 27.78412]]]}}, {"type": "Feature", "properties": {"height": 16.3, "baseHeight": 0.0}, "geometry": {"type": "Polygon", "coordinates": [[[-82.63548, 27.78362], [-82.63522, 27.78362], [-82.63522, 27.78388], [-82.63548, 27.78388], [-82.63548, 27.78362]]]}}, {"type": "Feature", "properties": {"height": 32.2, "baseHeight": 0.0}, "geometry": {"type": "Polygon", "coordinates": [[[-82.63548, 27.78412], [-82.63522, 27.78412], [-82.63522, 27.78438], [-82.63548, 27.78438], [-82.63548, 27.78412]]]}}, {"type": "Feature", "properties": {"height": 31.4, "baseHeight": 0.0}, "geometry": {"type": "Polygon", "coordinates": [[[-82.63438, 27.78362], [-82.63412, 27.78362], [-82.63412, 27.78438], [-82.63438, 27.78438], [-82.63438, 27.78362]]]}}, {"type": "Feature", "properties": {"height": 66.9, "baseHeight": 0.0}, "geometry": {"type": "Polygon", "coordinates": [[[-82.63388, 27.78362], [-82.63362, 27.78362], [-82.63362, 27.78438], [-82.63388, 27.78438], [-82.63388, 27.78362]]]}}, {"type": "Feature", "properties": {"height": 24.0, "baseHeight": 0.0}, "geometry": {"type": "Polygon", "coordinates": [[[-82.63278, 27.78362], [-82.63252, 27.78362], [-82.63252, 27.7837133], [-82.63278, 27.7837133], [-82.63278, 27.78362]]]}}, {"type": "Feature", "properties": {"height": 22.1, "baseHeight": 0.0}, "geometry": {"type": "Polygon", "coordinates": [[[-82.63278, 27.7839533], [-82.63252, 27.7839533], [-82.63252, 27.7840467], [-82.63278, 27.7840467], [-82.63278, 27.7839533]]]}}, {"type": "Feature", "properties": {"height": 18.5, "baseHeight": 0.0}, "geometry": {"type": "Polygon", "coordinates": [[[-82.63278, 27.7842867], [-82.63252, 27.7842867], [-82.63252, 27.78438], [-82.63278, 27.78438], [-82.63278, 27.7842867]]]}}, {"type": "Feature", "properties": {"height": 21.4, "baseHeight": 0.0}, "geometry": {"type": "Polygon", "coordinates": [[[-82.63228, 27.78362], [-82.63202, 27.78362], [-82.63202, 27.7837133], [-82.63228, 27.7837133], [-82.63228, 27.78362]]]}}, {"type": "Feature", "properties": {"height": 10.4, "baseHeight": 0.0}, "geometry": {"type": "Polygon", "coordinates": [[[-82.63228, 27.7839533], [-82.63202, 27.7839533], [-82.63202, 27.7840467], [-82.63228, 27.7840467], [-82.63228, 27.7839533]]]}}, {"type": "Feature", "properties": {"height": 25.5, "baseHeight": 0.0}, "geometry": {"type": "Polygon", "coordinates": [[[-82.62958, 27.78362], [-82.62882, 27.78362], [-82.62882, 27.78438], [-82.62958, 27.78438], [-82.62958, 27.78362]]]}}, {"type": "Feature", "properties": {"height": 27.7, "baseHeight": 0.0}, "geometry": {"type": "Polygon", "coordinates": [[[-82.62638, 27.78362], [-82.62612, 27.78362], [-82.62612, 27.78388], [-82.62638, 27.78388], [-82.62638, 27.78362]]]}}, {"type": "Feature", "properties": {"height": 15.0, "baseHeight": 0.0}, "geometry": {"type": "Polygon", "coordinates": [[[-82.62638, 27.78412], [-82.62612, 27.78412], [-82.62612, 27.78438], [-82.62638, 27.78438], [-82.62638, 27.78412]]]}}, {"type": "Feature", "properties": {"height": 13.8, "baseHeight": 0.0}, "geometry": {"type": "Polygon", "coordinates": [[[-82.62588, 27.78362], [-82.62562, 27.78362], [-82.62562, 27.78388], [-82.62588, 27.78388], [-82.62588, 27.78362]]]}}, {"type": "Feature", "properties": {"height": 26.9, "baseHeight": 0.0}, "geometry": {"type": "Polygon", "coordinates": [[[-82.62588, 27.78412], [-82.62562, 27.78412], [-82.62562, 27.78438], [-82.62588, 27.78438], [-82.62588, 27.78412]]]}}, {"type": "Feature", "properties": {"height": 26.1, "baseHeight": 0.0}, "geometry": {"type": "Polygon", "coordinates": [[[-82.62478, 27.78362], [-82.62402, 27.78362], [-82.62402, 27.78388], [-82.62478, 27.78388], [-82.62478, 27.78362]]]}}, {"type": "Feature", "properties": {"height": 19.5, "baseHeight": 0.0}, "geometry": {"type": "Polygon", "coordinates": [[[-82.62478, 27.78412], [-82.62402, 27.78412], [-82.62402, 27.78438], [-82.62478, 27.78438], [-82.62478, 27.78412]]]}}, {"type": "Feature", "properties": {"height": 19.6, "baseHeight": 0.0}, "geometry": {"type": "Polygon", "coordinates": [[[-82.62318, 27.78362], [-82.62292, 27.78362], [-82.62292, 27.78388], [-82.62318, 27.78388], [-82.62318, 27.78362]]]}}, {"type": "Feature", "properties": {"height": 16.9, "baseHeight": 0.0}, "geometry": {"type": "Polygon", "coordinates": [[[-82.62318, 27.78412], [-82.62292, 27.78412], [-82.62292, 27.78438], [-82.62318, 27.78438], [-82.62318, 27.78412]]]}}, {"type": "Feature", "properties": {"height": 17.1, "baseHeight": 0.0}, "geometry": {"type": "Polygon", "coordinates": [[[-82.62268, 27.78362], [-82.62242, 27.78362], [-82.62242, 27.78388], [-82.62268, 27.78388], [-82.62268, 27.78362]]]}}, {"type": "Feature", "properties": {"height": 18.9, "baseHeight": 0.0}, "geometry": {"type": "Polygon", "coordinates": [[[-82.62268, 27.78412], [-82.62242, 27.78412], [-82.62242, 27.78438], [-82.62268, 27.78438], [-82.62268, 27.78412]]]}}, {"type": "Feature", "properties": {"height": 10.1, "baseHeight": 0.0}, "geometry": {"type": "Polygon", "coordinates": [[[-82.62158, 27.78362], [-82.62132, 27.78362], [-82.62132, 27.78388], [-82.62158, 27.78388], [-82.62158, 27.78362]]]}}, {"type": "Feature", "properties": {"height": 6.4, "baseHeight": 0.0}, "geometry": {"type": "Polygon", "coordinates": [[[-82.62158, 27.78412], [-82.62132, 27.78412], [-82.62132, 27.78438], [-82.62158, 27.78438], [-82.62158, 27.78412]]]}}, {"type": "Feature", "properties": {"height": 30.2, "baseHeight": 0.0}, "geometry": {"type": "Polygon", "coordinates": [[[-82.62108, 27.78362], [-82.62082, 27.78362], [-82.62082, 27.78388], [-82.62108, 27.78388], [-82.62108, 27.78362]]]}}, {"type": "Feature", "properties": {"height": 22.4, "baseHeight": 0.0}, "geometry": {"type": "Polygon", "coordinates": [[[-82.62108, 27.78412], [-82.62082, 27.78412], [-82.62082, 27.78438], [-82.62108, 27.78438], [-82.62108, 27.78412]]]}}, {"type": "Feature", "properties": {"height": 7.0, "baseHeight": 0.0}, "geometry": {"type": "Polygon", "coordinates": [[[-82.61838, 27.78362], [-82.61762, 27.78362], [-82.61762, 27.78438], [-82.61838, 27.78438], [-82.61838, 27.78362]]]}}, {"type": "Feature", "properties": {"height": 6.2, "baseHeight": 0.0}, "geometry": {"type": "Polygon", "coordinates": [[[-82.61678, 27.78362], [-82.6166867, 27.78362], [-82.6166867, 27.78438], [-82.61678, 27.78438], [-82.61678, 27.78362]]]}}, {"type": "Feature", "properties": {"height": 10.7, "baseHeight": 0.0}, "geometry": {"type": "Polygon", "coordinates": [[[-82.6164467, 27.78362], [-82.6163533, 27.78362], [-82.6163533, 27.78438], [-82.6164467, 27.78438], [-82.6164467, 27.78362]]]}}, {"type": "Feature", "properties": {"height": 10.4, "baseHeight": 0.0}, "geometry": {"type": "Polygon", "coordinates": [[[-82.6161133, 27.78362], [-82.61602, 27.78362], [-82.61602, 27.78438], [-82.6161133, 27.78438], [-82.6161133, 27.78362]]]}}, {"type": "Feature", "properties": {"height": 6.9, "baseHeight": 0.0}, "geometry": {"type": "Polygon", "coordinates": [[[-82.61198, 27.78362], [-82.61172, 27.78362], [-82.61172, 27.78438], [-82.61198, 27.78438], [-82.61198, 27.78362]]]}}, {"type": "Feature", "properties": {"height": 7.9, "baseHeight": 0.0}, "geometry": {"type": "Polygon", "coordinates": [[[-82.66748, 27.78522], [-82.66722, 27.78522], [-82.66722, 27.78598], [-82.66748, 27.78598], [-82.66748, 27.78522]]]}}, {"type": "Feature", "properties": {"height": 10.7, "baseHeight": 0.0}, "geometry": {"type": "Polygon", "coordinates": [[[-82.66638, 27.78572], [-82.6662867, 27.78572], [-82.6662867, 27.78598], [-82.66638, 27.78598], [-82.66638, 27.78572]]]}}, {"type": "Feature", "properties": {"height": 7.4, "baseHeight": 0.0}, "geometry": {"type": "Polygon", "coordinates": [[[-82.6660467, 27.78522], [-82.6659533, 27.78522], [-82.6659533, 27.78548], [-82.6660467, 27.78548], [-82.6660467, 27.78522]]]}}, {"type": "Feature", "properties": {"height": 7.5, "baseHeight": 0.0}, "geometry": {"type": "Polygon", "coordinates": [[[-82.6660467, 27.78572], [-82.6659533, 27.78572], [-82.6659533, 27.78598], [-82.6660467, 27.78598], [-82.6660467, 27.78572]]]}}, {"type": "Feature", "properties": {"height": 5.9, "baseHeight": 0.0}, "geometry": {"type": "Polygon", "coordinates": [[[-82.6657133, 27.78572], [-82.66562, 27.78572], [-82.66562, 27.78598], [-82.6657133, 27.78598], [-82.6657133, 27.78572]]]}}, {"type": "Feature", "properties": {"height": 8.5, "baseHeight": 0.0}, "geometry": {"type": "Polygon", "coordinates": [[[-82.66478, 27.78522], [-82.66402, 27.78522], [-82.66402, 27.78548], [-82.66478, 27.78548], [-82.66478, 27.78522]]]}}, {"type": "Feature", "properties": {"height": 35.6, "baseHeight": 0.0}, "geometry": {"type": "Polygon", "coordinates": [[[-82.66478, 27.78572], [-82.66402, 27.78572], [-82.66402, 27.78598], [-82.66478, 27.78598], [-82.66478, 27.78572]]]}}, {"type": "Feature", "properties": {"height": 9.0, "baseHeight": 0.0}, "geometry": {"type": "Polygon", "coordinates": [[[-82.66158, 27.78522], [-82.66082, 27.78522], [-82.66082, 27.78598], [-82.66158, 27.78598], [-82.66158, 27.78522]]]}}, {"type": "Feature", "properties": {"height": 9.2, "baseHeight": 0.0}, "geometry": {"type": "Polygon", "coordinates": [[[-82.65838, 27.78522], [-82.65762, 27.78522], [-82.65762, 27.78598], [-82.65838, 27.78598], [-82.65838, 27.78522]]]}}, {"type": "Feature", "properties": {"height": 5.9, "baseHeight": 0.0}, "geometry": {"type": "Polygon", "coordinates": [[[-82.65518, 27.78522], [-82.65442, 27.78522], [-82.65442, 27.78598], [-82.65518, 27.78598], [-82.65518, 27.78522]]]}}, {"type": "Feature", "properties": {"height": 31.5, "baseHeight": 0.0}, "geometry": {"type": "Polygon", "coordinates": [[[-82.65358, 27.78522], [-82.6534867, 27.78522], [-82.6534867, 27.78548], [-82.65358, 27.78548], [-82.65358, 27.78522]]]}}, {"type": "Feature", "properties": {"height": 7.2, "baseHeight": 0.0}, "geometry": {"type": "Polygon", "coordinates": [[[-82.65358, 27.78572], [-82.6534867, 27.78572], [-82.6534867, 27.78598], [-82.65358, 27.78598], [-82.65358, 27.78572]]]}}, {"type": "Feature", "properties": {"height": 11.6, "baseHeight": 0.0}, "geometry": {"type": "Polygon", "coordinates": [[[-82.6532467, 27.78522], [-82.6531533, 27.78522], [-82.6531533, 27.78548], [-82.6532467, 27.78548], [-82.6532467, 27.78522]]]}}, {"type": "Feature", "properties": {"height": 6.0, "baseHeight": 0.0}, "geometry": {"type": "Polygon", "coordinates": [[[-82.6532467, 27.78572], [-82.6531533, 27.78572], [-82.6531533, 27.78598], [-82.6532467, 27.78598], [-82.6532467, 27.78572]]]}}, {"type": "Feature", "properties": {"height": 7.8, "baseHeight": 0.0}, "geometry": {"type": "Polygon", "coordinates": [[[-82.6529133, 27.78522], [-82.65282, 27.78522], [-82.65282, 27.78548], [-82.6529133, 27.78548], [-82.6529133, 27.78522]]]}}, {"type": "Feature", "properties": {"height": 7.1, "baseHeight": 0.0}, "geometry": {"type": "Polygon", "coordinates": [[[-82.6529133, 27.78572], [-82.65282, 27.78572], [-82.65282, 27.78598], [-82.6529133, 27.78598], [-82.6529133, 27.78572]]]}}, {"type": "Feature", "properties": {"height": 5.7, "baseHeight": 0.0}, "geometry": {"type": "Polygon", "coordinates": [[[-82.65198, 27.7855533], [-82.65122, 27.7855533], [-82.65122, 27.7856467], [-82.65198, 27.7856467], [-82.65198, 27.7855533]]]}}, {"type": "Feature", "properties": {"height": 8.4, "baseHeight": 0.0}, "geometry": {"type": "Polygon", "coordinates": [[[-82.65038, 27.78522], [-82.65012, 27.78522], [-82.65012, 27.78548], [-82.65038, 27.78548], [-82.65038, 27.78522]]]}}, {"type": "Feature", "properties": {"height": 10.2, "baseHeight": 0.0}, "geometry": {"type": "Polygon", "coordinates": [[[-82.65038, 27.78572], [-82.65012, 27.78572], [-82.65012, 27.78598], [-82.65038, 27.78598], [-82.65038, 27.78572]]]}}, {"type": "Feature", "properties": {"height": 7.5, "baseHeight": 0.0}, "geometry": {"type": "Polygon", "coordinates": [[[-82.64988, 27.78522], [-82.64962, 27.78522], [-82.64962, 27.78548], [-82.64988, 27.78548], [-82.64988, 27.78522]]]}}, {"type": "Feature", "properties": {"height": 8.5, "baseHeight": 0.0}, "geometry": {"type": "Polygon", "coordinates": [[[-82.64988, 27.78572], [-82.64962, 27.78572], [-82.64962, 27.78598], [-82.64988, 27.78598], [-82.64988, 27.78572]]]}}, {"type": "Feature", "properties": {"height": 24.8, "baseHeight": 0.0}, "geometry": {"type": "Polygon", "coordinates": [[[-82.64878, 27.78522], [-82.64802, 27.78522], [-82.64802, 27.78548], [-82.64878, 27.78548], [-82.64878, 27.78522]]]}}, {"type": "Feature", "properties": {"height": 17.6, "baseHeight": 0.0}, "geometry": {"type": "Polygon", "coordinates": [[[-82.64878, 27.78572], [-82.64802, 27.78572], [-82.64802, 27.78598], [-82.64878, 27.78598], [-82.64878, 27.78572]]]}}, {"type": "Feature", "properties": {"height": 24.9, "baseHeight": 0.0}, "geometry": {"type": "Polygon", "coordinates": [[[-82.64718, 27.78522], [-82.64692, 27.78522], [-82.64692, 27.7853133], [-82.64718, 27.7853133], [-82.64718, 27.78522]]]}}, {"type": "Feature", "properties": {"height": 25.8, "baseHeight": 0.0}, "geometry": {"type": "Polygon", "coordinates": [[[-82.64718, 27.7855533], [-82.64692, 27.7855533], [-82.64692, 27.7856467], [-82.64718, 27.7856467], [-82.64718, 27.7855533]]]}}, {"type": "Feature", "properties": {"height": 12.4, "baseHeight": 0.0}, "geometry": {"type": "Polygon", "coordinates": [[[-82.64718, 27.7858867], [-82.64692, 27.7858867], [-82.64692, 27.78598], [-82.64718, 27.78598], [-82.64718, 27.7858867]]]}}, {"type": "Feature", "properties": {"height": 25.4, "baseHeight": 0.0}, "geometry": {"type": "Polygon", "coordinates": [[[-82.64668, 27.78522], [-82.64642, 27.78522], [-82.64642, 27.7853133], [-82.64668, 27.7853133], [-82.64668, 27.78522]]]}}, {"type": "Feature", "properties": {"height": 33.7, "baseHeight": 0.0}, "geometry": {"type": "Polygon", "coordinates": [[[-82.64668, 27.7855533], [-82.64642, 27.7855533], [-82.64642, 27.7856467], [-82.64668, 27.7856467], [-82.64668, 27.7855533]]]}}, {"type": "Feature", "properties": {"height": 18.9, "baseHeight": 0.0}, "geometry": {"type": "Polygon", "coordinates": [[[-82.64668, 27.7858867], [-82.64642, 27.7858867], [-82.64642, 27.78598], [-82.64668, 27.78598], [-82.64668, 27.7858867]]]}}, {"type": "Feature", "properties": {"height": 32.9, "baseHeight": 0.0}, "geometry": {"type": "Polygon", "coordinates": [[[-82.64558, 27.78522], [-82.64532, 27.78522], [-82.64532, 27.78548], [-82.64558, 27.78548], [-82.64558, 27.78522]]]}}, {"type": "Feature", "properties": {"height": 17.5, "baseHeight": 0.0}, "geometry": {"type": "Polygon", "coordinates": [[[-82.64558, 27.78572], [-82.64532, 27.78572], [-82.64532, 27.78598], [-82.64558, 27.78598], [-82.64558, 27.78572]]]}}, {"type": "Feature", "properties": {"height": 14.5, "baseHeight": 0.0}, "geometry": {"type": "Polygon", "coordinates": [[[-82.64508, 27.78522], [-82.64482, 27.78522], [-82.64482, 27.78548], [-82.64508, 27.78548], [-82.64508, 27.78522]]]}}, {"type": "Feature", "properties": {"height": 21.8, "baseHeight": 0.0}, "geometry": {"type": "Polygon", "coordinates": [[[-82.64508, 27.78572], [-82.64482, 27.78572], [-82.64482, 27.78598], [-82.64508, 27.78598], [-82.64508, 27.78572]]]}}, {"type": "Feature", "properties": {"height": 22.4, "baseHeight": 0.0}, "geometry": {"type": "Polygon", "coordinates": [[[-82.64398, 27.78522], [-82.64372, 27.78522], [-82.64372, 27.78598], [-82.64398, 27.78598], [-82.64398, 27.78522]]]}}, {"type": "Feature", "properties": {"height": 21.6, "baseHeight": 0.0}, "geometry": {"type": "Polygon", "coordinates": [[[-82.64348, 27.78522], [-82.64322, 27.78522], [-82.64322, 27.78598], [-82.64348, 27.78598], [-82.64348, 27.78522]]]}}, {"type": "Feature", "properties": {"height": 14.2, "baseHeight": 0.0}, "geometry": {"type": "Polygon", "coordinates": [[[-82.64238, 27.78522], [-82.64162, 27.78522], [-82.64162, 27.78598], [-82.64238, 27.78598], [-82.64238, 27.78522]]]}}, {"type": "Feature", "properties": {"height": 17.4, "baseHeight": 0.0}, "geometry": {"type": "Polygon", "coordinates": [[[-82.64078, 27.78522], [-82.64002, 27.78522], [-82.64002, 27.7853133], [-82.64078, 27.7853133], [-82.64078, 27.78522]]]}}, {"type": "Feature", "properties": {"height": 101.7, "baseHeight": 0.0}, "geometry": {"type": "Polygon", "coordinates": [[[-82.64078, 27.7855533], [-82.64002, 27.7855533], [-82.64002, 27.7856467], [-82.64078, 27.7856467], [-82.64078, 27.7855533]]]}}, {"type": "Feature", "properties": {"height": 14.3, "baseHeight": 0.0}, "geometry": {"type": "Polygon", "coordinates": [[[-82.63758, 27.78522], [-82.63682, 27.78522], [-82.63682, 27.78548], [-82.63758, 27.78548], [-82.63758, 27.78522]]]}}, {"type": "Feature", "properties": {"height": 32.0, "baseHeight": 0.0}, "geometry": {"type": "Polygon", "coordinates": [[[-82.63598, 27.78522], [-82.63522, 27.78522], [-82.63522, 27.78598], [-82.63598, 27.78598], [-82.63598, 27.78522]]]}}, {"type": "Feature", "properties": {"height": 12.4, "baseHeight": 0.0}, "geometry": {"type": "Polygon", "coordinates": [[[-82.63438, 27.78522], [-82.63412, 27.78522], [-82.63412, 27.7853133], [-82.63438, 27.7853133], [-82.63438, 27.78522]]]}}, {"type": "Feature", "properties": {"height": 12.3, "baseHeight": 0.0}, "geometry": {"type": "Polygon", "coordinates": [[[-82.63438, 27.7855533], [-82.63412, 27.7855533], [-82.63412, 27.7856467], [-82.63438, 27.7856467], [-82.63438, 27.7855533]]]}}, {"type": "Feature", "properties": {"height": 14.6, "baseHeight": 0.0}, "geometry": {"type": "Polygon", "coordinates": [[[-82.63438, 27.7858867], [-82.63412, 27.7858867], [-82.63412, 27.78598], [-82.63438, 27.78598], [-82.63438, 27.7858867]]]}}, {"type": "Feature", "properties": {"height": 27.9, "baseHeight": 0.0}, "geometry": {"type": "Polygon", "coordinates": [[[-82.63388, 27.7855533], [-82.63362, 27.7855533], [-82.63362, 27.7856467], [-82.63388, 27.7856467], [-82.63388, 27.7855533]]]}}, {"type": "Feature", "properties": {"height": 25.2, "baseHeight": 0.0}, "geometry": {"type": "Polygon", "coordinates": [[[-82.63278, 27.78522], [-82.63252, 27.78522], [-82.63252, 27.78598], [-82.63278, 27.78598], [-82.63278, 27.78522]]]}}, {"type": "Feature", "properties": {"height": 32.2, "baseHeight": 0.0}, "geometry": {"type": "Polygon", "coordinates": [[[-82.63228, 27.78522], [-82.63202, 27.78522], [-82.63202, 27.78598], [-82.63228, 27.78598], [-82.63228, 27.78522]]]}}, {"type": "Feature", "properties": {"height": 17.2, "baseHeight": 0.0}, "geometry": {"type": "Polygon", "coordinates": [[[-82.63118, 27.78522], [-82.6310867, 27.78522], [-82.6310867, 27.78548], [-82.63118, 27.78548], [-82.63118, 27.78522]]]}}, {"type": "Feature", "properties": {"height": 33.6, "baseHeight": 0.0}, "geometry": {"type": "Polygon", "coordinates": [[[-82.63118, 27.78572], [-82.6310867, 27.78572], [-82.6310867, 27.78598], [-82.63118, 27.78598], [-82.63118, 27.78572]]]}}, {"type": "Feature", "properties": {"height": 30.5, "baseHeight": 0.0}, "geometry": {"type": "Polygon", "coordinates": [[[-82.6308467, 27.78522], [-82.6307533, 27.78522], [-82.6307533, 27.78548], [-82.6308467, 27.78548], [-82.6308467, 27.78522]]]}}, {"type": "Feature", "properties": {"height": 28.2, "baseHeight": 0.0}, "geometry": {"type": "Polygon", "coordinates": [[[-82.6308467, 27.78572], [-82.6307533, 27.78572], [-82.6307533, 27.78598], [-82.6308467, 27.78598], [-82.6308467, 27.78572]]]}}, {"type": "Feature", "properties": {"height": 20.2, "baseHeight": 0.0}, "geometry": {"type": "Polygon", "coordinates": [[[-82.6305133, 27.78522], [-82.63042, 27.78522], [-82.63042, 27.78548], [-82.6305133, 27.78548], [-82.6305133, 27.78522]]]}}, {"type": "Feature", "properties": {"height": 21.5, "baseHeight": 0.0}, "geometry": {"type": "Polygon", "coordinates": [[[-82.6305133, 27.78572], [-82.63042, 27.78572], [-82.63042, 27.78598], [-82.6305133, 27.78598], [-82.6305133, 27.78572]]]}}, {"type": "Feature", "properties": {"height": 16.5, "baseHeight": 0.0}, "geometry": {"type": "Polygon", "coordinates": [[[-82.62958, 27.78522], [-82.62932, 27.78522], [-82.62932, 27.78548], [-82.62958, 27.78548], [-82.62958, 27.78522]]]}}, {"type": "Feature", "properties": {"height": 12.4, "baseHeight": 0.0}, "geometry": {"type": "Polygon", "coordinates": [[[-82.62958, 27.78572], [-82.62932, 27.78572], [-82.62932, 27.78598], [-82.62958, 27.78598], [-82.62958, 27.78572]]]}}, {"type": "Feature", "properties": {"height": 20.8, "baseHeight": 0.0}, "geometry": {"type": "Polygon", "coordinates": [[[-82.62908, 27.78522], [-82.62882, 27.78522], [-82.62882, 27.78548], [-82.62908, 27.78548], [-82.62908, 27.78522]]]}}, {"type": "Feature", "properties": {"height": 19.1, "baseHeight": 0.0}, "geometry": {"type": "Polygon", "coordinates": [[[-82.62908, 27.78572], [-82.62882, 27.78572], [-82.62882, 27.78598], [-82.62908, 27.78598], [-82.62908, 27.78572]]]}}, {"type": "Feature", "properties": {"height": 33.9, "baseHeight": 0.0}, "geometry": {"type": "Polygon", "coordinates": [[[-82.62638, 27.78522], [-82.62562, 27.78522], [-82.62562, 27.78598], [-82.62638, 27.78598], [-82.62638, 27.78522]]]}}, {"type": "Feature", "properties": {"height": 8.2, "baseHeight": 0.0}, "geometry": {"type": "Polygon", "coordinates": [[[-82.62318, 27.78522], [-82.62292, 27.78522], [-82.62292, 27.78598], [-82.62318, 27.78598], [-82.62318, 27.78522]]]}}, {"type": "Feature", "properties": {"height": 9.6, "baseHeight": 0.0}, "geometry": {"type": "Polygon", "coordinates": [[[-82.62268, 27.78522], [-82.62242, 27.78522], [-82.62242, 27.78598], [-82.62268, 27.78598], [-82.62268, 27.78522]]]}}, {"type": "Feature", "properties": {"height": 9.1, "baseHeight": 0.0}, "geometry": {"type": "Polygon", "coordinates": [[[-82.62158, 27.78522], [-82.62132, 27.78522], [-82.62132, 27.7853133], [-82.62158, 27.7853133], [-82.62158, 27.78522]]]}}, {"type": "Feature", "properties": {"height": 10.4, "baseHeight": 0.0}, "geometry": {"type": "Polygon", "coordinates": [[[-82.62158, 27.7858867], [-82.62132, 27.7858867], [-82.62132, 27.78598], [-82.62158, 27.78598], [-82.62158, 27.7858867]]]}}, {"type": "Feature", "properties": {"height": 21.6, "baseHeight": 0.0}, "geometry": {"type": "Polygon", "coordinates": [[[-82.62108, 27.78522], [-82.62082, 27.78522], [-82.62082, 27.7853133], [-82.62108, 27.7853133], [-82.62108, 27.78522]]]}}, {"type": "Feature", "properties": {"height": 5.0, "baseHeight": 0.0}, "geometry": {"type": "Polygon", "coordinates": [[[-82.62108, 27.7855533], [-82.62082, 27.7855533], [-82.62082, 27.7856467], [-82.62108, 27.7856467], [-82.62108, 27.7855533]]]}}, {"type": "Feature", "properties": {"height": 8.6, "baseHeight": 0.0}, "geometry": {"type": "Polygon", "coordinates": [[[-82.62108, 27.7858867], [-82.62082, 27.7858867], [-82.62082, 27.78598], [-82.62108, 27.78598], [-82.62108, 27.7858867]]]}}, {"type": "Feature", "properties": {"height": 11.3, "baseHeight": 0.0}, "geometry": {"type": "Polygon", "coordinates": [[[-82.61998, 27.7855533], [-82.61972, 27.7855533], [-82.61972, 27.7856467], [-82.61998, 27.7856467], [-82.61998, 27.7855533]]]}}, {"type": "Feature", "properties": {"height": 10.9, "baseHeight": 0.0}, "geometry": {"type": "Polygon", "coordinates": [[[-82.61948, 27.78522], [-82.61922, 27.78522], [-82.61922, 27.7853133], [-82.61948, 27.7853133], [-82.61948, 27.78522]]]}}, {"type": "Feature", "properties": {"height": 10.8, "baseHeight": 0.0}, "geometry": {"type": "Polygon", "coordinates": [[[-82.61948, 27.7855533], [-82.61922, 27.7855533], [-82.61922, 27.7856467], [-82.61948, 27.7856467], [-82.61948, 27.7855533]]]}}, {"type": "Feature", "properties": {"height": 9.2, "baseHeight": 0.0}, "geometry": {"type": "Polygon", "coordinates": [[[-82.61948, 27.7858867], [-82.61922, 27.7858867], [-82.61922, 27.78598], [-82.61948, 27.78598], [-82.61948, 27.7858867]]]}}, {"type": "Feature", "properties": {"height": 7.1, "baseHeight": 0.0}, "geometry": {"type": "Polygon", "coordinates": [[[-82.61838, 27.78522], [-82.61812, 27.78522], [-82.61812, 27.78548], [-82.61838, 27.78548], [-82.61838, 27.78522]]]}}, {"type": "Feature", "properties": {"height": 5.3, "baseHeight": 0.0}, "geometry": {"type": "Polygon", "coordinates": [[[-82.61838, 27.78572], [-82.61812, 27.78572], [-82.61812, 27.78598], [-82.61838, 27.78598], [-82.61838, 27.78572]]]}}, {"type": "Feature", "properties": {"height": 8.3, "baseHeight": 0.0}, "geometry": {"type": "Polygon", "coordinates": [[[-82.61788, 27.78522], [-82.61762, 27.78522], [-82.61762, 27.78548], [-82.61788, 27.78548], [-82.61788, 27.78522]]]}}, {"type": "Feature", "properties": {"height": 11.9, "baseHeight": 0.0}, "geometry": {"type": "Polygon", "coordinates": [[[-82.61788, 27.78572], [-82.61762, 27.78572], [-82.61762, 27.78598], [-82.61788, 27.78598], [-82.61788, 27.78572]]]}}, {"type": "Feature", "properties": {"height": 8.4, "baseHeight": 0.0}, "geometry": {"type": "Polygon", "coordinates": [[[-82.61518, 27.78522], [-82.6150867, 27.78522], [-82.6150867, 27.78548], [-82.61518, 27.78548], [-82.61518, 27.78522]]]}}, {"type": "Feature", "properties": {"height": 5.7, "baseHeight": 0.0}, "geometry": {"type": "Polygon", "coordinates": [[[-82.6148467, 27.78572], [-82.6147533, 27.78572], [-82.6147533, 27.78598], [-82.6148467, 27.78598], [-82.6148467, 27.78572]]]}}, {"type": "Feature", "properties": {"height": 6.1, "baseHeight": 0.0}, "geometry": {"type": "Polygon", "coordinates": [[[-82.6145133, 27.78522], [-82.61442, 27.78522], [-82.61442, 27.78548], [-82.6145133, 27.78548], [-82.6145133, 27.78522]]]}}, {"type": "Feature", "properties": {"height": 6.3, "baseHeight": 0.0}, "geometry": {"type": "Polygon", "coordinates": [[[-82.6145133, 27.78572], [-82.61442, 27.78572], [-82.61442, 27.78598], [-82.6145133, 27.78598], [-82.6145133, 27.78572]]]}}, {"type": "Feature", "properties": {"height": 5.4, "baseHeight": 0.0}, "geometry": {"type": "Polygon", "coordinates": [[[-82.61358, 27.78522], [-82.61282, 27.78522], [-82.61282, 27.78548], [-82.61358, 27.78548], [-82.61358, 27.78522]]]}}, {"type": "Feature", "properties": {"height": 8.0, "baseHeight": 0.0}, "geometry": {"type": "Polygon", "coordinates": [[[-82.61358, 27.78572], [-82.61282, 27.78572], [-82.61282, 27.78598], [-82.61358, 27.78598], [-82.61358, 27.78572]]]}}, {"type": "Feature", "properties": {"height": 10.8, "baseHeight": 0.0}, "geometry": {"type": "Polygon", "coordinates": [[[-82.66958, 27.78682], [-82.66882, 27.78682], [-82.66882, 27.78758], [-82.66958, 27.78758], [-82.66958, 27.78682]]]}}, {"type": "Feature", "properties": {"height": 6.3, "baseHeight": 0.0}, "geometry": {"type": "Polygon", "coordinates": [[[-82.66798, 27.78682], [-82.66772, 27.78682], [-82.66772, 27.7869133], [-82.66798, 27.7869133], [-82.66798, 27.78682]]]}}, {"type": "Feature", "properties": {"height": 10.7, "baseHeight": 0.0}, "geometry": {"type": "Polygon", "coordinates": [[[-82.66798, 27.7871533], [-82.66772, 27.7871533], [-82.66772, 27.7872467], [-82.66798, 27.7872467], [-82.66798, 27.7871533]]]}}, {"type": "Feature", "properties": {"height": 8.9, "baseHeight": 0.0}, "geometry": {"type": "Polygon", "coordinates": [[[-82.66798, 27.7874867], [-82.66772, 27.7874867], [-82.66772, 27.78758], [-82.66798, 27.78758], [-82.66798, 27.7874867]]]}}, {"type": "Feature", "properties": {"height": 29.9, "baseHeight": 0.0}, "geometry": {"type": "Polygon", "coordinates": [[[-82.66748, 27.78682], [-82.66722, 27.78682], [-82.66722, 27.7869133], [-82.66748, 27.7869133], [-82.66748, 27.78682]]]}}, {"type": "Feature", "properties": {"height": 5.4, "baseHeight": 0.0}, "geometry": {"type": "Polygon", "coordinates": [[[-82.66748, 27.7871533], [-82.66722, 27.7871533], [-82.66722, 27.7872467], [-82.66748, 27.7872467], [-82.66748, 27.7871533]]]}}, {"type": "Feature", "properties": {"height": 10.9, "baseHeight": 0.0}, "geometry": {"type": "Polygon", "coordinates": [[[-82.66748, 27.7874867], [-82.66722, 27.7874867], [-82.66722, 27.78758], [-82.66748, 27.78758], [-82.66748, 27.7874867]]]}}, {"type": "Feature", "properties": {"height": 8.5, "baseHeight": 0.0}, "geometry": {"type": "Polygon", "coordinates": [[[-82.66638, 27.78682], [-82.6662867, 27.78682], [-82.6662867, 27.7869133], [-82.66638, 27.7869133], [-82.66638, 27.78682]]]}}, {"type": "Feature", "properties": {"height": 5.7, "baseHeight": 0.0}, "geometry": {"type": "Polygon", "coordinates": [[[-82.66638, 27.7871533], [-82.6662867, 27.7871533], [-82.6662867, 27.7872467], [-82.66638, 27.7872467], [-82.66638, 27.7871533]]]}}, {"type": "Feature", "properties": {"height": 7.3, "baseHeight": 0.0}, "geometry": {"type": "Polygon", "coordinates": [[[-82.6660467, 27.78682], [-82.6659533, 27.78682], [-82.6659533, 27.7869133], [-82.6660467, 27.7869133], [-82.6660467, 27.78682]]]}}, {"type": "Feature", "properties": {"height": 7.0, "baseHeight": 0.0}, "geometry": {"type": "Polygon", "coordinates": [[[-82.6660467, 27.7871533], [-82.6659533, 27.7871533], [-82.6659533, 27.7872467], [-82.6660467, 27.7872467], [-82.6660467, 27.7871533]]]}}, {"type": "Feature", "properties": {"height": 8.7, "baseHeight": 0.0}, "geometry": {"type": "Polygon", "coordinates": [[[-82.6660467, 27.7874867], [-82.6659533, 27.7874867], [-82.6659533, 27.78758], [-82.6660467, 27.78758], [-82.6660467, 27.7874867]]]}}, {"type": "Feature", "properties": {"height": 10.6, "baseHeight": 0.0}, "geometry": {"type": "Polygon", "coordinates": [[[-82.6657133, 27.78682], [-82.66562, 27.78682], [-82.66562, 27.7869133], [-82.6657133, 27.7869133], [-82.6657133, 27.78682]]]}}, {"type": "Feature", "properties": {"height": 7.8, "baseHeight": 0.0}, "geometry": {"type": "Polygon", "coordinates": [[[-82.6657133, 27.7871533], [-82.66562, 27.7871533], [-82.66562, 27.7872467], [-82.6657133, 27.7872467], [-82.6657133, 27.7871533]]]}}, {"type": "Feature", "properties": {"height": 9.7, "baseHeight": 0.0}, "geometry": {"type": "Polygon", "coordinates": [[[-82.6657133, 27.7874867], [-82.66562, 27.7874867], [-82.66562, 27.78758], [-82.6657133, 27.78758], [-82.6657133, 27.7874867]]]}}, {"type": "Feature", "properties": {"height": 10.9, "baseHeight": 0.0}, "geometry": {"type": "Polygon", "coordinates": [[[-82.66478, 27.78682], [-82.66402, 27.78682], [-82.66402, 27.78758], [-82.66478, 27.78758], [-82.66478, 27.78682]]]}}, {"type": "Feature", "properties": {"height": 5.9, "baseHeight": 0.0}, "geometry": {"type": "Polygon", "coordinates": [[[-82.66158, 27.78682], [-82.66132, 27.78682], [-82.66132, 27.7869133], [-82.66158, 27.7869133], [-82.66158, 27.78682]]]}}, {"type": "Feature", "properties": {"height": 5.4, "baseHeight": 0.0}, "geometry": {"type": "Polygon", "coordinates": [[[-82.66158, 27.7871533], [-82.66132, 27.7871533], [-82.66132, 27.7872467], [-82.66158, 27.7872467], [-82.66158, 27.7871533]]]}}, {"type": "Feature", "properties": {"height": 7.1, "baseHeight": 0.0}, "geometry": {"type": "Polygon", "coordinates": [[[-82.66158, 27.7874867], [-82.66132, 27.7874867], [-82.66132, 27.78758], [-82.66158, 27.78758], [-82.66158, 27.7874867]]]}}, {"type": "Feature", "properties": {"height": 5.8, "baseHeight": 0.0}, "geometry": {"type": "Polygon", "coordinates": [[[-82.66108, 27.78682], [-82.66082, 27.78682], [-82.66082, 27.7869133], [-82.66108, 27.7869133], [-82.66108, 27.78682]]]}}, {"type": "Feature", "properties": {"height": 11.6, "baseHeight": 0.0}, "geometry": {"type": "Polygon", "coordinates": [[[-82.66108, 27.7871533], [-82.66082, 27.7871533], [-82.66082, 27.7872467], [-82.66108, 27.7872467], [-82.66108, 27.7871533]]]}}, {"type": "Feature", "properties": {"height": 5.4, "baseHeight": 0.0}, "geometry": {"type": "Polygon", "coordinates": [[[-82.66108, 27.7874867], [-82.66082, 27.7874867], [-82.66082, 27.78758], [-82.66108, 27.78758], [-82.66108, 27.7874867]]]}}, {"type": "Feature", "properties": {"height": 7.2, "baseHeight": 0.0}, "geometry": {"type": "Polygon", "coordinates": [[[-82.65838, 27.78682], [-82.65812, 27.78682], [-82.65812, 27.78758], [-82.65838, 27.78758], [-82.65838, 27.78682]]]}}, {"type": "Feature", "properties": {"height": 10.9, "baseHeight": 0.0}, "geometry": {"type": "Polygon", "coordinates": [[[-82.65788, 27.78682], [-82.65762, 27.78682], [-82.65762, 27.78758], [-82.65788, 27.78758], [-82.65788, 27.78682]]]}}, {"type": "Feature", "properties": {"height": 11.1, "baseHeight": 0.0}, "geometry": {"type": "Polygon", "coordinates": [[[-82.65678, 27.78682], [-82.65652, 27.78682], [-82.65652, 27.78708], [-82.65678, 27.78708], [-82.65678, 27.78682]]]}}, {"type": "Feature", "properties": {"height": 28.7, "baseHeight": 0.0}, "geometry": {"type": "Polygon", "coordinates": [[[-82.65678, 27.78732], [-82.65652, 27.78732], [-82.65652, 27.78758], [-82.65678, 27.78758], [-82.65678, 27.78732]]]}}, {"type": "Feature", "properties": {"height": 9.5, "baseHeight": 0.0}, "geometry": {"type": "Polygon", "coordinates": [[[-82.65628, 27.78682], [-82.65602, 27.78682], [-82.65602, 27.78708], [-82.65628, 27.78708], [-82.65628, 27.78682]]]}}, {"type": "Feature", "properties": {"height": 8.4, "baseHeight": 0.0}, "geometry": {"type": "Polygon", "coordinates": [[[-82.65198, 27.78682], [-82.65122, 27.78682], [-82.65122, 27.7869133], [-82.65198, 27.7869133], [-82.65198, 27.78682]]]}}, {"type": "Feature", "properties": {"height": 6.0, "baseHeight": 0.0}, "geometry": {"type": "Polygon", "coordinates": [[[-82.65198, 27.7871533], [-82.65122, 27.7871533], [-82.65122, 27.7872467], [-82.65198, 27.7872467], [-82.65198, 27.7871533]]]}}, {"type": "Feature", "properties": {"height": 8.0, "baseHeight": 0.0}, "geometry": {"type": "Polygon", "coordinates": [[[-82.65198, 27.7874867], [-82.65122, 27.7874867], [-82.65122, 27.78758], [-82.65198, 27.78758], [-82.65198, 27.7874867]]]}}, {"type": "Feature", "properties": {"height": 7.3, "baseHeight": 0.0}, "geometry": {"type": "Polygon", "coordinates": [[[-82.65038, 27.78682], [-82.65012, 27.78682], [-82.65012, 27.78708], [-82.65038, 27.78708], [-82.65038, 27.78682]]]}}, {"type": "Feature", "properties": {"height": 8.2, "baseHeight": 0.0}, "geometry": {"type": "Polygon", "coordinates": [[[-82.65038, 27.78732], [-82.65012, 27.78732], [-82.65012, 27.78758], [-82.65038, 27.78758], [-82.65038, 27.78732]]]}}, {"type": "Feature", "properties": {"height": 8.9, "baseHeight": 0.0}, "geometry": {"type": "Polygon", "coordinates": [[[-82.64988, 27.78682], [-82.64962, 27.78682], [-82.64962, 27.78708], [-82.64988, 27.78708], [-82.64988, 27.78682]]]}}, {"type": "Feature", "properties": {"height": 10.0, "baseHeight": 0.0}, "geometry": {"type": "Polygon", "coordinates": [[[-82.64988, 27.78732], [-82.64962, 27.78732], [-82.64962, 27.78758], [-82.64988, 27.78758], [-82.64988, 27.78732]]]}}, {"type": "Feature", "properties": {"height": 24.4, "baseHeight": 0.0}, "geometry": {"type": "Polygon", "coordinates": [[[-82.64878, 27.78682], [-82.64802, 27.78682], [-82.64802, 27.78758], [-82.64878, 27.78758], [-82.64878, 27.78682]]]}}, {"type": "Feature", "properties": {"height": 10.7, "baseHeight": 0.0}, "geometry": {"type": "Polygon", "coordinates": [[[-82.64718, 27.78682], [-82.64692, 27.78682], [-82.64692, 27.78708], [-82.64718, 27.78708], [-82.64718, 27.78682]]]}}, {"type": "Feature", "properties": {"height": 25.2, "baseHeight": 0.0}, "geometry": {"type": "Polygon", "coordinates": [[[-82.64718, 27.78732], [-82.64692, 27.78732], [-82.64692, 27.78758], [-82.64718, 27.78758], [-82.64718, 27.78732]]]}}, {"type": "Feature", "properties": {"height": 28.1, "baseHeight": 0.0}, "geometry": {"type": "Polygon", "coordinates": [[[-82.64668, 27.78682], [-82.64642, 27.78682], [-82.64642, 27.78708], [-82.64668, 27.78708], [-82.64668, 27.78682]]]}}, {"type": "Feature", "properties": {"height": 84.4, "baseHeight": 0.0}, "geometry": {"type": "Polygon", "coordinates": [[[-82.64668, 27.78732], [-82.64642, 27.78732], [-82.64642, 27.78758], [-82.64668, 27.78758], [-82.64668, 27.78732]]]}}, {"type": "Feature", "properties": {"height": 25.4, "baseHeight": 0.0}, "geometry": {"type": "Polygon", "coordinates": [[[-82.64558, 27.78682], [-82.64482, 27.78682], [-82.64482, 27.78758], [-82.64558, 27.78758], [-82.64558, 27.78682]]]}}, {"type": "Feature", "properties": {"height": 22.6, "baseHeight": 0.0}, "geometry": {"type": "Polygon", "coordinates": [[[-82.64398, 27.78732], [-82.64322, 27.78732], [-82.64322, 27.78758], [-82.64398, 27.78758], [-82.64398, 27.78732]]]}}, {"type": "Feature", "properties": {"height": 32.1, "baseHeight": 0.0}, "geometry": {"type": "Polygon", "coordinates": [[[-82.64238, 27.78682], [-82.64162, 27.78682], [-82.64162, 27.78758], [-82.64238, 27.78758], [-82.64238, 27.78682]]]}}, {"type": "Feature", "properties": {"height": 29.8, "baseHeight": 0.0}, "geometry": {"type": "Polygon", "coordinates": [[[-82.63918, 27.78682], [-82.6390867, 27.78682], [-82.6390867, 27.7869133], [-82.63918, 27.7869133], [-82.63918, 27.78682]]]}}, {"type": "Feature", "properties": {"height": 23.8, "baseHeight": 0.0}, "geometry": {"type": "Polygon", "coordinates": [[[-82.63918, 27.7871533], [-82.6390867, 27.7871533], [-82.6390867, 27.7872467], [-82.63918, 27.7872467], [-82.63918, 27.7871533]]]}}, {"type": "Feature", "properties": {"height": 20.8, "baseHeight": 0.0}, "geometry": {"type": "Polygon", "coordinates": [[[-82.63918, 27.7874867], [-82.6390867, 27.7874867], [-82.6390867, 27.78758], [-82.63918, 27.78758], [-82.63918, 27.7874867]]]}}, {"type": "Feature", "properties": {"height": 82.9, "baseHeight": 0.0}, "geometry": {"type": "Polygon", "coordinates": [[[-82.6388467, 27.78682], [-82.6387533, 27.78682], [-82.6387533, 27.7869133], [-82.6388467, 27.7869133], [-82.6388467, 27.78682]]]}}, {"type": "Feature", "properties": {"height": 23.7, "baseHeight": 0.0}, "geometry": {"type": "Polygon", "coordinates": [[[-82.6388467, 27.7871533], [-82.6387533, 27.7871533], [-82.6387533, 27.7872467], [-82.6388467, 27.7872467], [-82.6388467, 27.7871533]]]}}, {"type": "Feature", "properties": {"height": 16.4, "baseHeight": 0.0}, "geometry": {"type": "Polygon", "coordinates": [[[-82.6388467, 27.7874867], [-82.6387533, 27.7874867], [-82.6387533, 27.78758], [-82.6388467, 27.78758], [-82.6388467, 27.7874867]]]}}, {"type": "Feature", "properties": {"height": 16.1, "baseHeight": 0.0}, "geometry": {"type": "Polygon", "coordinates": [[[-82.6385133, 27.7871533], [-82.63842, 27.7871533], [-82.63842, 27.7872467], [-82.6385133, 27.7872467], [-82.6385133, 27.7871533]]]}}, {"type": "Feature", "properties": {"height": 19.9, "baseHeight": 0.0}, "geometry": {"type": "Polygon", "coordinates": [[[-82.6385133, 27.7874867], [-82.63842, 27.7874867], [-82.63842, 27.78758], [-82.6385133, 27.78758], [-82.6385133, 27.7874867]]]}}, {"type": "Feature", "properties": {"height": 22.0, "baseHeight": 0.0}, "geometry": {"type": "Polygon", "coordinates": [[[-82.63758, 27.78682], [-82.63732, 27.78682], [-82.63732, 27.78708], [-82.63758, 27.78708], [-82.63758, 27.78682]]]}}, {"type": "Feature", "properties": {"height": 21.1, "baseHeight": 0.0}, "geometry": {"type": "Polygon", "coordinates": [[[-82.63708, 27.78682], [-82.63682, 27.78682], [-82.63682, 27.78708], [-82.63708, 27.78708], [-82.63708, 27.78682]]]}}, {"type": "Feature", "properties": {"height": 58.5, "baseHeight": 0.0}, "geometry": {"type": "Polygon", "coordinates": [[[-82.63708, 27.78732], [-82.63682, 27.78732], [-82.63682, 27.78758], [-82.63708, 27.78758], [-82.63708, 27.78732]]]}}, {"type": "Feature", "properties": {"height": 17.3, "baseHeight": 0.0}, "geometry": {"type": "Polygon", "coordinates": [[[-82.63598, 27.78682], [-82.6358867, 27.78682], [-82.6358867, 27.78708], [-82.63598, 27.78708], [-82.63598, 27.78682]]]}}, {"type": "Feature", "properties": {"height": 21.8, "baseHeight": 0.0}, "geometry": {"type": "Polygon", "coordinates": [[[-82.63598, 27.78732], [-82.6358867, 27.78732], [-82.6358867, 27.78758], [-82.63598, 27.78758], [-82.63598, 27.78732]]]}}, {"type": "Feature", "properties": {"height": 18.7, "baseHeight": 0.0}, "geometry": {"type": "Polygon", "coordinates": [[[-82.6356467, 27.78682], [-82.6355533, 27.78682], [-82.6355533, 27.78708], [-82.6356467, 27.78708], [-82.6356467, 27.78682]]]}}, {"type": "Feature", "properties": {"height": 15.4, "baseHeight": 0.0}, "geometry": {"type": "Polygon", "coordinates": [[[-82.6356467, 27.78732], [-82.6355533, 27.78732], [-82.6355533, 27.78758], [-82.6356467, 27.78758], [-82.6356467, 27.78732]]]}}, {"type": "Feature", "properties": {"height": 32.2, "baseHeight": 0.0}, "geometry": {"type": "Polygon", "coordinates": [[[-82.6353133, 27.78682], [-82.63522, 27.78682], [-82.63522, 27.78708], [-82.6353133, 27.78708], [-82.6353133, 27.78682]]]}}, {"type": "Feature", "properties": {"height": 30.1, "baseHeight": 0.0}, "geometry": {"type": "Polygon", "coordinates": [[[-82.63278, 27.78682], [-82.6326867, 27.78682], [-82.6326867, 27.78758], [-82.63278, 27.78758], [-82.63278, 27.78682]]]}}, {"type": "Feature", "properties": {"height": 27.1, "baseHeight": 0.0}, "geometry": {"type": "Polygon", "coordinates": [[[-82.6324467, 27.78682], [-82.6323533, 27.78682], [-82.6323533, 27.78758], [-82.6324467, 27.78758], [-82.6324467, 27.78682]]]}}, {"type": "Feature", "properties": {"height": 13.5, "baseHeight": 0.0}, "geometry": {"type": "Polygon", "coordinates": [[[-82.6321133, 27.78682], [-82.63202, 27.78682], [-82.63202, 27.78758], [-82.6321133, 27.78758], [-82.6321133, 27.78682]]]}}, {"type": "Feature", "properties": {"height": 13.6, "baseHeight": 0.0}, "geometry": {"type": "Polygon", "coordinates": [[[-82.63118, 27.78682], [-82.63092, 27.78682], [-82.63092, 27.78708], [-82.63118, 27.78708], [-82.63118, 27.78682]]]}}, {"type": "Feature", "properties": {"height": 32.1, "baseHeight": 0.0}, "geometry": {"type": "Polygon", "coordinates": [[[-82.63118, 27.78732], [-82.63092, 27.78732], [-82.63092, 27.78758], [-82.63118, 27.78758], [-82.63118, 27.78732]]]}}, {"type": "Feature", "properties": {"height": 25.5, "baseHeight": 0.0}, "geometry": {"type": "Polygon", "coordinates": [[[-82.63068, 27.78682], [-82.63042, 27.78682], [-82.63042, 27.78708], [-82.63068, 27.78708], [-82.63068, 27.78682]]]}}, {"type": "Feature", "properties": {"height": 12.3, "baseHeight": 0.0}, "geometry": {"type": "Polygon", "coordinates": [[[-82.63068, 27.78732], [-82.63042, 27.78732], [-82.63042, 27.78758], [-82.63068, 27.78758], [-82.63068, 27.78732]]]}}, {"type": "Feature", "properties": {"height": 23.5, "baseHeight": 0.0}, "geometry": {"type": "Polygon", "coordinates": [[[-82.62958, 27.78682], [-82.62882, 27.78682], [-82.62882, 27.78758], [-82.62958, 27.78758], [-82.62958, 27.78682]]]}}, {"type": "Feature", "properties": {"height": 64.8, "baseHeight": 0.0}, "geometry": {"type": "Polygon", "coordinates": [[[-82.62798, 27.78682], [-82.62772, 27.78682], [-82.62772, 27.78708], [-82.62798, 27.78708], [-82.62798, 27.78682]]]}}, {"type": "Feature", "properties": {"height": 23.1, "baseHeight": 0.0}, "geometry": {"type": "Polygon", "coordinates": [[[-82.62798, 27.78732], [-82.62772, 27.78732], [-82.62772, 27.78758], [-82.62798, 27.78758], [-82.62798, 27.78732]]]}}, {"type": "Feature", "properties": {"height": 24.1, "baseHeight": 0.0}, "geometry": {"type": "Polygon", "coordinates": [[[-82.62748, 27.78682], [-82.62722, 27.78682], [-82.62722, 27.78708], [-82.62748, 27.78708], [-82.62748, 27.78682]]]}}, {"type": "Feature", "properties": {"height": 24.9, "baseHeight": 0.0}, "geometry": {"type": "Polygon", "coordinates": [[[-82.62748, 27.78732], [-82.62722, 27.78732], [-82.62722, 27.78758], [-82.62748, 27.78758], [-82.62748, 27.78732]]]}}, {"type": "Feature", "properties": {"height": 6.0, "baseHeight": 0.0}, "geometry": {"type": "Polygon", "coordinates": [[[-82.62318, 27.78682], [-82.6230867, 27.78682], [-82.6230867, 27.7869133], [-82.62318, 27.7869133], [-82.62318, 27.78682]]]}}, {"type": "Feature", "properties": {"height": 9.7, "baseHeight": 0.0}, "geometry": {"type": "Polygon", "coordinates": [[[-82.62318, 27.7871533], [-82.6230867, 27.7871533], [-82.6230867, 27.7872467], [-82.62318, 27.7872467], [-82.62318, 27.7871533]]]}}, {"type": "Feature", "properties": {"height": 9.1, "baseHeight": 0.0}, "geometry": {"type": "Polygon", "coordinates": [[[-82.62318, 27.7874867], [-82.6230867, 27.7874867], [-82.6230867, 27.78758], [-82.62318, 27.78758], [-82.62318, 27.7874867]]]}}, {"type": "Feature", "properties": {"height": 5.0, "baseHeight": 0.0}, "geometry": {"type": "Polygon", "coordinates": [[[-82.6228467, 27.78682], [-82.6227533, 27.78682], [-82.6227533, 27.7869133], [-82.6228467, 27.7869133], [-82.6228467, 27.78682]]]}}, {"type": "Feature", "properties": {"height": 8.1, "baseHeight": 0.0}, "geometry": {"type": "Polygon", "coordinates": [[[-82.6228467, 27.7871533], [-82.6227533, 27.7871533], [-82.6227533, 27.7872467], [-82.6228467, 27.7872467], [-82.6228467, 27.7871533]]]}}, {"type": "Feature", "properties": {"height": 11.0, "baseHeight": 0.0}, "geometry": {"type": "Polygon", "coordinates": [[[-82.6228467, 27.7874867], [-82.6227533, 27.7874867], [-82.6227533, 27.78758], [-82.6228467, 27.78758], [-82.6228467, 27.7874867]]]}}, {"type": "Feature", "properties": {"height": 10.0, "baseHeight": 0.0}, "geometry": {"type": "Polygon", "coordinates": [[[-82.6225133, 27.78682], [-82.62242, 27.78682], [-82.62242, 27.7869133], [-82.6225133, 27.7869133], [-82.6225133, 27.78682]]]}}, {"type": "Feature", "properties": {"height": 6.4, "baseHeight": 0.0}, "geometry": {"type": "Polygon", "coordinates": [[[-82.6225133, 27.7871533], [-82.62242, 27.7871533], [-82.62242, 27.7872467], [-82.6225133, 27.7872467], [-82.6225133, 27.7871533]]]}}, {"type": "Feature", "properties": {"height": 8.9, "baseHeight": 0.0}, "geometry": {"type": "Polygon", "coordinates": [[[-82.62158, 27.78682], [-82.62132, 27.78682], [-82.62132, 27.78758], [-82.62158, 27.78758], [-82.62158, 27.78682]]]}}, {"type": "Feature", "properties": {"height": 10.4, "baseHeight": 0.0}, "geometry": {"type": "Polygon", "coordinates": [[[-82.62108, 27.78682], [-82.62082, 27.78682], [-82.62082, 27.78758], [-82.62108, 27.78758], [-82.62108, 27.78682]]]}}, {"type": "Feature", "properties": {"height": 9.3, "baseHeight": 0.0}, "geometry": {"type": "Polygon", "coordinates": [[[-82.61838, 27.78732], [-82.61762, 27.78732], [-82.61762, 27.78758], [-82.61838, 27.78758], [-82.61838, 27.78732]]]}}, {"type": "Feature", "properties": {"height": 11.0, "baseHeight": 0.0}, "geometry": {"type": "Polygon", "coordinates": [[[-82.61678, 27.78682], [-82.61602, 27.78682], [-82.61602, 27.7869133], [-82.61678, 27.7869133], [-82.61678, 27.78682]]]}}, {"type": "Feature", "properties": {"height": 9.8, "baseHeight": 0.0}, "geometry": {"type": "Polygon", "coordinates": [[[-82.61678, 27.7871533], [-82.61602, 27.7871533], [-82.61602, 27.7872467], [-82.61678, 27.7872467], [-82.61678, 27.7871533]]]}}, {"type": "Feature", "properties": {"height": 9.4, "baseHeight": 0.0}, "geometry": {"type": "Polygon", "coordinates": [[[-82.61678, 27.7874867], [-82.61602, 27.7874867], [-82.61602, 27.78758], [-82.61678, 27.78758], [-82.61678, 27.7874867]]]}}, {"type": "Feature", "properties": {"height": 9.5, "baseHeight": 0.0}, "geometry": {"type": "Polygon", "coordinates": [[[-82.61358, 27.78682], [-82.61282, 27.78682], [-82.61282, 27.78708], [-82.61358, 27.78708], [-82.61358, 27.78682]]]}}, {"type": "Feature", "properties": {"height": 9.9, "baseHeight": 0.0}, "geometry": {"type": "Polygon", "coordinates": [[[-82.61358, 27.78732], [-82.61282, 27.78732], [-82.61282, 27.78758], [-82.61358, 27.78758], [-82.61358, 27.78732]]]}}, {"type": "Feature", "properties": {"height": 8.9, "baseHeight": 0.0}, "geometry": {"type": "Polygon", "coordinates": [[[-82.61198, 27.78682], [-82.61122, 27.78682], [-82.61122, 27.7869133], [-82.61198, 27.7869133], [-82.61198, 27.78682]]]}}, {"type": "Feature", "properties": {"height": 7.7, "baseHeight": 0.0}, "geometry": {"type": "Polygon", "coordinates": [[[-82.61198, 27.7871533], [-82.61122, 27.7871533], [-82.61122, 27.7872467], [-82.61198, 27.7872467], [-82.61198, 27.7871533]]]}}, {"type": "Feature", "properties": {"height": 6.5, "baseHeight": 0.0}, "geometry": {"type": "Polygon", "coordinates": [[[-82.66798, 27.78842], [-82.66722, 27.78842], [-82.66722, 27.78868], [-82.66798, 27.78868], [-82.66798, 27.78842]]]}}, {"type": "Feature", "properties": {"height": 12.0, "baseHeight": 0.0}, "geometry": {"type": "Polygon", "coordinates": [[[-82.66798, 27.78892], [-82.66722, 27.78892], [-82.66722, 27.78918], [-82.66798, 27.78918], [-82.66798, 27.78892]]]}}, {"type": "Feature", "properties": {"height": 40.1, "baseHeight": 0.0}, "geometry": {"type": "Polygon", "coordinates": [[[-82.66638, 27.78842], [-82.66562, 27.78842], [-82.66562, 27.78868], [-82.66638, 27.78868], [-82.66638, 27.78842]]]}}, {"type": "Feature", "properties": {"height": 8.9, "baseHeight": 0.0}, "geometry": {"type": "Polygon", "coordinates": [[[-82.66638, 27.78892], [-82.66562, 27.78892], [-82.66562, 27.78918], [-82.66638, 27.78918], [-82.66638, 27.78892]]]}}, {"type": "Feature", "properties": {"height": 5.5, "baseHeight": 0.0}, "geometry": {"type": "Polygon", "coordinates": [[[-82.66318, 27.78842], [-82.66242, 27.78842], [-82.66242, 27.78868], [-82.66318, 27.78868], [-82.66318, 27.78842]]]}}, {"type": "Feature", "properties": {"height": 8.2, "baseHeight": 0.0}, "geometry": {"type": "Polygon", "coordinates": [[[-82.66318, 27.78892], [-82.66242, 27.78892], [-82.66242, 27.78918], [-82.66318, 27.78918], [-82.66318, 27.78892]]]}}, {"type": "Feature", "properties": {"height": 7.7, "baseHeight": 0.0}, "geometry": {"type": "Polygon", "coordinates": [[[-82.65198, 27.78892], [-82.65172, 27.78892], [-82.65172, 27.78918], [-82.65198, 27.78918], [-82.65198, 27.78892]]]}}, {"type": "Feature", "properties": {"height": 10.1, "baseHeight": 0.0}, "geometry": {"type": "Polygon", "coordinates": [[[-82.65148, 27.78842], [-82.65122, 27.78842], [-82.65122, 27.78868], [-82.65148, 27.78868], [-82.65148, 27.78842]]]}}, {"type": "Feature", "properties": {"height": 8.7, "baseHeight": 0.0}, "geometry": {"type": "Polygon", "coordinates": [[[-82.65148, 27.78892], [-82.65122, 27.78892], [-82.65122, 27.78918], [-82.65148, 27.78918], [-82.65148, 27.78892]]]}}, {"type": "Feature", "properties": {"height": 9.6, "baseHeight": 0.0}, "geometry": {"type": "Polygon", "coordinates": [[[-82.65038, 27.78842], [-82.65012, 27.78842], [-82.65012, 27.78918], [-82.65038, 27.78918], [-82.65038, 27.78842]]]}}, {"type": "Feature", "properties": {"height": 8.7, "baseHeight": 0.0}, "geometry": {"type": "Polygon", "coordinates": [[[-82.64878, 27.78842], [-82.64802, 27.78842], [-82.64802, 27.7885133], [-82.64878, 27.7885133], [-82.64878, 27.78842]]]}}, {"type": "Feature", "properties": {"height": 8.0, "baseHeight": 0.0}, "geometry": {"type": "Polygon", "coordinates": [[[-82.64878, 27.7887533], [-82.64802, 27.7887533], [-82.64802, 27.7888467], [-82.64878, 27.7888467], [-82.64878, 27.7887533]]]}}, {"type": "Feature", "properties": {"height": 5.8, "baseHeight": 0.0}, "geometry": {"type": "Polygon", "coordinates": [[[-82.64718, 27.78842], [-82.6470867, 27.78842], [-82.6470867, 27.78918], [-82.64718, 27.78918], [-82.64718, 27.78842]]]}}, {"type": "Feature", "properties": {"height": 11.3, "baseHeight": 0.0}, "geometry": {"type": "Polygon", "coordinates": [[[-82.6468467, 27.78842], [-82.6467533, 27.78842], [-82.6467533, 27.78918], [-82.6468467, 27.78918], [-82.6468467, 27.78842]]]}}, {"type": "Feature", "properties": {"height": 8.1, "baseHeight": 0.0}, "geometry": {"type": "Polygon", "coordinates": [[[-82.64398, 27.78842], [-82.64322, 27.78842], [-82.64322, 27.78868], [-82.64398, 27.78868], [-82.64398, 27.78842]]]}}, {"type": "Feature", "properties": {"height": 6.0, "baseHeight": 0.0}, "geometry": {"type": "Polygon", "coordinates": [[[-82.64398, 27.78892], [-82.64322, 27.78892], [-82.64322, 27.78918], [-82.64398, 27.78918], [-82.64398, 27.78892]]]}}, {"type": "Feature", "properties": {"height": 17.2, "baseHeight": 0.0}, "geometry": {"type": "Polygon", "coordinates": [[[-82.64238, 27.78842], [-82.64162, 27.78842], [-82.64162, 27.78868], [-82.64238, 27.78868], [-82.64238, 27.78842]]]}}, {"type": "Feature", "properties": {"height": 27.0, "baseHeight": 0.0}, "geometry": {"type": "Polygon", "coordinates": [[[-82.64078, 27.78842], [-82.64002, 27.78842], [-82.64002, 27.78918], [-82.64078, 27.78918], [-82.64078, 27.78842]]]}}, {"type": "Feature", "properties": {"height": 18.1, "baseHeight": 0.0}, "geometry": {"type": "Polygon", "coordinates": [[[-82.63918, 27.78842], [-82.63842, 27.78842], [-82.63842, 27.78868], [-82.63918, 27.78868], [-82.63918, 27.78842]]]}}, {"type": "Feature", "properties": {"height": 32.3, "baseHeight": 0.0}, "geometry": {"type": "Polygon", "coordinates": [[[-82.63918, 27.78892], [-82.63842, 27.78892], [-82.63842, 27.78918], [-82.63918, 27.78918], [-82.63918, 27.78892]]]}}, {"type": "Feature", "properties": {"height": 10.1, "baseHeight": 0.0}, "geometry": {"type": "Polygon", "coordinates": [[[-82.63758, 27.78842], [-82.6374867, 27.78842], [-82.6374867, 27.78868], [-82.63758, 27.78868], [-82.63758, 27.78842]]]}}, {"type": "Feature", "properties": {"height": 15.2, "baseHeight": 0.0}, "geometry": {"type": "Polygon", "coordinates": [[[-82.63758, 27.78892], [-82.6374867, 27.78892], [-82.6374867, 27.78918], [-82.63758, 27.78918], [-82.63758, 27.78892]]]}}, {"type": "Feature", "properties": {"height": 26.8, "baseHeight": 0.0}, "geometry": {"type": "Polygon", "coordinates": [[[-82.6372467, 27.78842], [-82.6371533, 27.78842], [-82.6371533, 27.78868], [-82.6372467, 27.78868], [-82.6372467, 27.78842]]]}}, {"type": "Feature", "properties": {"height": 13.8, "baseHeight": 0.0}, "geometry": {"type": "Polygon", "coordinates": [[[-82.6372467, 27.78892], [-82.6371533, 27.78892], [-82.6371533, 27.78918], [-82.6372467, 27.78918], [-82.6372467, 27.78892]]]}}, {"type": "Feature", "properties": {"height": 31.1, "baseHeight": 0.0}, "geometry": {"type": "Polygon", "coordinates": [[[-82.6369133, 27.78842], [-82.63682, 27.78842], [-82.63682, 27.78868], [-82.6369133, 27.78868], [-82.6369133, 27.78842]]]}}, {"type": "Feature", "properties": {"height": 23.3, "baseHeight": 0.0}, "geometry": {"type": "Polygon", "coordinates": [[[-82.6369133, 27.78892], [-82.63682, 27.78892], [-82.63682, 27.78918], [-82.6369133, 27.78918], [-82.6369133, 27.78892]]]}}, {"type": "Feature", "properties": {"height": 16.8, "baseHeight": 0.0}, "geometry": {"type": "Polygon", "coordinates": [[[-82.63598, 27.78842], [-82.63572, 27.78842], [-82.63572, 27.7885133], [-82.63598, 27.7885133], [-82.63598, 27.78842]]]}}, {"type": "Feature", "properties": {"height": 11.1, "baseHeight": 0.0}, "geometry": {"type": "Polygon", "coordinates": [[[-82.63598, 27.7887533], [-82.63572, 27.7887533], [-82.63572, 27.7888467], [-82.63598, 27.7888467], [-82.63598, 27.7887533]]]}}, {"type": "Feature", "properties": {"height": 31.8, "baseHeight": 0.0}, "geometry": {"type": "Polygon", "coordinates": [[[-82.63598, 27.7890867], [-82.63572, 27.7890867], [-82.63572, 27.78918], [-82.63598, 27.78918], [-82.63598, 27.7890867]]]}}, {"type": "Feature", "properties": {"height": 12.0, "baseHeight": 0.0}, "geometry": {"type": "Polygon", "coordinates": [[[-82.63548, 27.78842], [-82.63522, 27.78842], [-82.63522, 27.7885133], [-82.63548, 27.7885133], [-82.63548, 27.78842]]]}}, {"type": "Feature", "properties": {"height": 30.3, "baseHeight": 0.0}, "geometry": {"type": "Polygon", "coordinates": [[[-82.63548, 27.7887533], [-82.63522, 27.7887533], [-82.63522, 27.7888467], [-82.63548, 27.7888467], [-82.63548, 27.7887533]]]}}, {"type": "Feature", "properties": {"height": 24.3, "baseHeight": 0.0}, "geometry": {"type": "Polygon", "coordinates": [[[-82.63548, 27.7890867], [-82.63522, 27.7890867], [-82.63522, 27.78918], [-82.63548, 27.78918], [-82.63548, 27.7890867]]]}}, {"type": "Feature", "properties": {"height": 11.4, "baseHeight": 0.0}, "geometry": {"type": "Polygon", "coordinates": [[[-82.63118, 27.78842], [-82.63042, 27.78842], [-82.63042, 27.78918], [-82.63118, 27.78918], [-82.63118, 27.78842]]]}}, {"type": "Feature", "properties": {"height": 8.3, "baseHeight": 0.0}, "geometry": {"type": "Polygon", "coordinates": [[[-82.62958, 27.78842], [-82.6294867, 27.78842], [-82.6294867, 27.78918], [-82.62958, 27.78918], [-82.62958, 27.78842]]]}}, {"type": "Feature", "properties": {"height": 44.6, "baseHeight": 0.0}, "geometry": {"type": "Polygon", "coordinates": [[[-82.6292467, 27.78842], [-82.6291533, 27.78842], [-82.6291533, 27.78918], [-82.6292467, 27.78918], [-82.6292467, 27.78842]]]}}, {"type": "Feature", "properties": {"height": 5.5, "baseHeight": 0.0}, "geometry": {"type": "Polygon", "coordinates": [[[-82.6289133, 27.78842], [-82.62882, 27.78842], [-82.62882, 27.78918], [-82.6289133, 27.78918], [-82.6289133, 27.78842]]]}}, {"type": "Feature", "properties": {"height": 6.0, "baseHeight": 0.0}, "geometry": {"type": "Polygon", "coordinates": [[[-82.62798, 27.78842], [-82.62722, 27.78842], [-82.62722, 27.78868], [-82.62798, 27.78868], [-82.62798, 27.78842]]]}}, {"type": "Feature", "properties": {"height": 9.0, "baseHeight": 0.0}, "geometry": {"type": "Polygon", "coordinates": [[[-82.62798, 27.78892], [-82.62722, 27.78892], [-82.62722, 27.78918], [-82.62798, 27.78918], [-82.62798, 27.78892]]]}}, {"type": "Feature", "properties": {"height": 11.0, "baseHeight": 0.0}, "geometry": {"type": "Polygon", "coordinates": [[[-82.62638, 27.78842], [-82.62612, 27.78842], [-82.62612, 27.78918], [-82.62638, 27.78918], [-82.62638, 27.78842]]]}}, {"type": "Feature", "properties": {"height": 9.2, "baseHeight": 0.0}, "geometry": {"type": "Polygon", "coordinates": [[[-82.62588, 27.78842], [-82.62562, 27.78842], [-82.62562, 27.78918], [-82.62588, 27.78918], [-82.62588, 27.78842]]]}}, {"type": "Feature", "properties": {"height": 6.1, "baseHeight": 0.0}, "geometry": {"type": "Polygon", "coordinates": [[[-82.62478, 27.78842], [-82.62402, 27.78842], [-82.62402, 27.78918], [-82.62478, 27.78918], [-82.62478, 27.78842]]]}}, {"type": "Feature", "properties": {"height": 10.7, "baseHeight": 0.0}, "geometry": {"type": "Polygon", "coordinates": [[[-82.62318, 27.78842], [-82.62242, 27.78842], [-82.62242, 27.78918], [-82.62318, 27.78918], [-82.62318, 27.78842]]]}}, {"type": "Feature", "properties": {"height": 10.3, "baseHeight": 0.0}, "geometry": {"type": "Polygon", "coordinates": [[[-82.62158, 27.78842], [-82.62132, 27.78842], [-82.62132, 27.78868], [-82.62158, 27.78868], [-82.62158, 27.78842]]]}}, {"type": "Feature", "properties": {"height": 5.6, "baseHeight": 0.0}, "geometry": {"type": "Polygon", "coordinates": [[[-82.62158, 27.78892], [-82.62132, 27.78892], [-82.62132, 27.78918], [-82.62158, 27.78918], [-82.62158, 27.78892]]]}}, {"type": "Feature", "properties": {"height": 11.7, "baseHeight": 0.0}, "geometry": {"type": "Polygon", "coordinates": [[[-82.62108, 27.78842], [-82.62082, 27.78842], [-82.62082, 27.78868], [-82.62108, 27.78868], [-82.62108, 27.78842]]]}}, {"type": "Feature", "properties": {"height": 9.1, "baseHeight": 0.0}, "geometry": {"type": "Polygon", "coordinates": [[[-82.62108, 27.78892], [-82.62082, 27.78892], [-82.62082, 27.78918], [-82.62108, 27.78918], [-82.62108, 27.78892]]]}}, {"type": "Feature", "properties": {"height": 8.7, "baseHeight": 0.0}, "geometry": {"type": "Polygon", "coordinates": [[[-82.61998, 27.78842], [-82.61972, 27.78842], [-82.61972, 27.78918], [-82.61998, 27.78918], [-82.61998, 27.78842]]]}}, {"type": "Feature", "properties": {"height": 8.3, "baseHeight": 0.0}, "geometry": {"type": "Polygon", "coordinates": [[[-82.61948, 27.78842], [-82.61922, 27.78842], [-82.61922, 27.78918], [-82.61948, 27.78918], [-82.61948, 27.78842]]]}}, {"type": "Feature", "properties": {"height": 7.0, "baseHeight": 0.0}, "geometry": {"type": "Polygon", "coordinates": [[[-82.61838, 27.78842], [-82.61812, 27.78842], [-82.61812, 27.7885133], [-82.61838, 27.7885133], [-82.61838, 27.78842]]]}}, {"type": "Feature", "properties": {"height": 6.9, "baseHeight": 0.0}, "geometry": {"type": "Polygon", "coordinates": [[[-82.61838, 27.7890867], [-82.61812, 27.7890867], [-82.61812, 27.78918], [-82.61838, 27.78918], [-82.61838, 27.7890867]]]}}, {"type": "Feature", "properties": {"height": 7.3, "baseHeight": 0.0}, "geometry": {"type": "Polygon", "coordinates": [[[-82.61788, 27.7887533], [-82.61762, 27.7887533], [-82.61762, 27.7888467], [-82.61788, 27.7888467], [-82.61788, 27.7887533]]]}}, {"type": "Feature", "properties": {"height": 6.6, "baseHeight": 0.0}, "geometry": {"type": "Polygon", "coordinates": [[[-82.61788, 27.7890867], [-82.61762, 27.7890867], [-82.61762, 27.78918], [-82.61788, 27.78918], [-82.61788, 27.7890867]]]}}, {"type": "Feature", "properties": {"height": 9.2, "baseHeight": 0.0}, "geometry": {"type": "Polygon", "coordinates": [[[-82.61678, 27.78842], [-82.61602, 27.78842], [-82.61602, 27.78868], [-82.61678, 27.78868], [-82.61678, 27.78842]]]}}, {"type": "Feature", "properties": {"height": 11.2, "baseHeight": 0.0}, "geometry": {"type": "Polygon", "coordinates": [[[-82.61678, 27.78892], [-82.61602, 27.78892], [-82.61602, 27.78918], [-82.61678, 27.78918], [-82.61678, 27.78892]]]}}, {"type": "Feature", "properties": {"height": 9.7, "baseHeight": 0.0}, "geometry": {"type": "Polygon", "coordinates": [[[-82.61518, 27.78842], [-82.6150867, 27.78842], [-82.6150867, 27.7885133], [-82.61518, 27.7885133], [-82.61518, 27.78842]]]}}, {"type": "Feature", "properties": {"height": 9.3, "baseHeight": 0.0}, "geometry": {"type": "Polygon", "coordinates": [[[-82.61518, 27.7887533], [-82.6150867, 27.7887533], [-82.6150867, 27.7888467], [-82.61518, 27.7888467], [-82.61518, 27.7887533]]]}}, {"type": "Feature", "properties": {"height": 8.9, "baseHeight": 0.0}, "geometry": {"type": "Polygon", "coordinates": [[[-82.61518, 27.7890867], [-82.6150867, 27.7890867], [-82.6150867, 27.78918], [-82.61518, 27.78918], [-82.61518, 27.7890867]]]}}, {"type": "Feature", "properties": {"height": 5.7, "baseHeight": 0.0}, "geometry": {"type": "Polygon", "coordinates": [[[-82.6148467, 27.78842], [-82.6147533, 27.78842], [-82.6147533, 27.7885133], [-82.6148467, 27.7885133], [-82.6148467, 27.78842]]]}}, {"type": "Feature", "properties": {"height": 11.9, "baseHeight": 0.0}, "geometry": {"type": "Polygon", "coordinates": [[[-82.6148467, 27.7887533], [-82.6147533, 27.7887533], [-82.6147533, 27.7888467], [-82.6148467, 27.7888467], [-82.6148467, 27.7887533]]]}}, {"type": "Feature", "properties": {"height": 8.7, "baseHeight": 0.0}, "geometry": {"type": "Polygon", "coordinates": [[[-82.6148467, 27.7890867], [-82.6147533, 27.7890867], [-82.6147533, 27.78918], [-82.6148467, 27.78918], [-82.6148467, 27.7890867]]]}}, {"type": "Feature", "properties": {"height": 7.2, "baseHeight": 0.0}, "geometry": {"type": "Polygon", "coordinates": [[[-82.6145133, 27.78842], [-82.61442, 27.78842], [-82.61442, 27.7885133], [-82.6145133, 27.7885133], [-82.6145133, 27.78842]]]}}, {"type": "Feature", "properties": {"height": 12.0, "baseHeight": 0.0}, "geometry": {"type": "Polygon", "coordinates": [[[-82.6145133, 27.7887533], [-82.61442, 27.7887533], [-82.61442, 27.7888467], [-82.6145133, 27.7888467], [-82.6145133, 27.7887533]]]}}, {"type": "Feature", "properties": {"height": 46.3, "baseHeight": 0.0}, "geometry": {"type": "Polygon", "coordinates": [[[-82.6145133, 27.7890867], [-82.61442, 27.7890867], [-82.61442, 27.78918], [-82.6145133, 27.78918], [-82.6145133, 27.7890867]]]}}, {"type": "Feature", "properties": {"height": 11.3, "baseHeight": 0.0}, "geometry": {"type": "Polygon", "coordinates": [[[-82.61358, 27.78842], [-82.61332, 27.78842], [-82.61332, 27.78918], [-82.61358, 27.78918], [-82.61358, 27.78842]]]}}, {"type": "Feature", "properties": {"height": 10.3, "baseHeight": 0.0}, "geometry": {"type": "Polygon", "coordinates": [[[-82.61308, 27.78842], [-82.61282, 27.78842], [-82.61282, 27.78918], [-82.61308, 27.78918], [-82.61308, 27.78842]]]}}, {"type": "Feature", "properties": {"height": 8.0, "baseHeight": 0.0}, "geometry": {"type": "Polygon", "coordinates": [[[-82.61198, 27.78842], [-82.61172, 27.78842], [-82.61172, 27.7885133], [-82.61198, 27.7885133], [-82.61198, 27.78842]]]}}, {"type": "Feature", "properties": {"height": 5.7, "baseHeight": 0.0}, "geometry": {"type": "Polygon", "coordinates": [[[-82.61198, 27.7887533], [-82.61172, 27.7887533], [-82.61172, 27.7888467], [-82.61198, 27.7888467], [-82.61198, 27.7887533]]]}}, {"type": "Feature", "properties": {"height": 26.7, "baseHeight": 0.0}, "geometry": {"type": "Polygon", "coordinates": [[[-82.61148, 27.78842], [-82.61122, 27.78842], [-82.61122, 27.7885133], [-82.61148, 27.7885133], [-82.61148, 27.78842]]]}}, {"type": "Feature", "properties": {"height": 7.6, "baseHeight": 0.0}, "geometry": {"type": "Polygon", "coordinates": [[[-82.61148, 27.7887533], [-82.61122, 27.7887533], [-82.61122, 27.7888467], [-82.61148, 27.7888467], [-82.61148, 27.7887533]]]}}, {"type": "Feature", "properties": {"height": 9.5, "baseHeight": 0.0}, "geometry": {"type": "Polygon", "coordinates": [[[-82.66958, 27.79002], [-82.66932, 27.79002], [-82.66932, 27.7901133], [-82.66958, 27.7901133], [-82.66958, 27.79002]]]}}, {"type": "Feature", "properties": {"height": 10.8, "baseHeight": 0.0}, "geometry": {"type": "Polygon", "coordinates": [[[-82.66958, 27.7903533], [-82.66932, 27.7903533], [-82.66932, 27.7904467], [-82.66958, 27.7904467], [-82.66958, 27.7903533]]]}}, {"type": "Feature", "properties": {"height": 5.9, "baseHeight": 0.0}, "geometry": {"type": "Polygon", "coordinates": [[[-82.66908, 27.79002], [-82.66882, 27.79002], [-82.66882, 27.7901133], [-82.66908, 27.7901133], [-82.66908, 27.79002]]]}}, {"type": "Feature", "properties": {"height": 23.2, "baseHeight": 0.0}, "geometry": {"type": "Polygon", "coordinates": [[[-82.66908, 27.7906867], [-82.66882, 27.7906867], [-82.66882, 27.79078], [-82.66908, 27.79078], [-82.66908, 27.7906867]]]}}, {"type": "Feature", "properties": {"height": 9.8, "baseHeight": 0.0}, "geometry": {"type": "Polygon", "coordinates": [[[-82.66798, 27.79052], [-82.66772, 27.79052], [-82.66772, 27.79078], [-82.66798, 27.79078], [-82.66798, 27.79052]]]}}, {"type": "Feature", "properties": {"height": 9.9, "baseHeight": 0.0}, "geometry": {"type": "Polygon", "coordinates": [[[-82.66748, 27.79002], [-82.66722, 27.79002], [-82.66722, 27.79028], [-82.66748, 27.79028], [-82.66748, 27.79002]]]}}, {"type": "Feature", "properties": {"height": 6.8, "baseHeight": 0.0}, "geometry": {"type": "Polygon", "coordinates": [[[-82.66748, 27.79052], [-82.66722, 27.79052], [-82.66722, 27.79078], [-82.66748, 27.79078], [-82.66748, 27.79052]]]}}, {"type": "Feature", "properties": {"height": 5.5, "baseHeight": 0.0}, "geometry": {"type": "Polygon", "coordinates": [[[-82.66638, 27.79002], [-82.66612, 27.79002], [-82.66612, 27.79078], [-82.66638, 27.79078], [-82.66638, 27.79002]]]}}, {"type": "Feature", "properties": {"height": 9.5, "baseHeight": 0.0}, "geometry": {"type": "Polygon", "coordinates": [[[-82.66158, 27.79002], [-82.66082, 27.79002], [-82.66082, 27.79078], [-82.66158, 27.79078], [-82.66158, 27.79002]]]}}, {"type": "Feature", "properties": {"height": 10.7, "baseHeight": 0.0}, "geometry": {"type": "Polygon", "coordinates": [[[-82.65998, 27.79002], [-82.6598867, 27.79002], [-82.6598867, 27.79028], [-82.65998, 27.79028], [-82.65998, 27.79002]]]}}, {"type": "Feature", "properties": {"height": 6.6, "baseHeight": 0.0}, "geometry": {"type": "Polygon", "coordinates": [[[-82.65998, 27.79052], [-82.6598867, 27.79052], [-82.6598867, 27.79078], [-82.65998, 27.79078], [-82.65998, 27.79052]]]}}, {"type": "Feature", "properties": {"height": 10.2, "baseHeight": 0.0}, "geometry": {"type": "Polygon", "coordinates": [[[-82.6596467, 27.79002], [-82.6595533, 27.79002], [-82.6595533, 27.79028], [-82.6596467, 27.79028], [-82.6596467, 27.79002]]]}}, {"type": "Feature", "properties": {"height": 11.9, "baseHeight": 0.0}, "geometry": {"type": "Polygon", "coordinates": [[[-82.6593133, 27.79002], [-82.65922, 27.79002], [-82.65922, 27.79028], [-82.6593133, 27.79028], [-82.6593133, 27.79002]]]}}, {"type": "Feature", "properties": {"height": 9.4, "baseHeight": 0.0}, "geometry": {"type": "Polygon", "coordinates": [[[-82.65838, 27.79052], [-82.65762, 27.79052], [-82.65762, 27.79078], [-82.65838, 27.79078], [-82.65838, 27.79052]]]}}, {"type": "Feature", "properties": {"height": 8.5, "baseHeight": 0.0}, "geometry": {"type": "Polygon", "coordinates": [[[-82.65678, 27.79002], [-82.65602, 27.79002], [-82.65602, 27.7901133], [-82.65678, 27.7901133], [-82.65678, 27.79002]]]}}, {"type": "Feature", "properties": {"height": 5.4, "baseHeight": 0.0}, "geometry": {"type": "Polygon", "coordinates": [[[-82.65678, 27.7903533], [-82.65602, 27.7903533], [-82.65602, 27.7904467], [-82.65678, 27.7904467], [-82.65678, 27.7903533]]]}}, {"type": "Feature", "properties": {"height": 7.7, "baseHeight": 0.0}, "geometry": {"type": "Polygon", "coordinates": [[[-82.65678, 27.7906867], [-82.65602, 27.7906867], [-82.65602, 27.79078], [-82.65678, 27.79078], [-82.65678, 27.7906867]]]}}, {"type": "Feature", "properties": {"height": 6.4, "baseHeight": 0.0}, "geometry": {"type": "Polygon", "coordinates": [[[-82.65198, 27.79002], [-82.65122, 27.79002], [-82.65122, 27.79078], [-82.65198, 27.79078], [-82.65198, 27.79002]]]}}, {"type": "Feature", "properties": {"height": 9.3, "baseHeight": 0.0}, "geometry": {"type": "Polygon", "coordinates": [[[-82.65038, 27.79002], [-82.64962, 27.79002], [-82.64962, 27.79028], [-82.65038, 27.79028], [-82.65038, 27.79002]]]}}, {"type": "Feature", "properties": {"height": 8.9, "baseHeight": 0.0}, "geometry": {"type": "Polygon", "coordinates": [[[-82.65038, 27.79052], [-82.64962, 27.79052], [-82.64962, 27.79078], [-82.65038, 27.79078], [-82.65038, 27.79052]]]}}, {"type": "Feature", "properties": {"height": 8.0, "baseHeight": 0.0}, "geometry": {"type": "Polygon", "coordinates": [[[-82.64718, 27.79002], [-82.64692, 27.79002], [-82.64692, 27.79028], [-82.64718, 27.79028], [-82.64718, 27.79002]]]}}, {"type": "Feature", "properties": {"height": 6.1, "baseHeight": 0.0}, "geometry": {"type": "Polygon", "coordinates": [[[-82.64718, 27.79052], [-82.64692, 27.79052], [-82.64692, 27.79078], [-82.64718, 27.79078], [-82.64718, 27.79052]]]}}, {"type": "Feature", "properties": {"height": 41.7, "baseHeight": 0.0}, "geometry": {"type": "Polygon", "coordinates": [[[-82.64668, 27.79002], [-82.64642, 27.79002], [-82.64642, 27.79028], [-82.64668, 27.79028], [-82.64668, 27.79002]]]}}, {"type": "Feature", "properties": {"height": 10.5, "baseHeight": 0.0}, "geometry": {"type": "Polygon", "coordinates": [[[-82.64238, 27.79002], [-82.64162, 27.79002], [-82.64162, 27.79078], [-82.64238, 27.79078], [-82.64238, 27.79002]]]}}, {"type": "Feature", "properties": {"height": 8.0, "baseHeight": 0.0}, "geometry": {"type": "Polygon", "coordinates": [[[-82.63918, 27.79002], [-82.63842, 27.79002], [-82.63842, 27.7901133], [-82.63918, 27.7901133], [-82.63918, 27.79002]]]}}, {"type": "Feature", "properties": {"height": 6.8, "baseHeight": 0.0}, "geometry": {"type": "Polygon", "coordinates": [[[-82.63918, 27.7903533], [-82.63842, 27.7903533], [-82.63842, 27.7904467], [-82.63918, 27.7904467], [-82.63918, 27.7903533]]]}}, {"type": "Feature", "properties": {"height": 7.3, "baseHeight": 0.0}, "geometry": {"type": "Polygon", "coordinates": [[[-82.63918, 27.7906867], [-82.63842, 27.7906867], [-82.63842, 27.79078], [-82.63918, 27.79078], [-82.63918, 27.7906867]]]}}, {"type": "Feature", "properties": {"height": 11.8, "baseHeight": 0.0}, "geometry": {"type": "Polygon", "coordinates": [[[-82.63758, 27.79002], [-82.6374867, 27.79002], [-82.6374867, 27.7901133], [-82.63758, 27.7901133], [-82.63758, 27.79002]]]}}, {"type": "Feature", "properties": {"height": 11.3, "baseHeight": 0.0}, "geometry": {"type": "Polygon", "coordinates": [[[-82.63758, 27.7906867], [-82.6374867, 27.7906867], [-82.6374867, 27.79078], [-82.63758, 27.79078], [-82.63758, 27.7906867]]]}}, {"type": "Feature", "properties": {"height": 5.3, "baseHeight": 0.0}, "geometry": {"type": "Polygon", "coordinates": [[[-82.6372467, 27.79002], [-82.6371533, 27.79002], [-82.6371533, 27.7901133], [-82.6372467, 27.7901133], [-82.6372467, 27.79002]]]}}, {"type": "Feature", "properties": {"height": 7.1, "baseHeight": 0.0}, "geometry": {"type": "Polygon", "coordinates": [[[-82.6372467, 27.7906867], [-82.6371533, 27.7906867], [-82.6371533, 27.79078], [-82.6372467, 27.79078], [-82.6372467, 27.7906867]]]}}, {"type": "Feature", "properties": {"height": 8.6, "baseHeight": 0.0}, "geometry": {"type": "Polygon", "coordinates": [[[-82.6369133, 27.7903533], [-82.63682, 27.7903533], [-82.63682, 27.7904467], [-82.6369133, 27.7904467], [-82.6369133, 27.7903533]]]}}, {"type": "Feature", "properties": {"height": 6.1, "baseHeight": 0.0}, "geometry": {"type": "Polygon", "coordinates": [[[-82.6369133, 27.7906867], [-82.63682, 27.7906867], [-82.63682, 27.79078], [-82.6369133, 27.79078], [-82.6369133, 27.7906867]]]}}, {"type": "Feature", "properties": {"height": 10.3, "baseHeight": 0.0}, "geometry": {"type": "Polygon", "coordinates": [[[-82.63598, 27.79002], [-82.63572, 27.79002], [-82.63572, 27.79078], [-82.63598, 27.79078], [-82.63598, 27.79002]]]}}, {"type": "Feature", "properties": {"height": 5.1, "baseHeight": 0.0}, "geometry": {"type": "Polygon", "coordinates": [[[-82.63278, 27.79002], [-82.63252, 27.79002], [-82.63252, 27.79078], [-82.63278, 27.79078], [-82.63278, 27.79002]]]}}, {"type": "Feature", "properties": {"height": 11.1, "baseHeight": 0.0}, "geometry": {"type": "Polygon", "coordinates": [[[-82.63228, 27.79002], [-82.63202, 27.79002], [-82.63202, 27.79078], [-82.63228, 27.79078], [-82.63228, 27.79002]]]}}, {"type": "Feature", "properties": {"height": 8.0, "baseHeight": 0.0}, "geometry": {"type": "Polygon", "coordinates": [[[-82.62958, 27.79002], [-82.62932, 27.79002], [-82.62932, 27.79028], [-82.62958, 27.79028], [-82.62958, 27.79002]]]}}, {"type": "Feature", "properties": {"height": 9.6, "baseHeight": 0.0}, "geometry": {"type": "Polygon", "coordinates": [[[-82.62958, 27.79052], [-82.62932, 27.79052], [-82.62932, 27.79078], [-82.62958, 27.79078], [-82.62958, 27.79052]]]}}, {"type": "Feature", "properties": {"height": 7.8, "baseHeight": 0.0}, "geometry": {"type": "Polygon", "coordinates": [[[-82.62908, 27.79052], [-82.62882, 27.79052], [-82.62882, 27.79078], [-82.62908, 27.79078], [-82.62908, 27.79052]]]}}, {"type": "Feature", "properties": {"height": 11.5, "baseHeight": 0.0}, "geometry": {"type": "Polygon", "coordinates": [[[-82.62638, 27.79002], [-82.62562, 27.79002], [-82.62562, 27.79028], [-82.62638, 27.79028], [-82.62638, 27.79002]]]}}, {"type": "Feature", "properties": {"height": 10.9, "baseHeight": 0.0}, "geometry": {"type": "Polygon", "coordinates": [[[-82.62478, 27.79002], [-82.62452, 27.79002], [-82.62452, 27.79028], [-82.62478, 27.79028], [-82.62478, 27.79002]]]}}, {"type": "Feature", "properties": {"height": 10.5, "baseHeight": 0.0}, "geometry": {"type": "Polygon", "coordinates": [[[-82.62478, 27.79052], [-82.62452, 27.79052], [-82.62452, 27.79078], [-82.62478, 27.79078], [-82.62478, 27.79052]]]}}, {"type": "Feature", "properties": {"height": 8.5, "baseHeight": 0.0}, "geometry": {"type": "Polygon", "coordinates": [[[-82.62428, 27.79002], [-82.62402, 27.79002], [-82.62402, 27.79028], [-82.62428, 27.79028], [-82.62428, 27.79002]]]}}, {"type": "Feature", "properties": {"height": 9.3, "baseHeight": 0.0}, "geometry": {"type": "Polygon", "coordinates": [[[-82.62428, 27.79052], [-82.62402, 27.79052], [-82.62402, 27.79078], [-82.62428, 27.79078], [-82.62428, 27.79052]]]}}, {"type": "Feature", "properties": {"height": 8.9, "baseHeight": 0.0}, "geometry": {"type": "Polygon", "coordinates": [[[-82.62158, 27.79002], [-82.62082, 27.79002], [-82.62082, 27.79078], [-82.62158, 27.79078], [-82.62158, 27.79002]]]}}, {"type": "Feature", "properties": {"height": 8.4, "baseHeight": 0.0}, "geometry": {"type": "Polygon", "coordinates": [[[-82.61998, 27.79002], [-82.61922, 27.79002], [-82.61922, 27.7901133], [-82.61998, 27.7901133], [-82.61998, 27.79002]]]}}, {"type": "Feature", "properties": {"height": 41.2, "baseHeight": 0.0}, "geometry": {"type": "Polygon", "coordinates": [[[-82.61998, 27.7903533], [-82.61922, 27.7903533], [-82.61922, 27.7904467], [-82.61998, 27.7904467], [-82.61998, 27.7903533]]]}}, {"type": "Feature", "properties": {"height": 7.3, "baseHeight": 0.0}, "geometry": {"type": "Polygon", "coordinates": [[[-82.61998, 27.7906867], [-82.61922, 27.7906867], [-82.61922, 27.79078], [-82.61998, 27.79078], [-82.61998, 27.7906867]]]}}, {"type": "Feature", "properties": {"height": 10.7, "baseHeight": 0.0}, "geometry": {"type": "Polygon", "coordinates": [[[-82.61838, 27.79002], [-82.61812, 27.79002], [-82.61812, 27.7901133], [-82.61838, 27.7901133], [-82.61838, 27.79002]]]}}, {"type": "Feature", "properties": {"height": 11.6, "baseHeight": 0.0}, "geometry": {"type": "Polygon", "coordinates": [[[-82.61838, 27.7903533], [-82.61812, 27.7903533], [-82.61812, 27.7904467], [-82.61838, 27.7904467], [-82.61838, 27.7903533]]]}}, {"type": "Feature", "properties": {"height": 9.9, "baseHeight": 0.0}, "geometry": {"type": "Polygon", "coordinates": [[[-82.61838, 27.7906867], [-82.61812, 27.7906867], [-82.61812, 27.79078], [-82.61838, 27.79078], [-82.61838, 27.7906867]]]}}, {"type": "Feature", "properties": {"height": 9.3, "baseHeight": 0.0}, "geometry": {"type": "Polygon", "coordinates": [[[-82.61788, 27.79002], [-82.61762, 27.79002], [-82.61762, 27.7901133], [-82.61788, 27.7901133], [-82.61788, 27.79002]]]}}, {"type": "Feature", "properties": {"height": 11.5, "baseHeight": 0.0}, "geometry": {"type": "Polygon", "coordinates": [[[-82.61788, 27.7903533], [-82.61762, 27.7903533], [-82.61762, 27.7904467], [-82.61788, 27.7904467], [-82.61788, 27.7903533]]]}}, {"type": "Feature", "properties": {"height": 8.7, "baseHeight": 0.0}, "geometry": {"type": "Polygon", "coordinates": [[[-82.61788, 27.7906867], [-82.61762, 27.7906867], [-82.61762, 27.79078], [-82.61788, 27.79078], [-82.61788, 27.7906867]]]}}, {"type": "Feature", "properties": {"height": 7.2, "baseHeight": 0.0}, "geometry": {"type": "Polygon", "coordinates": [[[-82.61358, 27.79002], [-82.61332, 27.79002], [-82.61332, 27.79078], [-82.61358, 27.79078], [-82.61358, 27.79002]]]}}, {"type": "Feature", "properties": {"height": 5.4, "baseHeight": 0.0}, "geometry": {"type": "Polygon", "coordinates": [[[-82.61308, 27.79002], [-82.61282, 27.79002], [-82.61282, 27.79078], [-82.61308, 27.79078], [-82.61308, 27.79002]]]}}, {"type": "Feature", "properties": {"height": 11.7, "baseHeight": 0.0}, "geometry": {"type": "Polygon", "coordinates": [[[-82.61198, 27.79002], [-82.61122, 27.79002], [-82.61122, 27.79028], [-82.61198, 27.79028], [-82.61198, 27.79002]]]}}, {"type": "Feature", "properties": {"height": 8.0, "baseHeight": 0.0}, "geometry": {"type": "Polygon", "coordinates": [[[-82.61198, 27.79052], [-82.61122, 27.79052], [-82.61122, 27.79078], [-82.61198, 27.79078], [-82.61198, 27.79052]]]}}, {"type": "Feature", "properties": {"height": 8.2, "baseHeight": 0.0}, "geometry": {"type": "Polygon", "coordinates": [[[-82.66958, 27.79162], [-82.66882, 27.79162], [-82.66882, 27.79238], [-82.66958, 27.79238], [-82.66958, 27.79162]]]}}, {"type": "Feature", "properties": {"height": 11.0, "baseHeight": 0.0}, "geometry": {"type": "Polygon", "coordinates": [[[-82.66798, 27.79162], [-82.66772, 27.79162], [-82.66772, 27.79188], [-82.66798, 27.79188], [-82.66798, 27.79162]]]}}, {"type": "Feature", "properties": {"height": 8.3, "baseHeight": 0.0}, "geometry": {"type": "Polygon", "coordinates": [[[-82.66798, 27.79212], [-82.66772, 27.79212], [-82.66772, 27.79238], [-82.66798, 27.79238], [-82.66798, 27.79212]]]}}, {"type": "Feature", "properties": {"height": 9.6, "baseHeight": 0.0}, "geometry": {"type": "Polygon", "coordinates": [[[-82.66748, 27.79162], [-82.66722, 27.79162], [-82.66722, 27.79188], [-82.66748, 27.79188], [-82.66748, 27.79162]]]}}, {"type": "Feature", "properties": {"height": 9.6, "baseHeight": 0.0}, "geometry": {"type": "Polygon", "coordinates": [[[-82.66748, 27.79212], [-82.66722, 27.79212], [-82.66722, 27.79238], [-82.66748, 27.79238], [-82.66748, 27.79212]]]}}, {"type": "Feature", "properties": {"height": 9.9, "baseHeight": 0.0}, "geometry": {"type": "Polygon", "coordinates": [[[-82.66478, 27.79162], [-82.66402, 27.79162], [-82.66402, 27.79238], [-82.66478, 27.79238], [-82.66478, 27.79162]]]}}, {"type": "Feature", "properties": {"height": 9.8, "baseHeight": 0.0}, "geometry": {"type": "Polygon", "coordinates": [[[-82.66318, 27.79162], [-82.66242, 27.79162], [-82.66242, 27.79238], [-82.66318, 27.79238], [-82.66318, 27.79162]]]}}, {"type": "Feature", "properties": {"height": 7.1, "baseHeight": 0.0}, "geometry": {"type": "Polygon", "coordinates": [[[-82.66158, 27.79162], [-82.66082, 27.79162], [-82.66082, 27.79188], [-82.66158, 27.79188], [-82.66158, 27.79162]]]}}, {"type": "Feature", "properties": {"height": 9.8, "baseHeight": 0.0}, "geometry": {"type": "Polygon", "coordinates": [[[-82.66158, 27.79212], [-82.66082, 27.79212], [-82.66082, 27.79238], [-82.66158, 27.79238], [-82.66158, 27.79212]]]}}, {"type": "Feature", "properties": {"height": 6.0, "baseHeight": 0.0}, "geometry": {"type": "Polygon", "coordinates": [[[-82.65998, 27.79162], [-82.6598867, 27.79162], [-82.6598867, 27.79188], [-82.65998, 27.79188], [-82.65998, 27.79162]]]}}, {"type": "Feature", "properties": {"height": 7.4, "baseHeight": 0.0}, "geometry": {"type": "Polygon", "coordinates": [[[-82.65998, 27.79212], [-82.6598867, 27.79212], [-82.6598867, 27.79238], [-82.65998, 27.79238], [-82.65998, 27.79212]]]}}, {"type": "Feature", "properties": {"height": 11.1, "baseHeight": 0.0}, "geometry": {"type": "Polygon", "coordinates": [[[-82.6596467, 27.79212], [-82.6595533, 27.79212], [-82.6595533, 27.79238], [-82.6596467, 27.79238], [-82.6596467, 27.79212]]]}}, {"type": "Feature", "properties": {"height": 6.7, "baseHeight": 0.0}, "geometry": {"type": "Polygon", "coordinates": [[[-82.6593133, 27.79162], [-82.65922, 27.79162], [-82.65922, 27.79188], [-82.6593133, 27.79188], [-82.6593133, 27.79162]]]}}, {"type": "Feature", "properties": {"height": 6.5, "baseHeight": 0.0}, "geometry": {"type": "Polygon", "coordinates": [[[-82.65838, 27.79162], [-82.65812, 27.79162], [-82.65812, 27.79188], [-82.65838, 27.79188], [-82.65838, 27.79162]]]}}, {"type": "Feature", "properties": {"height": 11.8, "baseHeight": 0.0}, "geometry": {"type": "Polygon", "coordinates": [[[-82.65838, 27.79212], [-82.65812, 27.79212], [-82.65812, 27.79238], [-82.65838, 27.79238], [-82.65838, 27.79212]]]}}, {"type": "Feature", "properties": {"height": 10.8, "baseHeight": 0.0}, "geometry": {"type": "Polygon", "coordinates": [[[-82.65788, 27.79162], [-82.65762, 27.79162], [-82.65762, 27.79188], [-82.65788, 27.79188], [-82.65788, 27.79162]]]}}, {"type": "Feature", "properties": {"height": 5.5, "baseHeight": 0.0}, "geometry": {"type": "Polygon", "coordinates": [[[-82.65788, 27.79212], [-82.65762, 27.79212], [-82.65762, 27.79238], [-82.65788, 27.79238], [-82.65788, 27.79212]]]}}, {"type": "Feature", "properties": {"height": 11.6, "baseHeight": 0.0}, "geometry": {"type": "Polygon", "coordinates": [[[-82.65678, 27.79162], [-82.65652, 27.79162], [-82.65652, 27.79238], [-82.65678, 27.79238], [-82.65678, 27.79162]]]}}, {"type": "Feature", "properties": {"height": 10.5, "baseHeight": 0.0}, "geometry": {"type": "Polygon", "coordinates": [[[-82.65628, 27.79162], [-82.65602, 27.79162], [-82.65602, 27.79238], [-82.65628, 27.79238], [-82.65628, 27.79162]]]}}, {"type": "Feature", "properties": {"height": 9.1, "baseHeight": 0.0}, "geometry": {"type": "Polygon", "coordinates": [[[-82.65518, 27.79162], [-82.6550867, 27.79162], [-82.6550867, 27.7917133], [-82.65518, 27.7917133], [-82.65518, 27.79162]]]}}, {"type": "Feature", "properties": {"height": 7.5, "baseHeight": 0.0}, "geometry": {"type": "Polygon", "coordinates": [[[-82.65518, 27.7919533], [-82.6550867, 27.7919533], [-82.6550867, 27.7920467], [-82.65518, 27.7920467], [-82.65518, 27.7919533]]]}}, {"type": "Feature", "properties": {"height": 8.3, "baseHeight": 0.0}, "geometry": {"type": "Polygon", "coordinates": [[[-82.65518, 27.7922867], [-82.6550867, 27.7922867], [-82.6550867, 27.79238], [-82.65518, 27.79238], [-82.65518, 27.7922867]]]}}, {"type": "Feature", "properties": {"height": 10.3, "baseHeight": 0.0}, "geometry": {"type": "Polygon", "coordinates": [[[-82.6548467, 27.7922867], [-82.6547533, 27.7922867], [-82.6547533, 27.79238], [-82.6548467, 27.79238], [-82.6548467, 27.7922867]]]}}, {"type": "Feature", "properties": {"height": 7.3, "baseHeight": 0.0}, "geometry": {"type": "Polygon", "coordinates": [[[-82.6545133, 27.79162], [-82.65442, 27.79162], [-82.65442, 27.7917133], [-82.6545133, 27.7917133], [-82.6545133, 27.79162]]]}}, {"type": "Feature", "properties": {"height": 7.9, "baseHeight": 0.0}, "geometry": {"type": "Polygon", "coordinates": [[[-82.6545133, 27.7919533], [-82.65442, 27.7919533], [-82.65442, 27.7920467], [-82.6545133, 27.7920467], [-82.6545133, 27.7919533]]]}}, {"type": "Feature", "properties": {"height": 10.5, "baseHeight": 0.0}, "geometry": {"type": "Polygon", "coordinates": [[[-82.65358, 27.79162], [-82.65282, 27.79162], [-82.65282, 27.79238], [-82.65358, 27.79238], [-82.65358, 27.79162]]]}}, {"type": "Feature", "properties": {"height": 10.7, "baseHeight": 0.0}, "geometry": {"type": "Polygon", "coordinates": [[[-82.65038, 27.79162], [-82.64962, 27.79162], [-82.64962, 27.79238], [-82.65038, 27.79238], [-82.65038, 27.79162]]]}}, {"type": "Feature", "properties": {"height": 8.0, "baseHeight": 0.0}, "geometry": {"type": "Polygon", "coordinates": [[[-82.64878, 27.79162], [-82.6486867, 27.79162], [-82.6486867, 27.79238], [-82.64878, 27.79238], [-82.64878, 27.79162]]]}}, {"type": "Feature", "properties": {"height": 11.6, "baseHeight": 0.0}, "geometry": {"type": "Polygon", "coordinates": [[[-82.6484467, 27.79162], [-82.6483533, 27.79162], [-82.6483533, 27.79238], [-82.6484467, 27.79238], [-82.6484467, 27.79162]]]}}, {"type": "Feature", "properties": {"height": 6.1, "baseHeight": 0.0}, "geometry": {"type": "Polygon", "coordinates": [[[-82.6481133, 27.79162], [-82.64802, 27.79162], [-82.64802, 27.79238], [-82.6481133, 27.79238], [-82.6481133, 27.79162]]]}}, {"type": "Feature", "properties": {"height": 44.5, "baseHeight": 0.0}, "geometry": {"type": "Polygon", "coordinates": [[[-82.64718, 27.79162], [-82.6470867, 27.79162], [-82.6470867, 27.7917133], [-82.64718, 27.7917133], [-82.64718, 27.79162]]]}}, {"type": "Feature", "properties": {"height": 9.2, "baseHeight": 0.0}, "geometry": {"type": "Polygon", "coordinates": [[[-82.64718, 27.7919533], [-82.6470867, 27.7919533], [-82.6470867, 27.7920467], [-82.64718, 27.7920467], [-82.64718, 27.7919533]]]}}, {"type": "Feature", "properties": {"height": 9.4, "baseHeight": 0.0}, "geometry": {"type": "Polygon", "coordinates": [[[-82.64718, 27.7922867], [-82.6470867, 27.7922867], [-82.6470867, 27.79238], [-82.64718, 27.79238], [-82.64718, 27.7922867]]]}}, {"type": "Feature", "properties": {"height": 9.8, "baseHeight": 0.0}, "geometry": {"type": "Polygon", "coordinates": [[[-82.6468467, 27.79162], [-82.6467533, 27.79162], [-82.6467533, 27.7917133], [-82.6468467, 27.7917133], [-82.6468467, 27.79162]]]}}, {"type": "Feature", "properties": {"height": 11.7, "baseHeight": 0.0}, "geometry": {"type": "Polygon", "coordinates": [[[-82.6468467, 27.7919533], [-82.6467533, 27.7919533], [-82.6467533, 27.7920467], [-82.6468467, 27.7920467], [-82.6468467, 27.7919533]]]}}, {"type": "Feature", "properties": {"height": 11.2, "baseHeight": 0.0}, "geometry": {"type": "Polygon", "coordinates": [[[-82.6465133, 27.79162], [-82.64642, 27.79162], [-82.64642, 27.7917133], [-82.6465133, 27.7917133], [-82.6465133, 27.79162]]]}}, {"type": "Feature", "properties": {"height": 12.0, "baseHeight": 0.0}, "geometry": {"type": "Polygon", "coordinates": [[[-82.6465133, 27.7919533], [-82.64642, 27.7919533], [-82.64642, 27.7920467], [-82.6465133, 27.7920467], [-82.6465133, 27.7919533]]]}}, {"type": "Feature", "properties": {"height": 7.0, "baseHeight": 0.0}, "geometry": {"type": "Polygon", "coordinates": [[[-82.6465133, 27.7922867], [-82.64642, 27.7922867], [-82.64642, 27.79238], [-82.6465133, 27.79238], [-82.6465133, 27.7922867]]]}}, {"type": "Feature", "properties": {"height": 5.9, "baseHeight": 0.0}, "geometry": {"type": "Polygon", "coordinates": [[[-82.64558, 27.79162], [-82.64482, 27.79162], [-82.64482, 27.79238], [-82.64558, 27.79238], [-82.64558, 27.79162]]]}}, {"type": "Feature", "properties": {"height": 9.5, "baseHeight": 0.0}, "geometry": {"type": "Polygon", "coordinates": [[[-82.64398, 27.79162], [-82.64372, 27.79162], [-82.64372, 27.79188], [-82.64398, 27.79188], [-82.64398, 27.79162]]]}}, {"type": "Feature", "properties": {"height": 7.4, "baseHeight": 0.0}, "geometry": {"type": "Polygon", "coordinates": [[[-82.64398, 27.79212], [-82.64372, 27.79212], [-82.64372, 27.79238], [-82.64398, 27.79238], [-82.64398, 27.79212]]]}}, {"type": "Feature", "properties": {"height": 12.0, "baseHeight": 0.0}, "geometry": {"type": "Polygon", "coordinates": [[[-82.64348, 27.79162], [-82.64322, 27.79162], [-82.64322, 27.79188], [-82.64348, 27.79188], [-82.64348, 27.79162]]]}}, {"type": "Feature", "properties": {"height": 6.5, "baseHeight": 0.0}, "geometry": {"type": "Polygon", "coordinates": [[[-82.64348, 27.79212], [-82.64322, 27.79212], [-82.64322, 27.79238], [-82.64348, 27.79238], [-82.64348, 27.79212]]]}}, {"type": "Feature", "properties": {"height": 6.0, "baseHeight": 0.0}, "geometry": {"type": "Polygon", "coordinates": [[[-82.64078, 27.79162], [-82.64052, 27.79162], [-82.64052, 27.79238], [-82.64078, 27.79238], [-82.64078, 27.79162]]]}}, {"type": "Feature", "properties": {"height": 5.9, "baseHeight": 0.0}, "geometry": {"type": "Polygon", "coordinates": [[[-82.64028, 27.79162], [-82.64002, 27.79162], [-82.64002, 27.79238], [-82.64028, 27.79238], [-82.64028, 27.79162]]]}}, {"type": "Feature", "properties": {"height": 5.2, "baseHeight": 0.0}, "geometry": {"type": "Polygon", "coordinates": [[[-82.63918, 27.79162], [-82.6390867, 27.79162], [-82.6390867, 27.7917133], [-82.63918, 27.7917133], [-82.63918, 27.79162]]]}}, {"type": "Feature", "properties": {"height": 5.3, "baseHeight": 0.0}, "geometry": {"type": "Polygon", "coordinates": [[[-82.63918, 27.7919533], [-82.6390867, 27.7919533], [-82.6390867, 27.7920467], [-82.63918, 27.7920467], [-82.63918, 27.7919533]]]}}, {"type": "Feature", "properties": {"height": 5.9, "baseHeight": 0.0}, "geometry": {"type": "Polygon", "coordinates": [[[-82.63918, 27.7922867], [-82.6390867, 27.7922867], [-82.6390867, 27.79238], [-82.63918, 27.79238], [-82.63918, 27.7922867]]]}}, {"type": "Feature", "properties": {"height": 9.7, "baseHeight": 0.0}, "geometry": {"type": "Polygon", "coordinates": [[[-82.6388467, 27.79162], [-82.6387533, 27.79162], [-82.6387533, 27.7917133], [-82.6388467, 27.7917133], [-82.6388467, 27.79162]]]}}, {"type": "Feature", "properties": {"height": 10.6, "baseHeight": 0.0}, "geometry": {"type": "Polygon", "coordinates": [[[-82.6388467, 27.7919533], [-82.6387533, 27.7919533], [-82.6387533, 27.7920467], [-82.6388467, 27.7920467], [-82.6388467, 27.7919533]]]}}, {"type": "Feature", "properties": {"height": 20.8, "baseHeight": 0.0}, "geometry": {"type": "Polygon", "coordinates": [[[-82.6388467, 27.7922867], [-82.6387533, 27.7922867], [-82.6387533, 27.79238], [-82.6388467, 27.79238], [-82.6388467, 27.7922867]]]}}, {"type": "Feature", "properties": {"height": 11.0, "baseHeight": 0.0}, "geometry": {"type": "Polygon", "coordinates": [[[-82.6385133, 27.79162], [-82.63842, 27.79162], [-82.63842, 27.7917133], [-82.6385133, 27.7917133], [-82.6385133, 27.79162]]]}}, {"type": "Feature", "properties": {"height": 10.2, "baseHeight": 0.0}, "geometry": {"type": "Polygon", "coordinates": [[[-82.6385133, 27.7922867], [-82.63842, 27.7922867], [-82.63842, 27.79238], [-82.6385133, 27.79238], [-82.6385133, 27.7922867]]]}}, {"type": "Feature", "properties": {"height": 33.1, "baseHeight": 0.0}, "geometry": {"type": "Polygon", "coordinates": [[[-82.63758, 27.79162], [-82.63732, 27.79162], [-82.63732, 27.79238], [-82.63758, 27.79238], [-82.63758, 27.79162]]]}}, {"type": "Feature", "properties": {"height": 11.1, "baseHeight": 0.0}, "geometry": {"type": "Polygon", "coordinates": [[[-82.63708, 27.79162], [-82.63682, 27.79162], [-82.63682, 27.79238], [-82.63708, 27.79238], [-82.63708, 27.79162]]]}}, {"type": "Feature", "properties": {"height": 11.4, "baseHeight": 0.0}, "geometry": {"type": "Polygon", "coordinates": [[[-82.63438, 27.79162], [-82.63412, 27.79162], [-82.63412, 27.79188], [-82.63438, 27.79188], [-82.63438, 27.79162]]]}}, {"type": "Feature", "properties": {"height": 9.2, "baseHeight": 0.0}, "geometry": {"type": "Polygon", "coordinates": [[[-82.63438, 27.79212], [-82.63412, 27.79212], [-82.63412, 27.79238], [-82.63438, 27.79238], [-82.63438, 27.79212]]]}}, {"type": "Feature", "properties": {"height": 10.2, "baseHeight": 0.0}, "geometry": {"type": "Polygon", "coordinates": [[[-82.63388, 27.79162], [-82.63362, 27.79162], [-82.63362, 27.79188], [-82.63388, 27.79188], [-82.63388, 27.79162]]]}}, {"type": "Feature", "properties": {"height": 8.5, "baseHeight": 0.0}, "geometry": {"type": "Polygon", "coordinates": [[[-82.63388, 27.79212], [-82.63362, 27.79212], [-82.63362, 27.79238], [-82.63388, 27.79238], [-82.63388, 27.79212]]]}}, {"type": "Feature", "properties": {"height": 11.1, "baseHeight": 0.0}, "geometry": {"type": "Polygon", "coordinates": [[[-82.63278, 27.79162], [-82.63252, 27.79162], [-82.63252, 27.79238], [-82.63278, 27.79238], [-82.63278, 27.79162]]]}}, {"type": "Feature", "properties": {"height": 22.2, "baseHeight": 0.0}, "geometry": {"type": "Polygon", "coordinates": [[[-82.63228, 27.79162], [-82.63202, 27.79162], [-82.63202, 27.79238], [-82.63228, 27.79238], [-82.63228, 27.79162]]]}}, {"type": "Feature", "properties": {"height": 6.9, "baseHeight": 0.0}, "geometry": {"type": "Polygon", "coordinates": [[[-82.62798, 27.79162], [-82.6278867, 27.79162], [-82.6278867, 27.79238], [-82.62798, 27.79238], [-82.62798, 27.79162]]]}}, {"type": "Feature", "properties": {"height": 9.8, "baseHeight": 0.0}, "geometry": {"type": "Polygon", "coordinates": [[[-82.6276467, 27.79162], [-82.6275533, 27.79162], [-82.6275533, 27.79238], [-82.6276467, 27.79238], [-82.6276467, 27.79162]]]}}, {"type": "Feature", "properties": {"height": 8.5, "baseHeight": 0.0}, "geometry": {"type": "Polygon", "coordinates": [[[-82.6273133, 27.79162], [-82.62722, 27.79162], [-82.62722, 27.79238], [-82.6273133, 27.79238], [-82.6273133, 27.79162]]]}}, {"type": "Feature", "properties": {"height": 8.9, "baseHeight": 0.0}, "geometry": {"type": "Polygon", "coordinates": [[[-82.62318, 27.79162], [-82.62242, 27.79162], [-82.62242, 27.79238], [-82.62318, 27.79238], [-82.62318, 27.79162]]]}}, {"type": "Feature", "properties": {"height": 8.6, "baseHeight": 0.0}, "geometry": {"type": "Polygon", "coordinates": [[[-82.62158, 27.79162], [-82.6214867, 27.79162], [-82.6214867, 27.79238], [-82.62158, 27.79238], [-82.62158, 27.79162]]]}}, {"type": "Feature", "properties": {"height": 6.6, "baseHeight": 0.0}, "geometry": {"type": "Polygon", "coordinates": [[[-82.6212467, 27.79162], [-82.6211533, 27.79162], [-82.6211533, 27.79238], [-82.6212467, 27.79238], [-82.6212467, 27.79162]]]}}, {"type": "Feature", "properties": {"height": 6.2, "baseHeight": 0.0}, "geometry": {"type": "Polygon", "coordinates": [[[-82.61998, 27.79162], [-82.61922, 27.79162], [-82.61922, 27.79188], [-82.61998, 27.79188], [-82.61998, 27.79162]]]}}, {"type": "Feature", "properties": {"height": 9.4, "baseHeight": 0.0}, "geometry": {"type": "Polygon", "coordinates": [[[-82.61998, 27.79212], [-82.61922, 27.79212], [-82.61922, 27.79238], [-82.61998, 27.79238], [-82.61998, 27.79212]]]}}, {"type": "Feature", "properties": {"height": 6.9, "baseHeight": 0.0}, "geometry": {"type": "Polygon", "coordinates": [[[-82.61838, 27.79162], [-82.61812, 27.79162], [-82.61812, 27.79238], [-82.61838, 27.79238], [-82.61838, 27.79162]]]}}, {"type": "Feature", "properties": {"height": 11.0, "baseHeight": 0.0}, "geometry": {"type": "Polygon", "coordinates": [[[-82.61788, 27.79162], [-82.61762, 27.79162], [-82.61762, 27.79238], [-82.61788, 27.79238], [-82.61788, 27.79162]]]}}, {"type": "Feature", "properties": {"height": 6.8, "baseHeight": 0.0}, "geometry": {"type": "Polygon", "coordinates": [[[-82.61678, 27.79162], [-82.61602, 27.79162], [-82.61602, 27.79238], [-82.61678, 27.79238], [-82.61678, 27.79162]]]}}, {"type": "Feature", "properties": {"height": 41.1, "baseHeight": 0.0}, "geometry": {"type": "Polygon", "coordinates": [[[-82.61518, 27.79162], [-82.61492, 27.79162], [-82.61492, 27.79188], [-82.61518, 27.79188], [-82.61518, 27.79162]]]}}, {"type": "Feature", "properties": {"height": 8.6, "baseHeight": 0.0}, "geometry": {"type": "Polygon", "coordinates": [[[-82.61518, 27.79212], [-82.61492, 27.79212], [-82.61492, 27.79238], [-82.61518, 27.79238], [-82.61518, 27.79212]]]}}, {"type": "Feature", "properties": {"height": 8.3, "baseHeight": 0.0}, "geometry": {"type": "Polygon", "coordinates": [[[-82.61468, 27.79162], [-82.61442, 27.79162], [-82.61442, 27.79188], [-82.61468, 27.79188], [-82.61468, 27.79162]]]}}, {"type": "Feature", "properties": {"height": 9.1, "baseHeight": 0.0}, "geometry": {"type": "Polygon", "coordinates": [[[-82.61468, 27.79212], [-82.61442, 27.79212], [-82.61442, 27.79238], [-82.61468, 27.79238], [-82.61468, 27.79212]]]}}, {"type": "Feature", "properties": {"height": 8.0, "baseHeight": 0.0}, "geometry": {"type": "Polygon", "coordinates": [[[-82.61358, 27.79162], [-82.61332, 27.79162], [-82.61332, 27.79188], [-82.61358, 27.79188], [-82.61358, 27.79162]]]}}, {"type": "Feature", "properties": {"height": 8.1, "baseHeight": 0.0}, "geometry": {"type": "Polygon", "coordinates": [[[-82.61358, 27.79212], [-82.61332, 27.79212], [-82.61332, 27.79238], [-82.61358, 27.79238], [-82.61358, 27.79212]]]}}, {"type": "Feature", "properties": {"height": 7.1, "baseHeight": 0.0}, "geometry": {"type": "Polygon", "coordinates": [[[-82.61308, 27.79162], [-82.61282, 27.79162], [-82.61282, 27.79188], [-82.61308, 27.79188], [-82.61308, 27.79162]]]}}, {"type": "Feature", "properties": {"height": 8.8, "baseHeight": 0.0}, "geometry": {"type": "Polygon", "coordinates": [[[-82.61308, 27.79212], [-82.61282, 27.79212], [-82.61282, 27.79238], [-82.61308, 27.79238], [-82.61308, 27.79212]]]}}, {"type": "Feature", "properties": {"height": 6.9, "baseHeight": 0.0}, "geometry": {"type": "Polygon", "coordinates": [[[-82.66958, 27.79322], [-82.66932, 27.79322], [-82.66932, 27.79348], [-82.66958, 27.79348], [-82.66958, 27.79322]]]}}, {"type": "Feature", "properties": {"height": 11.7, "baseHeight": 0.0}, "geometry": {"type": "Polygon", "coordinates": [[[-82.66958, 27.79372], [-82.66932, 27.79372], [-82.66932, 27.79398], [-82.66958, 27.79398], [-82.66958, 27.79372]]]}}, {"type": "Feature", "properties": {"height": 10.8, "baseHeight": 0.0}, "geometry": {"type": "Polygon", "coordinates": [[[-82.66908, 27.79322], [-82.66882, 27.79322], [-82.66882, 27.79348], [-82.66908, 27.79348], [-82.66908, 27.79322]]]}}, {"type": "Feature", "properties": {"height": 7.1, "baseHeight": 0.0}, "geometry": {"type": "Polygon", "coordinates": [[[-82.66908, 27.79372], [-82.66882, 27.79372], [-82.66882, 27.79398], [-82.66908, 27.79398], [-82.66908, 27.79372]]]}}, {"type": "Feature", "properties": {"height": 29.5, "baseHeight": 0.0}, "geometry": {"type": "Polygon", "coordinates": [[[-82.66798, 27.79322], [-82.66722, 27.79322], [-82.66722, 27.79398], [-82.66798, 27.79398], [-82.66798, 27.79322]]]}}, {"type": "Feature", "properties": {"height": 7.2, "baseHeight": 0.0}, "geometry": {"type": "Polygon", "coordinates": [[[-82.66638, 27.79322], [-82.66562, 27.79322], [-82.66562, 27.79398], [-82.66638, 27.79398], [-82.66638, 27.79322]]]}}, {"type": "Feature", "properties": {"height": 8.3, "baseHeight": 0.0}, "geometry": {"type": "Polygon", "coordinates": [[[-82.66478, 27.79322], [-82.66452, 27.79322], [-82.66452, 27.79348], [-82.66478, 27.79348], [-82.66478, 27.79322]]]}}, {"type": "Feature", "properties": {"height": 11.6, "baseHeight": 0.0}, "geometry": {"type": "Polygon", "coordinates": [[[-82.66478, 27.79372], [-82.66452, 27.79372], [-82.66452, 27.79398], [-82.66478, 27.79398], [-82.66478, 27.79372]]]}}, {"type": "Feature", "properties": {"height": 10.1, "baseHeight": 0.0}, "geometry": {"type": "Polygon", "coordinates": [[[-82.66428, 27.79322], [-82.66402, 27.79322], [-82.66402, 27.79348], [-82.66428, 27.79348], [-82.66428, 27.79322]]]}}, {"type": "Feature", "properties": {"height": 5.1, "baseHeight": 0.0}, "geometry": {"type": "Polygon", "coordinates": [[[-82.66318, 27.79372], [-82.66292, 27.79372], [-82.66292, 27.79398], [-82.66318, 27.79398], [-82.66318, 27.79372]]]}}, {"type": "Feature", "properties": {"height": 6.7, "baseHeight": 0.0}, "geometry": {"type": "Polygon", "coordinates": [[[-82.66268, 27.79322], [-82.66242, 27.79322], [-82.66242, 27.79348], [-82.66268, 27.79348], [-82.66268, 27.79322]]]}}, {"type": "Feature", "properties": {"height": 11.7, "baseHeight": 0.0}, "geometry": {"type": "Polygon", "coordinates": [[[-82.66268, 27.79372], [-82.66242, 27.79372], [-82.66242, 27.79398], [-82.66268, 27.79398], [-82.66268, 27.79372]]]}}, {"type": "Feature", "properties": {"height": 7.1, "baseHeight": 0.0}, "geometry": {"type": "Polygon", "coordinates": [[[-82.66108, 27.79322], [-82.66082, 27.79322], [-82.66082, 27.79398], [-82.66108, 27.79398], [-82.66108, 27.79322]]]}}, {"type": "Feature", "properties": {"height": 9.7, "baseHeight": 0.0}, "geometry": {"type": "Polygon", "coordinates": [[[-82.65948, 27.79372], [-82.65922, 27.79372], [-82.65922, 27.79398], [-82.65948, 27.79398], [-82.65948, 27.79372]]]}}, {"type": "Feature", "properties": {"height": 8.2, "baseHeight": 0.0}, "geometry": {"type": "Polygon", "coordinates": [[[-82.65838, 27.79322], [-82.65812, 27.79322], [-82.65812, 27.79348], [-82.65838, 27.79348], [-82.65838, 27.79322]]]}}, {"type": "Feature", "properties": {"height": 11.0, "baseHeight": 0.0}, "geometry": {"type": "Polygon", "coordinates": [[[-82.65838, 27.79372], [-82.65812, 27.79372], [-82.65812, 27.79398], [-82.65838, 27.79398], [-82.65838, 27.79372]]]}}, {"type": "Feature", "properties": {"height": 5.7, "baseHeight": 0.0}, "geometry": {"type": "Polygon", "coordinates": [[[-82.65788, 27.79322], [-82.65762, 27.79322], [-82.65762, 27.79348], [-82.65788, 27.79348], [-82.65788, 27.79322]]]}}, {"type": "Feature", "properties": {"height": 6.0, "baseHeight": 0.0}, "geometry": {"type": "Polygon", "coordinates": [[[-82.65788, 27.79372], [-82.65762, 27.79372], [-82.65762, 27.79398], [-82.65788, 27.79398], [-82.65788, 27.79372]]]}}, {"type": "Feature", "properties": {"height": 8.8, "baseHeight": 0.0}, "geometry": {"type": "Polygon", "coordinates": [[[-82.65518, 27.79322], [-82.6550867, 27.79322], [-82.6550867, 27.7933133], [-82.65518, 27.7933133], [-82.65518, 27.79322]]]}}, {"type": "Feature", "properties": {"height": 6.6, "baseHeight": 0.0}, "geometry": {"type": "Polygon", "coordinates": [[[-82.65518, 27.7935533], [-82.6550867, 27.7935533], [-82.6550867, 27.7936467], [-82.65518, 27.7936467], [-82.65518, 27.7935533]]]}}, {"type": "Feature", "properties": {"height": 11.1, "baseHeight": 0.0}, "geometry": {"type": "Polygon", "coordinates": [[[-82.65518, 27.7938867], [-82.6550867, 27.7938867], [-82.6550867, 27.79398], [-82.65518, 27.79398], [-82.65518, 27.7938867]]]}}, {"type": "Feature", "properties": {"height": 10.9, "baseHeight": 0.0}, "geometry": {"type": "Polygon", "coordinates": [[[-82.6548467, 27.79322], [-82.6547533, 27.79322], [-82.6547533, 27.7933133], [-82.6548467, 27.7933133], [-82.6548467, 27.79322]]]}}, {"type": "Feature", "properties": {"height": 10.3, "baseHeight": 0.0}, "geometry": {"type": "Polygon", "coordinates": [[[-82.6548467, 27.7935533], [-82.6547533, 27.7935533], [-82.6547533, 27.7936467], [-82.6548467, 27.7936467], [-82.6548467, 27.7935533]]]}}, {"type": "Feature", "properties": {"height": 9.0, "baseHeight": 0.0}, "geometry": {"type": "Polygon", "coordinates": [[[-82.6548467, 27.7938867], [-82.6547533, 27.7938867], [-82.6547533, 27.79398], [-82.6548467, 27.79398], [-82.6548467, 27.7938867]]]}}, {"type": "Feature", "properties": {"height": 22.5, "baseHeight": 0.0}, "geometry": {"type": "Polygon", "coordinates": [[[-82.6545133, 27.79322], [-82.65442, 27.79322], [-82.65442, 27.7933133], [-82.6545133, 27.7933133], [-82.6545133, 27.79322]]]}}, {"type": "Feature", "properties": {"height": 6.2, "baseHeight": 0.0}, "geometry": {"type": "Polygon", "coordinates": [[[-82.6545133, 27.7935533], [-82.65442, 27.7935533], [-82.65442, 27.7936467], [-82.6545133, 27.7936467], [-82.6545133, 27.7935533]]]}}, {"type": "Feature", "properties": {"height": 8.0, "baseHeight": 0.0}, "geometry": {"type": "Polygon", "coordinates": [[[-82.6545133, 27.7938867], [-82.65442, 27.7938867], [-82.65442, 27.79398], [-82.6545133, 27.79398], [-82.6545133, 27.7938867]]]}}, {"type": "Feature", "properties": {"height": 9.7, "baseHeight": 0.0}, "geometry": {"type": "Polygon", "coordinates": [[[-82.65358, 27.79322], [-82.6534867, 27.79322], [-82.6534867, 27.79398], [-82.65358, 27.79398], [-82.65358, 27.79322]]]}}, {"type": "Feature", "properties": {"height": 7.4, "baseHeight": 0.0}, "geometry": {"type": "Polygon", "coordinates": [[[-82.6532467, 27.79322], [-82.6531533, 27.79322], [-82.6531533, 27.79398], [-82.6532467, 27.79398], [-82.6532467, 27.79322]]]}}, {"type": "Feature", "properties": {"height": 6.4, "baseHeight": 0.0}, "geometry": {"type": "Polygon", "coordinates": [[[-82.64718, 27.79322], [-82.64642, 27.79322], [-82.64642, 27.79398], [-82.64718, 27.79398], [-82.64718, 27.79322]]]}}, {"type": "Feature", "properties": {"height": 8.3, "baseHeight": 0.0}, "geometry": {"type": "Polygon", "coordinates": [[[-82.64398, 27.79322], [-82.64322, 27.79322], [-82.64322, 27.79398], [-82.64398, 27.79398], [-82.64398, 27.79322]]]}}, {"type": "Feature", "properties": {"height": 7.7, "baseHeight": 0.0}, "geometry": {"type": "Polygon", "coordinates": [[[-82.64238, 27.79322], [-82.64162, 27.79322], [-82.64162, 27.7933133], [-82.64238, 27.7933133], [-82.64238, 27.79322]]]}}, {"type": "Feature", "properties": {"height": 9.5, "baseHeight": 0.0}, "geometry": {"type": "Polygon", "coordinates": [[[-82.64238, 27.7935533], [-82.64162, 27.7935533], [-82.64162, 27.7936467], [-82.64238, 27.7936467], [-82.64238, 27.7935533]]]}}, {"type": "Feature", "properties": {"height": 11.9, "baseHeight": 0.0}, "geometry": {"type": "Polygon", "coordinates": [[[-82.64238, 27.7938867], [-82.64162, 27.7938867], [-82.64162, 27.79398], [-82.64238, 27.79398], [-82.64238, 27.7938867]]]}}, {"type": "Feature", "properties": {"height": 8.6, "baseHeight": 0.0}, "geometry": {"type": "Polygon", "coordinates": [[[-82.63918, 27.79322], [-82.63892, 27.79322], [-82.63892, 27.79348], [-82.63918, 27.79348], [-82.63918, 27.79322]]]}}, {"type": "Feature", "properties": {"height": 9.9, "baseHeight": 0.0}, "geometry": {"type": "Polygon", "coordinates": [[[-82.63918, 27.79372], [-82.63892, 27.79372], [-82.63892, 27.79398], [-82.63918, 27.79398], [-82.63918, 27.79372]]]}}, {"type": "Feature", "properties": {"height": 21.5, "baseHeight": 0.0}, "geometry": {"type": "Polygon", "coordinates": [[[-82.63868, 27.79322], [-82.63842, 27.79322], [-82.63842, 27.79348], [-82.63868, 27.79348], [-82.63868, 27.79322]]]}}, {"type": "Feature", "properties": {"height": 23.9, "baseHeight": 0.0}, "geometry": {"type": "Polygon", "coordinates": [[[-82.63758, 27.79322], [-82.63682, 27.79322], [-82.63682, 27.79348], [-82.63758, 27.79348], [-82.63758, 27.79322]]]}}, {"type": "Feature", "properties": {"height": 9.8, "baseHeight": 0.0}, "geometry": {"type": "Polygon", "coordinates": [[[-82.63758, 27.79372], [-82.63682, 27.79372], [-82.63682, 27.79398], [-82.63758, 27.79398], [-82.63758, 27.79372]]]}}, {"type": "Feature", "properties": {"height": 6.1, "baseHeight": 0.0}, "geometry": {"type": "Polygon", "coordinates": [[[-82.63598, 27.79322], [-82.63522, 27.79322], [-82.63522, 27.79348], [-82.63598, 27.79348], [-82.63598, 27.79322]]]}}, {"type": "Feature", "properties": {"height": 7.1, "baseHeight": 0.0}, "geometry": {"type": "Polygon", "coordinates": [[[-82.63598, 27.79372], [-82.63522, 27.79372], [-82.63522, 27.79398], [-82.63598, 27.79398], [-82.63598, 27.79372]]]}}, {"type": "Feature", "properties": {"height": 10.2, "baseHeight": 0.0}, "geometry": {"type": "Polygon", "coordinates": [[[-82.63278, 27.79322], [-82.63252, 27.79322], [-82.63252, 27.79398], [-82.63278, 27.79398], [-82.63278, 27.79322]]]}}, {"type": "Feature", "properties": {"height": 6.1, "baseHeight": 0.0}, "geometry": {"type": "Polygon", "coordinates": [[[-82.63228, 27.79322], [-82.63202, 27.79322], [-82.63202, 27.79398], [-82.63228, 27.79398], [-82.63228, 27.79322]]]}}, {"type": "Feature", "properties": {"height": 8.7, "baseHeight": 0.0}, "geometry": {"type": "Polygon", "coordinates": [[[-82.63118, 27.79322], [-82.63042, 27.79322], [-82.63042, 27.79398], [-82.63118, 27.79398], [-82.63118, 27.79322]]]}}, {"type": "Feature", "properties": {"height": 6.3, "baseHeight": 0.0}, "geometry": {"type": "Polygon", "coordinates": [[[-82.62958, 27.79322], [-82.62882, 27.79322], [-82.62882, 27.79348], [-82.62958, 27.79348], [-82.62958, 27.79322]]]}}, {"type": "Feature", "properties": {"height": 10.9, "baseHeight": 0.0}, "geometry": {"type": "Polygon", "coordinates": [[[-82.62958, 27.79372], [-82.62882, 27.79372], [-82.62882, 27.79398], [-82.62958, 27.79398], [-82.62958, 27.79372]]]}}, {"type": "Feature", "properties": {"height": 5.7, "baseHeight": 0.0}, "geometry": {"type": "Polygon", "coordinates": [[[-82.62478, 27.79322], [-82.62402, 27.79322], [-82.62402, 27.7933133], [-82.62478, 27.7933133], [-82.62478, 27.79322]]]}}, {"type": "Feature", "properties": {"height": 7.6, "baseHeight": 0.0}, "geometry": {"type": "Polygon", "coordinates": [[[-82.62478, 27.7935533], [-82.62402, 27.7935533], [-82.62402, 27.7936467], [-82.62478, 27.7936467], [-82.62478, 27.7935533]]]}}, {"type": "Feature", "properties": {"height": 6.6, "baseHeight": 0.0}, "geometry": {"type": "Polygon", "coordinates": [[[-82.62478, 27.7938867], [-82.62402, 27.7938867], [-82.62402, 27.79398], [-82.62478, 27.79398], [-82.62478, 27.7938867]]]}}, {"type": "Feature", "properties": {"height": 6.2, "baseHeight": 0.0}, "geometry": {"type": "Polygon", "coordinates": [[[-82.62318, 27.79322], [-82.6230867, 27.79322], [-82.6230867, 27.79348], [-82.62318, 27.79348], [-82.62318, 27.79322]]]}}, {"type": "Feature", "properties": {"height": 7.8, "baseHeight": 0.0}, "geometry": {"type": "Polygon", "coordinates": [[[-82.62318, 27.79372], [-82.6230867, 27.79372], [-82.6230867, 27.79398], [-82.62318, 27.79398], [-82.62318, 27.79372]]]}}, {"type": "Feature", "properties": {"height": 6.4, "baseHeight": 0.0}, "geometry": {"type": "Polygon", "coordinates": [[[-82.6228467, 27.79322], [-82.6227533, 27.79322], [-82.6227533, 27.79348], [-82.6228467, 27.79348], [-82.6228467, 27.79322]]]}}, {"type": "Feature", "properties": {"height": 5.4, "baseHeight": 0.0}, "geometry": {"type": "Polygon", "coordinates": [[[-82.6228467, 27.79372], [-82.6227533, 27.79372], [-82.6227533, 27.79398], [-82.6228467, 27.79398], [-82.6228467, 27.79372]]]}}, {"type": "Feature", "properties": {"height": 10.0, "baseHeight": 0.0}, "geometry": {"type": "Polygon", "coordinates": [[[-82.6225133, 27.79322], [-82.62242, 27.79322], [-82.62242, 27.79348], [-82.6225133, 27.79348], [-82.6225133, 27.79322]]]}}, {"type": "Feature", "properties": {"height": 5.8, "baseHeight": 0.0}, "geometry": {"type": "Polygon", "coordinates": [[[-82.62158, 27.79322], [-82.6214867, 27.79322], [-82.6214867, 27.79398], [-82.62158, 27.79398], [-82.62158, 27.79322]]]}}, {"type": "Feature", "properties": {"height": 5.7, "baseHeight": 0.0}, "geometry": {"type": "Polygon", "coordinates": [[[-82.6212467, 27.79322], [-82.6211533, 27.79322], [-82.6211533, 27.79398], [-82.6212467, 27.79398], [-82.6212467, 27.79322]]]}}, {"type": "Feature", "properties": {"height": 6.5, "baseHeight": 0.0}, "geometry": {"type": "Polygon", "coordinates": [[[-82.6209133, 27.79322], [-82.62082, 27.79322], [-82.62082, 27.79398], [-82.6209133, 27.79398], [-82.6209133, 27.79322]]]}}, {"type": "Feature", "properties": {"height": 10.7, "baseHeight": 0.0}, "geometry": {"type": "Polygon", "coordinates": [[[-82.61998, 27.79322], [-82.61922, 27.79322], [-82.61922, 27.7933133], [-82.61998, 27.7933133], [-82.61998, 27.79322]]]}}, {"type": "Feature", "properties": {"height": 8.2, "baseHeight": 0.0}, "geometry": {"type": "Polygon", "coordinates": [[[-82.61998, 27.7935533], [-82.61922, 27.7935533], [-82.61922, 27.7936467], [-82.61998, 27.7936467], [-82.61998, 27.7935533]]]}}, {"type": "Feature", "properties": {"height": 10.3, "baseHeight": 0.0}, "geometry": {"type": "Polygon", "coordinates": [[[-82.61838, 27.79322], [-82.61812, 27.79322], [-82.61812, 27.79398], [-82.61838, 27.79398], [-82.61838, 27.79322]]]}}, {"type": "Feature", "properties": {"height": 7.2, "baseHeight": 0.0}, "geometry": {"type": "Polygon", "coordinates": [[[-82.61788, 27.79322], [-82.61762, 27.79322], [-82.61762, 27.79398], [-82.61788, 27.79398], [-82.61788, 27.79322]]]}}, {"type": "Feature", "properties": {"height": 8.5, "baseHeight": 0.0}, "geometry": {"type": "Polygon", "coordinates": [[[-82.61678, 27.79322], [-82.61602, 27.79322], [-82.61602, 27.79348], [-82.61678, 27.79348], [-82.61678, 27.79322]]]}}, {"type": "Feature", "properties": {"height": 11.3, "baseHeight": 0.0}, "geometry": {"type": "Polygon", "coordinates": [[[-82.61678, 27.79372], [-82.61602, 27.79372], [-82.61602, 27.79398], [-82.61678, 27.79398], [-82.61678, 27.79372]]]}}, {"type": "Feature", "properties": {"height": 6.4, "baseHeight": 0.0}, "geometry": {"type": "Polygon", "coordinates": [[[-82.61358, 27.79322], [-82.61332, 27.79322], [-82.61332, 27.79398], [-82.61358, 27.79398], [-82.61358, 27.79322]]]}}, {"type": "Feature", "properties": {"height": 9.9, "baseHeight": 0.0}, "geometry": {"type": "Polygon", "coordinates": [[[-82.61308, 27.79322], [-82.61282, 27.79322], [-82.61282, 27.79398], [-82.61308, 27.79398], [-82.61308, 27.79322]]]}}, {"type": "Feature", "properties": {"height": 10.3, "baseHeight": 0.0}, "geometry": {"type": "Polygon", "coordinates": [[[-82.61198, 27.79322], [-82.61122, 27.79322], [-82.61122, 27.79348], [-82.61198, 27.79348], [-82.61198, 27.79322]]]}}, {"type": "Feature", "properties": {"height": 8.3, "baseHeight": 0.0}, "geometry": {"type": "Polygon", "coordinates": [[[-82.61198, 27.79372], [-82.61122, 27.79372], [-82.61122, 27.79398], [-82.61198, 27.79398], [-82.61198, 27.79372]]]}}, {"type": "Feature", "properties": {"height": 10.2, "baseHeight": 0.0}, "geometry": {"type": "Polygon", "coordinates": [[[-82.66958, 27.79482], [-82.66882, 27.79482], [-82.66882, 27.79508], [-82.66958, 27.79508], [-82.66958, 27.79482]]]}}, {"type": "Feature", "properties": {"height": 6.5, "baseHeight": 0.0}, "geometry": {"type": "Polygon", "coordinates": [[[-82.66958, 27.79532], [-82.66882, 27.79532], [-82.66882, 27.79558], [-82.66958, 27.79558], [-82.66958, 27.79532]]]}}, {"type": "Feature", "properties": {"height": 9.9, "baseHeight": 0.0}, "geometry": {"type": "Polygon", "coordinates": [[[-82.66798, 27.79482], [-82.66772, 27.79482], [-82.66772, 27.79508], [-82.66798, 27.79508], [-82.66798, 27.79482]]]}}, {"type": "Feature", "properties": {"height": 11.8, "baseHeight": 0.0}, "geometry": {"type": "Polygon", "coordinates": [[[-82.66798, 27.79532], [-82.66772, 27.79532], [-82.66772, 27.79558], [-82.66798, 27.79558], [-82.66798, 27.79532]]]}}, {"type": "Feature", "properties": {"height": 7.9, "baseHeight": 0.0}, "geometry": {"type": "Polygon", "coordinates": [[[-82.66748, 27.79482], [-82.66722, 27.79482], [-82.66722, 27.79508], [-82.66748, 27.79508], [-82.66748, 27.79482]]]}}, {"type": "Feature", "properties": {"height": 10.0, "baseHeight": 0.0}, "geometry": {"type": "Polygon", "coordinates": [[[-82.66638, 27.79532], [-82.66562, 27.79532], [-82.66562, 27.79558], [-82.66638, 27.79558], [-82.66638, 27.79532]]]}}, {"type": "Feature", "properties": {"height": 10.9, "baseHeight": 0.0}, "geometry": {"type": "Polygon", "coordinates": [[[-82.66478, 27.79482], [-82.66402, 27.79482], [-82.66402, 27.7949133], [-82.66478, 27.7949133], [-82.66478, 27.79482]]]}}, {"type": "Feature", "properties": {"height": 7.3, "baseHeight": 0.0}, "geometry": {"type": "Polygon", "coordinates": [[[-82.66478, 27.7951533], [-82.66402, 27.7951533], [-82.66402, 27.7952467], [-82.66478, 27.7952467], [-82.66478, 27.7951533]]]}}, {"type": "Feature", "properties": {"height": 35.5, "baseHeight": 0.0}, "geometry": {"type": "Polygon", "coordinates": [[[-82.66478, 27.7954867], [-82.66402, 27.7954867], [-82.66402, 27.79558], [-82.66478, 27.79558], [-82.66478, 27.7954867]]]}}, {"type": "Feature", "properties": {"height": 6.9, "baseHeight": 0.0}, "geometry": {"type": "Polygon", "coordinates": [[[-82.66318, 27.79482], [-82.6630867, 27.79482], [-82.6630867, 27.79558], [-82.66318, 27.79558], [-82.66318, 27.79482]]]}}, {"type": "Feature", "properties": {"height": 9.7, "baseHeight": 0.0}, "geometry": {"type": "Polygon", "coordinates": [[[-82.6628467, 27.79482], [-82.6627533, 27.79482], [-82.6627533, 27.79558], [-82.6628467, 27.79558], [-82.6628467, 27.79482]]]}}, {"type": "Feature", "properties": {"height": 7.6, "baseHeight": 0.0}, "geometry": {"type": "Polygon", "coordinates": [[[-82.6625133, 27.79482], [-82.66242, 27.79482], [-82.66242, 27.79558], [-82.6625133, 27.79558], [-82.6625133, 27.79482]]]}}, {"type": "Feature", "properties": {"height": 8.1, "baseHeight": 0.0}, "geometry": {"type": "Polygon", "coordinates": [[[-82.66158, 27.79482], [-82.66132, 27.79482], [-82.66132, 27.79508], [-82.66158, 27.79508], [-82.66158, 27.79482]]]}}, {"type": "Feature", "properties": {"height": 10.8, "baseHeight": 0.0}, "geometry": {"type": "Polygon", "coordinates": [[[-82.66158, 27.79532], [-82.66132, 27.79532], [-82.66132, 27.79558], [-82.66158, 27.79558], [-82.66158, 27.79532]]]}}, {"type": "Feature", "properties": {"height": 7.7, "baseHeight": 0.0}, "geometry": {"type": "Polygon", "coordinates": [[[-82.66108, 27.79532], [-82.66082, 27.79532], [-82.66082, 27.79558], [-82.66108, 27.79558], [-82.66108, 27.79532]]]}}, {"type": "Feature", "properties": {"height": 6.8, "baseHeight": 0.0}, "geometry": {"type": "Polygon", "coordinates": [[[-82.65998, 27.79482], [-82.6598867, 27.79482], [-82.6598867, 27.79508], [-82.65998, 27.79508], [-82.65998, 27.79482]]]}}, {"type": "Feature", "properties": {"height": 5.8, "baseHeight": 0.0}, "geometry": {"type": "Polygon", "coordinates": [[[-82.65998, 27.79532], [-82.6598867, 27.79532], [-82.6598867, 27.79558], [-82.65998, 27.79558], [-82.65998, 27.79532]]]}}, {"type": "Feature", "properties": {"height": 11.1, "baseHeight": 0.0}, "geometry": {"type": "Polygon", "coordinates": [[[-82.6596467, 27.79482], [-82.6595533, 27.79482], [-82.6595533, 27.79508], [-82.6596467, 27.79508], [-82.6596467, 27.79482]]]}}, {"type": "Feature", "properties": {"height": 39.4, "baseHeight": 0.0}, "geometry": {"type": "Polygon", "coordinates": [[[-82.6596467, 27.79532], [-82.6595533, 27.79532], [-82.6595533, 27.79558], [-82.6596467, 27.79558], [-82.6596467, 27.79532]]]}}, {"type": "Feature", "properties": {"height": 8.8, "baseHeight": 0.0}, "geometry": {"type": "Polygon", "coordinates": [[[-82.6593133, 27.79482], [-82.65922, 27.79482], [-82.65922, 27.79508], [-82.6593133, 27.79508], [-82.6593133, 27.79482]]]}}, {"type": "Feature", "properties": {"height": 12.0, "baseHeight": 0.0}, "geometry": {"type": "Polygon", "coordinates": [[[-82.6593133, 27.79532], [-82.65922, 27.79532], [-82.65922, 27.79558], [-82.6593133, 27.79558], [-82.6593133, 27.79532]]]}}, {"type": "Feature", "properties": {"height": 9.9, "baseHeight": 0.0}, "geometry": {"type": "Polygon", "coordinates": [[[-82.65838, 27.79482], [-82.65812, 27.79482], [-82.65812, 27.79558], [-82.65838, 27.79558], [-82.65838, 27.79482]]]}}, {"type": "Feature", "properties": {"height": 5.7, "baseHeight": 0.0}, "geometry": {"type": "Polygon", "coordinates": [[[-82.65518, 27.79482], [-82.6550867, 27.79482], [-82.6550867, 27.79558], [-82.65518, 27.79558], [-82.65518, 27.79482]]]}}, {"type": "Feature", "properties": {"height": 8.3, "baseHeight": 0.0}, "geometry": {"type": "Polygon", "coordinates": [[[-82.6548467, 27.79482], [-82.6547533, 27.79482], [-82.6547533, 27.79558], [-82.6548467, 27.79558], [-82.6548467, 27.79482]]]}}, {"type": "Feature", "properties": {"height": 6.0, "baseHeight": 0.0}, "geometry": {"type": "Polygon", "coordinates": [[[-82.6545133, 27.79482], [-82.65442, 27.79482], [-82.65442, 27.79558], [-82.6545133, 27.79558], [-82.6545133, 27.79482]]]}}, {"type": "Feature", "properties": {"height": 11.8, "baseHeight": 0.0}, "geometry": {"type": "Polygon", "coordinates": [[[-82.65358, 27.79482], [-82.65332, 27.79482], [-82.65332, 27.79558], [-82.65358, 27.79558], [-82.65358, 27.79482]]]}}, {"type": "Feature", "properties": {"height": 5.6, "baseHeight": 0.0}, "geometry": {"type": "Polygon", "coordinates": [[[-82.65308, 27.79482], [-82.65282, 27.79482], [-82.65282, 27.79558], [-82.65308, 27.79558], [-82.65308, 27.79482]]]}}, {"type": "Feature", "properties": {"height": 11.3, "baseHeight": 0.0}, "geometry": {"type": "Polygon", "coordinates": [[[-82.65038, 27.79482], [-82.64962, 27.79482], [-82.64962, 27.79558], [-82.65038, 27.79558], [-82.65038, 27.79482]]]}}, {"type": "Feature", "properties": {"height": 6.4, "baseHeight": 0.0}, "geometry": {"type": "Polygon", "coordinates": [[[-82.64878, 27.79482], [-82.6486867, 27.79482], [-82.6486867, 27.79558], [-82.64878, 27.79558], [-82.64878, 27.79482]]]}}, {"type": "Feature", "properties": {"height": 10.0, "baseHeight": 0.0}, "geometry": {"type": "Polygon", "coordinates": [[[-82.6484467, 27.79482], [-82.6483533, 27.79482], [-82.6483533, 27.79558], [-82.6484467, 27.79558], [-82.6484467, 27.79482]]]}}, {"type": "Feature", "properties": {"height": 11.3, "baseHeight": 0.0}, "geometry": {"type": "Polygon", "coordinates": [[[-82.6481133, 27.79482], [-82.64802, 27.79482], [-82.64802, 27.79558], [-82.6481133, 27.79558], [-82.6481133, 27.79482]]]}}, {"type": "Feature", "properties": {"height": 7.2, "baseHeight": 0.0}, "geometry": {"type": "Polygon", "coordinates": [[[-82.64558, 27.79532], [-82.64482, 27.79532], [-82.64482, 27.79558], [-82.64558, 27.79558], [-82.64558, 27.79532]]]}}, {"type": "Feature", "properties": {"height": 9.4, "baseHeight": 0.0}, "geometry": {"type": "Polygon", "coordinates": [[[-82.64238, 27.79482], [-82.64162, 27.79482], [-82.64162, 27.7949133], [-82.64238, 27.7949133], [-82.64238, 27.79482]]]}}, {"type": "Feature", "properties": {"height": 5.8, "baseHeight": 0.0}, "geometry": {"type": "Polygon", "coordinates": [[[-82.64238, 27.7951533], [-82.64162, 27.7951533], [-82.64162, 27.7952467], [-82.64238, 27.7952467], [-82.64238, 27.7951533]]]}}, {"type": "Feature", "properties": {"height": 11.5, "baseHeight": 0.0}, "geometry": {"type": "Polygon", "coordinates": [[[-82.64078, 27.79482], [-82.64052, 27.79482], [-82.64052, 27.79508], [-82.64078, 27.79508], [-82.64078, 27.79482]]]}}, {"type": "Feature", "properties": {"height": 7.3, "baseHeight": 0.0}, "geometry": {"type": "Polygon", "coordinates": [[[-82.64078, 27.79532], [-82.64052, 27.79532], [-82.64052, 27.79558], [-82.64078, 27.79558], [-82.64078, 27.79532]]]}}, {"type": "Feature", "properties": {"height": 23.1, "baseHeight": 0.0}, "geometry": {"type": "Polygon", "coordinates": [[[-82.64028, 27.79482], [-82.64002, 27.79482], [-82.64002, 27.79508], [-82.64028, 27.79508], [-82.64028, 27.79482]]]}}, {"type": "Feature", "properties": {"height": 5.9, "baseHeight": 0.0}, "geometry": {"type": "Polygon", "coordinates": [[[-82.64028, 27.79532], [-82.64002, 27.79532], [-82.64002, 27.79558], [-82.64028, 27.79558], [-82.64028, 27.79532]]]}}, {"type": "Feature", "properties": {"height": 7.0, "baseHeight": 0.0}, "geometry": {"type": "Polygon", "coordinates": [[[-82.63598, 27.79482], [-82.63522, 27.79482], [-82.63522, 27.7949133], [-82.63598, 27.7949133], [-82.63598, 27.79482]]]}}, {"type": "Feature", "properties": {"height": 9.1, "baseHeight": 0.0}, "geometry": {"type": "Polygon", "coordinates": [[[-82.63598, 27.7951533], [-82.63522, 27.7951533], [-82.63522, 27.7952467], [-82.63598, 27.7952467], [-82.63598, 27.7951533]]]}}, {"type": "Feature", "properties": {"height": 9.1, "baseHeight": 0.0}, "geometry": {"type": "Polygon", "coordinates": [[[-82.63598, 27.7954867], [-82.63522, 27.7954867], [-82.63522, 27.79558], [-82.63598, 27.79558], [-82.63598, 27.7954867]]]}}, {"type": "Feature", "properties": {"height": 12.0, "baseHeight": 0.0}, "geometry": {"type": "Polygon", "coordinates": [[[-82.63118, 27.79482], [-82.63092, 27.79482], [-82.63092, 27.79508], [-82.63118, 27.79508], [-82.63118, 27.79482]]]}}, {"type": "Feature", "properties": {"height": 8.4, "baseHeight": 0.0}, "geometry": {"type": "Polygon", "coordinates": [[[-82.63118, 27.79532], [-82.63092, 27.79532], [-82.63092, 27.79558], [-82.63118, 27.79558], [-82.63118, 27.79532]]]}}, {"type": "Feature", "properties": {"height": 10.1, "baseHeight": 0.0}, "geometry": {"type": "Polygon", "coordinates": [[[-82.63068, 27.79482], [-82.63042, 27.79482], [-82.63042, 27.79508], [-82.63068, 27.79508], [-82.63068, 27.79482]]]}}, {"type": "Feature", "properties": {"height": 9.1, "baseHeight": 0.0}, "geometry": {"type": "Polygon", "coordinates": [[[-82.63068, 27.79532], [-82.63042, 27.79532], [-82.63042, 27.79558], [-82.63068, 27.79558], [-82.63068, 27.79532]]]}}, {"type": "Feature", "properties": {"height": 10.2, "baseHeight": 0.0}, "geometry": {"type": "Polygon", "coordinates": [[[-82.62958, 27.79482], [-82.62932, 27.79482], [-82.62932, 27.7949133], [-82.62958, 27.7949133], [-82.62958, 27.79482]]]}}, {"type": "Feature", "properties": {"height": 6.2, "baseHeight": 0.0}, "geometry": {"type": "Polygon", "coordinates": [[[-82.62958, 27.7951533], [-82.62932, 27.7951533], [-82.62932, 27.7952467], [-82.62958, 27.7952467], [-82.62958, 27.7951533]]]}}, {"type": "Feature", "properties": {"height": 11.1, "baseHeight": 0.0}, "geometry": {"type": "Polygon", "coordinates": [[[-82.62958, 27.7954867], [-82.62932, 27.7954867], [-82.62932, 27.79558], [-82.62958, 27.79558], [-82.62958, 27.7954867]]]}}, {"type": "Feature", "properties": {"height": 8.1, "baseHeight": 0.0}, "geometry": {"type": "Polygon", "coordinates": [[[-82.62908, 27.79482], [-82.62882, 27.79482], [-82.62882, 27.7949133], [-82.62908, 27.7949133], [-82.62908, 27.79482]]]}}, {"type": "Feature", "properties": {"height": 7.8, "baseHeight": 0.0}, "geometry": {"type": "Polygon", "coordinates": [[[-82.62908, 27.7951533], [-82.62882, 27.7951533], [-82.62882, 27.7952467], [-82.62908, 27.7952467], [-82.62908, 27.7951533]]]}}, {"type": "Feature", "properties": {"height": 10.5, "baseHeight": 0.0}, "geometry": {"type": "Polygon", "coordinates": [[[-82.62908, 27.7954867], [-82.62882, 27.7954867], [-82.62882, 27.79558], [-82.62908, 27.79558], [-82.62908, 27.7954867]]]}}, {"type": "Feature", "properties": {"height": 7.3, "baseHeight": 0.0}, "geometry": {"type": "Polygon", "coordinates": [[[-82.62798, 27.79482], [-82.62722, 27.79482], [-82.62722, 27.79508], [-82.62798, 27.79508], [-82.62798, 27.79482]]]}}, {"type": "Feature", "properties": {"height": 10.7, "baseHeight": 0.0}, "geometry": {"type": "Polygon", "coordinates": [[[-82.62798, 27.79532], [-82.62722, 27.79532], [-82.62722, 27.79558], [-82.62798, 27.79558], [-82.62798, 27.79532]]]}}, {"type": "Feature", "properties": {"height": 9.9, "baseHeight": 0.0}, "geometry": {"type": "Polygon", "coordinates": [[[-82.62638, 27.79482], [-82.62562, 27.79482], [-82.62562, 27.79508], [-82.62638, 27.79508], [-82.62638, 27.79482]]]}}, {"type": "Feature", "properties": {"height": 5.3, "baseHeight": 0.0}, "geometry": {"type": "Polygon", "coordinates": [[[-82.62638, 27.79532], [-82.62562, 27.79532], [-82.62562, 27.79558], [-82.62638, 27.79558], [-82.62638, 27.79532]]]}}, {"type": "Feature", "properties": {"height": 10.4, "baseHeight": 0.0}, "geometry": {"type": "Polygon", "coordinates": [[[-82.62478, 27.79482], [-82.62402, 27.79482], [-82.62402, 27.79558], [-82.62478, 27.79558], [-82.62478, 27.79482]]]}}, {"type": "Feature", "properties": {"height": 6.8, "baseHeight": 0.0}, "geometry": {"type": "Polygon", "coordinates": [[[-82.62158, 27.79482], [-82.62082, 27.79482], [-82.62082, 27.79558], [-82.62158, 27.79558], [-82.62158, 27.79482]]]}}, {"type": "Feature", "properties": {"height": 9.6, "baseHeight": 0.0}, "geometry": {"type": "Polygon", "coordinates": [[[-82.61998, 27.79482], [-82.61972, 27.79482], [-82.61972, 27.79558], [-82.61998, 27.79558], [-82.61998, 27.79482]]]}}, {"type": "Feature", "properties": {"height": 11.8, "baseHeight": 0.0}, "geometry": {"type": "Polygon", "coordinates": [[[-82.61948, 27.79482], [-82.61922, 27.79482], [-82.61922, 27.79558], [-82.61948, 27.79558], [-82.61948, 27.79482]]]}}, {"type": "Feature", "properties": {"height": 7.4, "baseHeight": 0.0}, "geometry": {"type": "Polygon", "coordinates": [[[-82.61838, 27.79482], [-82.6182867, 27.79482], [-82.6182867, 27.79508], [-82.61838, 27.79508], [-82.61838, 27.79482]]]}}, {"type": "Feature", "properties": {"height": 10.8, "baseHeight": 0.0}, "geometry": {"type": "Polygon", "coordinates": [[[-82.6180467, 27.79482], [-82.6179533, 27.79482], [-82.6179533, 27.79508], [-82.6180467, 27.79508], [-82.6180467, 27.79482]]]}}, {"type": "Feature", "properties": {"height": 10.3, "baseHeight": 0.0}, "geometry": {"type": "Polygon", "coordinates": [[[-82.6180467, 27.79532], [-82.6179533, 27.79532], [-82.6179533, 27.79558], [-82.6180467, 27.79558], [-82.6180467, 27.79532]]]}}, {"type": "Feature", "properties": {"height": 10.8, "baseHeight": 0.0}, "geometry": {"type": "Polygon", "coordinates": [[[-82.6177133, 27.79532], [-82.61762, 27.79532], [-82.61762, 27.79558], [-82.6177133, 27.79558], [-82.6177133, 27.79532]]]}}, {"type": "Feature", "properties": {"height": 11.3, "baseHeight": 0.0}, "geometry": {"type": "Polygon", "coordinates": [[[-82.61678, 27.79482], [-82.61652, 27.79482], [-82.61652, 27.7949133], [-82.61678, 27.7949133], [-82.61678, 27.79482]]]}}, {"type": "Feature", "properties": {"height": 9.1, "baseHeight": 0.0}, "geometry": {"type": "Polygon", "coordinates": [[[-82.61678, 27.7951533], [-82.61652, 27.7951533], [-82.61652, 27.7952467], [-82.61678, 27.7952467], [-82.61678, 27.7951533]]]}}, {"type": "Feature", "properties": {"height": 5.0, "baseHeight": 0.0}, "geometry": {"type": "Polygon", "coordinates": [[[-82.61678, 27.7954867], [-82.61652, 27.7954867], [-82.61652, 27.79558], [-82.61678, 27.79558], [-82.61678, 27.7954867]]]}}, {"type": "Feature", "properties": {"height": 6.1, "baseHeight": 0.0}, "geometry": {"type": "Polygon", "coordinates": [[[-82.61628, 27.79482], [-82.61602, 27.79482], [-82.61602, 27.7949133], [-82.61628, 27.7949133], [-82.61628, 27.79482]]]}}, {"type": "Feature", "properties": {"height": 11.1, "baseHeight": 0.0}, "geometry": {"type": "Polygon", "coordinates": [[[-82.61628, 27.7954867], [-82.61602, 27.7954867], [-82.61602, 27.79558], [-82.61628, 27.79558], [-82.61628, 27.7954867]]]}}, {"type": "Feature", "properties": {"height": 7.8, "baseHeight": 0.0}, "geometry": {"type": "Polygon", "coordinates": [[[-82.61518, 27.79482], [-82.61442, 27.79482], [-82.61442, 27.79558], [-82.61518, 27.79558], [-82.61518, 27.79482]]]}}, {"type": "Feature", "properties": {"height": 6.8, "baseHeight": 0.0}, "geometry": {"type": "Polygon", "coordinates": [[[-82.61358, 27.79482], [-82.6134867, 27.79482], [-82.6134867, 27.7949133], [-82.61358, 27.7949133], [-82.61358, 27.79482]]]}}, {"type": "Feature", "properties": {"height": 9.5, "baseHeight": 0.0}, "geometry": {"type": "Polygon", "coordinates": [[[-82.6132467, 27.79482], [-82.6131533, 27.79482], [-82.6131533, 27.7949133], [-82.6132467, 27.7949133], [-82.6132467, 27.79482]]]}}, {"type": "Feature", "properties": {"height": 6.1, "baseHeight": 0.0}, "geometry": {"type": "Polygon", "coordinates": [[[-82.6132467, 27.7951533], [-82.6131533, 27.7951533], [-82.6131533, 27.7952467], [-82.6132467, 27.7952467], [-82.6132467, 27.7951533]]]}}, {"type": "Feature", "properties": {"height": 43.8, "baseHeight": 0.0}, "geometry": {"type": "Polygon", "coordinates": [[[-82.6132467, 27.7954867], [-82.6131533, 27.7954867], [-82.6131533, 27.79558], [-82.6132467, 27.79558], [-82.6132467, 27.7954867]]]}}, {"type": "Feature", "properties": {"height": 9.9, "baseHeight": 0.0}, "geometry": {"type": "Polygon", "coordinates": [[[-82.6129133, 27.79482], [-82.61282, 27.79482], [-82.61282, 27.7949133], [-82.6129133, 27.7949133], [-82.6129133, 27.79482]]]}}, {"type": "Feature", "properties": {"height": 5.0, "baseHeight": 0.0}, "geometry": {"type": "Polygon", "coordinates": [[[-82.6129133, 27.7951533], [-82.61282, 27.7951533], [-82.61282, 27.7952467], [-82.6129133, 27.7952467], [-82.6129133, 27.7951533]]]}}, {"type": "Feature", "properties": {"height": 6.3, "baseHeight": 0.0}, "geometry": {"type": "Polygon", "coordinates": [[[-82.6129133, 27.7954867], [-82.61282, 27.7954867], [-82.61282, 27.79558], [-82.6129133, 27.79558], [-82.6129133, 27.7954867]]]}}, {"type": "Feature", "properties": {"height": 11.9, "baseHeight": 0.0}, "geometry": {"type": "Polygon", "coordinates": [[[-82.66958, 27.79642], [-82.66932, 27.79642], [-82.66932, 27.79668], [-82.66958, 27.79668], [-82.66958, 27.79642]]]}}, {"type": "Feature", "properties": {"height": 9.8, "baseHeight": 0.0}, "geometry": {"type": "Polygon", "coordinates": [[[-82.66958, 27.79692], [-82.66932, 27.79692], [-82.66932, 27.79718], [-82.66958, 27.79718], [-82.66958, 27.79692]]]}}, {"type": "Feature", "properties": {"height": 6.2, "baseHeight": 0.0}, "geometry": {"type": "Polygon", "coordinates": [[[-82.66908, 27.79692], [-82.66882, 27.79692], [-82.66882, 27.79718], [-82.66908, 27.79718], [-82.66908, 27.79692]]]}}, {"type": "Feature", "properties": {"height": 5.2, "baseHeight": 0.0}, "geometry": {"type": "Polygon", "coordinates": [[[-82.66638, 27.79642], [-82.66562, 27.79642], [-82.66562, 27.7965133], [-82.66638, 27.7965133], [-82.66638, 27.79642]]]}}, {"type": "Feature", "properties": {"height": 11.4, "baseHeight": 0.0}, "geometry": {"type": "Polygon", "coordinates": [[[-82.66638, 27.7967533], [-82.66562, 27.7967533], [-82.66562, 27.7968467], [-82.66638, 27.7968467], [-82.66638, 27.7967533]]]}}, {"type": "Feature", "properties": {"height": 6.9, "baseHeight": 0.0}, "geometry": {"type": "Polygon", "coordinates": [[[-82.66638, 27.7970867], [-82.66562, 27.7970867], [-82.66562, 27.79718], [-82.66638, 27.79718], [-82.66638, 27.7970867]]]}}, {"type": "Feature", "properties": {"height": 8.3, "baseHeight": 0.0}, "geometry": {"type": "Polygon", "coordinates": [[[-82.66478, 27.79642], [-82.66402, 27.79642], [-82.66402, 27.7965133], [-82.66478, 27.7965133], [-82.66478, 27.79642]]]}}, {"type": "Feature", "properties": {"height": 6.2, "baseHeight": 0.0}, "geometry": {"type": "Polygon", "coordinates": [[[-82.66478, 27.7967533], [-82.66402, 27.7967533], [-82.66402, 27.7968467], [-82.66478, 27.7968467], [-82.66478, 27.7967533]]]}}, {"type": "Feature", "properties": {"height": 6.1, "baseHeight": 0.0}, "geometry": {"type": "Polygon", "coordinates": [[[-82.66478, 27.7970867], [-82.66402, 27.7970867], [-82.66402, 27.79718], [-82.66478, 27.79718], [-82.66478, 27.7970867]]]}}, {"type": "Feature", "properties": {"height": 11.1, "baseHeight": 0.0}, "geometry": {"type": "Polygon", "coordinates": [[[-82.66318, 27.79642], [-82.66242, 27.79642], [-82.66242, 27.79718], [-82.66318, 27.79718], [-82.66318, 27.79642]]]}}, {"type": "Feature", "properties": {"height": 7.3, "baseHeight": 0.0}, "geometry": {"type": "Polygon", "coordinates": [[[-82.66158, 27.79642], [-82.66082, 27.79642], [-82.66082, 27.79718], [-82.66158, 27.79718], [-82.66158, 27.79642]]]}}, {"type": "Feature", "properties": {"height": 6.8, "baseHeight": 0.0}, "geometry": {"type": "Polygon", "coordinates": [[[-82.65998, 27.79642], [-82.6598867, 27.79642], [-82.6598867, 27.79718], [-82.65998, 27.79718], [-82.65998, 27.79642]]]}}, {"type": "Feature", "properties": {"height": 5.6, "baseHeight": 0.0}, "geometry": {"type": "Polygon", "coordinates": [[[-82.6596467, 27.79642], [-82.6595533, 27.79642], [-82.6595533, 27.79718], [-82.6596467, 27.79718], [-82.6596467, 27.79642]]]}}, {"type": "Feature", "properties": {"height": 7.0, "baseHeight": 0.0}, "geometry": {"type": "Polygon", "coordinates": [[[-82.6593133, 27.79642], [-82.65922, 27.79642], [-82.65922, 27.79718], [-82.6593133, 27.79718], [-82.6593133, 27.79642]]]}}, {"type": "Feature", "properties": {"height": 9.9, "baseHeight": 0.0}, "geometry": {"type": "Polygon", "coordinates": [[[-82.65838, 27.79642], [-82.65812, 27.79642], [-82.65812, 27.79668], [-82.65838, 27.79668], [-82.65838, 27.79642]]]}}, {"type": "Feature", "properties": {"height": 9.7, "baseHeight": 0.0}, "geometry": {"type": "Polygon", "coordinates": [[[-82.65838, 27.79692], [-82.65812, 27.79692], [-82.65812, 27.79718], [-82.65838, 27.79718], [-82.65838, 27.79692]]]}}, {"type": "Feature", "properties": {"height": 7.7, "baseHeight": 0.0}, "geometry": {"type": "Polygon", "coordinates": [[[-82.65788, 27.79642], [-82.65762, 27.79642], [-82.65762, 27.79668], [-82.65788, 27.79668], [-82.65788, 27.79642]]]}}, {"type": "Feature", "properties": {"height": 7.7, "baseHeight": 0.0}, "geometry": {"type": "Polygon", "coordinates": [[[-82.65788, 27.79692], [-82.65762, 27.79692], [-82.65762, 27.79718], [-82.65788, 27.79718], [-82.65788, 27.79692]]]}}, {"type": "Feature", "properties": {"height": 9.8, "baseHeight": 0.0}, "geometry": {"type": "Polygon", "coordinates": [[[-82.65518, 27.79642], [-82.6550867, 27.79642], [-82.6550867, 27.79718], [-82.65518, 27.79718], [-82.65518, 27.79642]]]}}, {"type": "Feature", "properties": {"height": 7.8, "baseHeight": 0.0}, "geometry": {"type": "Polygon", "coordinates": [[[-82.6545133, 27.79642], [-82.65442, 27.79642], [-82.65442, 27.79718], [-82.6545133, 27.79718], [-82.6545133, 27.79642]]]}}, {"type": "Feature", "properties": {"height": 8.4, "baseHeight": 0.0}, "geometry": {"type": "Polygon", "coordinates": [[[-82.65198, 27.79642], [-82.65122, 27.79642], [-82.65122, 27.79718], [-82.65198, 27.79718], [-82.65198, 27.79642]]]}}, {"type": "Feature", "properties": {"height": 10.2, "baseHeight": 0.0}, "geometry": {"type": "Polygon", "coordinates": [[[-82.65038, 27.79642], [-82.64962, 27.79642], [-82.64962, 27.79718], [-82.65038, 27.79718], [-82.65038, 27.79642]]]}}, {"type": "Feature", "properties": {"height": 40.9, "baseHeight": 0.0}, "geometry": {"type": "Polygon", "coordinates": [[[-82.64878, 27.79642], [-82.64852, 27.79642], [-82.64852, 27.79718], [-82.64878, 27.79718], [-82.64878, 27.79642]]]}}, {"type": "Feature", "properties": {"height": 8.6, "baseHeight": 0.0}, "geometry": {"type": "Polygon", "coordinates": [[[-82.64558, 27.79642], [-82.64532, 27.79642], [-82.64532, 27.79718], [-82.64558, 27.79718], [-82.64558, 27.79642]]]}}, {"type": "Feature", "properties": {"height": 11.6, "baseHeight": 0.0}, "geometry": {"type": "Polygon", "coordinates": [[[-82.64508, 27.79642], [-82.64482, 27.79642], [-82.64482, 27.79718], [-82.64508, 27.79718], [-82.64508, 27.79642]]]}}, {"type": "Feature", "properties": {"height": 10.8, "baseHeight": 0.0}, "geometry": {"type": "Polygon", "coordinates": [[[-82.64398, 27.79642], [-82.64372, 27.79642], [-82.64372, 27.7965133], [-82.64398, 27.7965133], [-82.64398, 27.79642]]]}}, {"type": "Feature", "properties": {"height": 5.9, "baseHeight": 0.0}, "geometry": {"type": "Polygon", "coordinates": [[[-82.64398, 27.7967533], [-82.64372, 27.7967533], [-82.64372, 27.7968467], [-82.64398, 27.7968467], [-82.64398, 27.7967533]]]}}, {"type": "Feature", "properties": {"height": 25.4, "baseHeight": 0.0}, "geometry": {"type": "Polygon", "coordinates": [[[-82.64398, 27.7970867], [-82.64372, 27.7970867], [-82.64372, 27.79718], [-82.64398, 27.79718], [-82.64398, 27.7970867]]]}}, {"type": "Feature", "properties": {"height": 10.8, "baseHeight": 0.0}, "geometry": {"type": "Polygon", "coordinates": [[[-82.64348, 27.79642], [-82.64322, 27.79642], [-82.64322, 27.7965133], [-82.64348, 27.7965133], [-82.64348, 27.79642]]]}}, {"type": "Feature", "properties": {"height": 11.6, "baseHeight": 0.0}, "geometry": {"type": "Polygon", "coordinates": [[[-82.64348, 27.7967533], [-82.64322, 27.7967533], [-82.64322, 27.7968467], [-82.64348, 27.7968467], [-82.64348, 27.7967533]]]}}, {"type": "Feature", "properties": {"height": 9.1, "baseHeight": 0.0}, "geometry": {"type": "Polygon", "coordinates": [[[-82.64348, 27.7970867], [-82.64322, 27.7970867], [-82.64322, 27.79718], [-82.64348, 27.79718], [-82.64348, 27.7970867]]]}}, {"type": "Feature", "properties": {"height": 11.0, "baseHeight": 0.0}, "geometry": {"type": "Polygon", "coordinates": [[[-82.64238, 27.79642], [-82.64162, 27.79642], [-82.64162, 27.79668], [-82.64238, 27.79668], [-82.64238, 27.79642]]]}}, {"type": "Feature", "properties": {"height": 5.3, "baseHeight": 0.0}, "geometry": {"type": "Polygon", "coordinates": [[[-82.64238, 27.79692], [-82.64162, 27.79692], [-82.64162, 27.79718], [-82.64238, 27.79718], [-82.64238, 27.79692]]]}}, {"type": "Feature", "properties": {"height": 8.8, "baseHeight": 0.0}, "geometry": {"type": "Polygon", "coordinates": [[[-82.63918, 27.7967533], [-82.63842, 27.7967533], [-82.63842, 27.7968467], [-82.63918, 27.7968467], [-82.63918, 27.7967533]]]}}, {"type": "Feature", "properties": {"height": 5.3, "baseHeight": 0.0}, "geometry": {"type": "Polygon", "coordinates": [[[-82.63918, 27.7970867], [-82.63842, 27.7970867], [-82.63842, 27.79718], [-82.63918, 27.79718], [-82.63918, 27.7970867]]]}}, {"type": "Feature", "properties": {"height": 5.4, "baseHeight": 0.0}, "geometry": {"type": "Polygon", "coordinates": [[[-82.63758, 27.79642], [-82.6374867, 27.79642], [-82.6374867, 27.79718], [-82.63758, 27.79718], [-82.63758, 27.79642]]]}}, {"type": "Feature", "properties": {"height": 9.6, "baseHeight": 0.0}, "geometry": {"type": "Polygon", "coordinates": [[[-82.6369133, 27.79642], [-82.63682, 27.79642], [-82.63682, 27.79718], [-82.6369133, 27.79718], [-82.6369133, 27.79642]]]}}, {"type": "Feature", "properties": {"height": 6.2, "baseHeight": 0.0}, "geometry": {"type": "Polygon", "coordinates": [[[-82.63438, 27.79642], [-82.6342867, 27.79642], [-82.6342867, 27.7965133], [-82.63438, 27.7965133], [-82.63438, 27.79642]]]}}, {"type": "Feature", "properties": {"height": 7.4, "baseHeight": 0.0}, "geometry": {"type": "Polygon", "coordinates": [[[-82.63438, 27.7967533], [-82.6342867, 27.7967533], [-82.6342867, 27.7968467], [-82.63438, 27.7968467], [-82.63438, 27.7967533]]]}}, {"type": "Feature", "properties": {"height": 10.5, "baseHeight": 0.0}, "geometry": {"type": "Polygon", "coordinates": [[[-82.63438, 27.7970867], [-82.6342867, 27.7970867], [-82.6342867, 27.79718], [-82.63438, 27.79718], [-82.63438, 27.7970867]]]}}, {"type": "Feature", "properties": {"height": 8.5, "baseHeight": 0.0}, "geometry": {"type": "Polygon", "coordinates": [[[-82.6340467, 27.79642], [-82.6339533, 27.79642], [-82.6339533, 27.7965133], [-82.6340467, 27.7965133], [-82.6340467, 27.79642]]]}}, {"type": "Feature", "properties": {"height": 10.8, "baseHeight": 0.0}, "geometry": {"type": "Polygon", "coordinates": [[[-82.6340467, 27.7967533], [-82.6339533, 27.7967533], [-82.6339533, 27.7968467], [-82.6340467, 27.7968467], [-82.6340467, 27.7967533]]]}}, {"type": "Feature", "properties": {"height": 10.1, "baseHeight": 0.0}, "geometry": {"type": "Polygon", "coordinates": [[[-82.6337133, 27.79642], [-82.63362, 27.79642], [-82.63362, 27.7965133], [-82.6337133, 27.7965133], [-82.6337133, 27.79642]]]}}, {"type": "Feature", "properties": {"height": 5.7, "baseHeight": 0.0}, "geometry": {"type": "Polygon", "coordinates": [[[-82.6337133, 27.7967533], [-82.63362, 27.7967533], [-82.63362, 27.7968467], [-82.6337133, 27.7968467], [-82.6337133, 27.7967533]]]}}, {"type": "Feature", "properties": {"height": 6.2, "baseHeight": 0.0}, "geometry": {"type": "Polygon", "coordinates": [[[-82.6337133, 27.7970867], [-82.63362, 27.7970867], [-82.63362, 27.79718], [-82.6337133, 27.79718], [-82.6337133, 27.7970867]]]}}, {"type": "Feature", "properties": {"height": 8.9, "baseHeight": 0.0}, "geometry": {"type": "Polygon", "coordinates": [[[-82.63278, 27.79642], [-82.6326867, 27.79642], [-82.6326867, 27.79668], [-82.63278, 27.79668], [-82.63278, 27.79642]]]}}, {"type": "Feature", "properties": {"height": 7.7, "baseHeight": 0.0}, "geometry": {"type": "Polygon", "coordinates": [[[-82.63278, 27.79692], [-82.6326867, 27.79692], [-82.6326867, 27.79718], [-82.63278, 27.79718], [-82.63278, 27.79692]]]}}, {"type": "Feature", "properties": {"height": 9.7, "baseHeight": 0.0}, "geometry": {"type": "Polygon", "coordinates": [[[-82.6324467, 27.79692], [-82.6323533, 27.79692], [-82.6323533, 27.79718], [-82.6324467, 27.79718], [-82.6324467, 27.79692]]]}}, {"type": "Feature", "properties": {"height": 8.1, "baseHeight": 0.0}, "geometry": {"type": "Polygon", "coordinates": [[[-82.6321133, 27.79642], [-82.63202, 27.79642], [-82.63202, 27.79668], [-82.6321133, 27.79668], [-82.6321133, 27.79642]]]}}, {"type": "Feature", "properties": {"height": 7.6, "baseHeight": 0.0}, "geometry": {"type": "Polygon", "coordinates": [[[-82.6321133, 27.79692], [-82.63202, 27.79692], [-82.63202, 27.79718], [-82.6321133, 27.79718], [-82.6321133, 27.79692]]]}}, {"type": "Feature", "properties": {"height": 9.3, "baseHeight": 0.0}, "geometry": {"type": "Polygon", "coordinates": [[[-82.63118, 27.79642], [-82.63042, 27.79642], [-82.63042, 27.79668], [-82.63118, 27.79668], [-82.63118, 27.79642]]]}}, {"type": "Feature", "properties": {"height": 5.8, "baseHeight": 0.0}, "geometry": {"type": "Polygon", "coordinates": [[[-82.63118, 27.79692], [-82.63042, 27.79692], [-82.63042, 27.79718], [-82.63118, 27.79718], [-82.63118, 27.79692]]]}}, {"type": "Feature", "properties": {"height": 6.0, "baseHeight": 0.0}, "geometry": {"type": "Polygon", "coordinates": [[[-82.62958, 27.79642], [-82.62882, 27.79642], [-82.62882, 27.79718], [-82.62958, 27.79718], [-82.62958, 27.79642]]]}}, {"type": "Feature", "properties": {"height": 9.5, "baseHeight": 0.0}, "geometry": {"type": "Polygon", "coordinates": [[[-82.62798, 27.79642], [-82.62722, 27.79642], [-82.62722, 27.7965133], [-82.62798, 27.7965133], [-82.62798, 27.79642]]]}}, {"type": "Feature", "properties": {"height": 9.1, "baseHeight": 0.0}, "geometry": {"type": "Polygon", "coordinates": [[[-82.62798, 27.7967533], [-82.62722, 27.7967533], [-82.62722, 27.7968467], [-82.62798, 27.7968467], [-82.62798, 27.7967533]]]}}, {"type": "Feature", "properties": {"height": 9.5, "baseHeight": 0.0}, "geometry": {"type": "Polygon", "coordinates": [[[-82.62798, 27.7970867], [-82.62722, 27.7970867], [-82.62722, 27.79718], [-82.62798, 27.79718], [-82.62798, 27.7970867]]]}}, {"type": "Feature", "properties": {"height": 8.4, "baseHeight": 0.0}, "geometry": {"type": "Polygon", "coordinates": [[[-82.62638, 27.79642], [-82.62612, 27.79642], [-82.62612, 27.79668], [-82.62638, 27.79668], [-82.62638, 27.79642]]]}}, {"type": "Feature", "properties": {"height": 9.4, "baseHeight": 0.0}, "geometry": {"type": "Polygon", "coordinates": [[[-82.62638, 27.79692], [-82.62612, 27.79692], [-82.62612, 27.79718], [-82.62638, 27.79718], [-82.62638, 27.79692]]]}}, {"type": "Feature", "properties": {"height": 9.5, "baseHeight": 0.0}, "geometry": {"type": "Polygon", "coordinates": [[[-82.62588, 27.79642], [-82.62562, 27.79642], [-82.62562, 27.79668], [-82.62588, 27.79668], [-82.62588, 27.79642]]]}}, {"type": "Feature", "properties": {"height": 9.0, "baseHeight": 0.0}, "geometry": {"type": "Polygon", "coordinates": [[[-82.62478, 27.79642], [-82.62402, 27.79642], [-82.62402, 27.79668], [-82.62478, 27.79668], [-82.62478, 27.79642]]]}}, {"type": "Feature", "properties": {"height": 5.4, "baseHeight": 0.0}, "geometry": {"type": "Polygon", "coordinates": [[[-82.62478, 27.79692], [-82.62402, 27.79692], [-82.62402, 27.79718], [-82.62478, 27.79718], [-82.62478, 27.79692]]]}}, {"type": "Feature", "properties": {"height": 5.6, "baseHeight": 0.0}, "geometry": {"type": "Polygon", "coordinates": [[[-82.62318, 27.79642], [-82.62242, 27.79642], [-82.62242, 27.79668], [-82.62318, 27.79668], [-82.62318, 27.79642]]]}}, {"type": "Feature", "properties": {"height": 6.0, "baseHeight": 0.0}, "geometry": {"type": "Polygon", "coordinates": [[[-82.61998, 27.79642], [-82.61972, 27.79642], [-82.61972, 27.7965133], [-82.61998, 27.7965133], [-82.61998, 27.79642]]]}}, {"type": "Feature", "properties": {"height": 10.1, "baseHeight": 0.0}, "geometry": {"type": "Polygon", "coordinates": [[[-82.61998, 27.7967533], [-82.61972, 27.7967533], [-82.61972, 27.7968467], [-82.61998, 27.7968467], [-82.61998, 27.7967533]]]}}, {"type": "Feature", "properties": {"height": 7.8, "baseHeight": 0.0}, "geometry": {"type": "Polygon", "coordinates": [[[-82.61998, 27.7970867], [-82.61972, 27.7970867], [-82.61972, 27.79718], [-82.61998, 27.79718], [-82.61998, 27.7970867]]]}}, {"type": "Feature", "properties": {"height": 5.1, "baseHeight": 0.0}, "geometry": {"type": "Polygon", "coordinates": [[[-82.61948, 27.79642], [-82.61922, 27.79642], [-82.61922, 27.7965133], [-82.61948, 27.7965133], [-82.61948, 27.79642]]]}}, {"type": "Feature", "properties": {"height": 10.6, "baseHeight": 0.0}, "geometry": {"type": "Polygon", "coordinates": [[[-82.61948, 27.7970867], [-82.61922, 27.7970867], [-82.61922, 27.79718], [-82.61948, 27.79718], [-82.61948, 27.7970867]]]}}, {"type": "Feature", "properties": {"height": 9.9, "baseHeight": 0.0}, "geometry": {"type": "Polygon", "coordinates": [[[-82.61838, 27.79692], [-82.6182867, 27.79692], [-82.6182867, 27.79718], [-82.61838, 27.79718], [-82.61838, 27.79692]]]}}, {"type": "Feature", "properties": {"height": 7.6, "baseHeight": 0.0}, "geometry": {"type": "Polygon", "coordinates": [[[-82.6180467, 27.79642], [-82.6179533, 27.79642], [-82.6179533, 27.79668], [-82.6180467, 27.79668], [-82.6180467, 27.79642]]]}}, {"type": "Feature", "properties": {"height": 6.0, "baseHeight": 0.0}, "geometry": {"type": "Polygon", "coordinates": [[[-82.6180467, 27.79692], [-82.6179533, 27.79692], [-82.6179533, 27.79718], [-82.6180467, 27.79718], [-82.6180467, 27.79692]]]}}, {"type": "Feature", "properties": {"height": 10.4, "baseHeight": 0.0}, "geometry": {"type": "Polygon", "coordinates": [[[-82.6177133, 27.79642], [-82.61762, 27.79642], [-82.61762, 27.79668], [-82.6177133, 27.79668], [-82.6177133, 27.79642]]]}}, {"type": "Feature", "properties": {"height": 9.5, "baseHeight": 0.0}, "geometry": {"type": "Polygon", "coordinates": [[[-82.61678, 27.79642], [-82.61652, 27.79642], [-82.61652, 27.79668], [-82.61678, 27.79668], [-82.61678, 27.79642]]]}}, {"type": "Feature", "properties": {"height": 7.2, "baseHeight": 0.0}, "geometry": {"type": "Polygon", "coordinates": [[[-82.61678, 27.79692], [-82.61652, 27.79692], [-82.61652, 27.79718], [-82.61678, 27.79718], [-82.61678, 27.79692]]]}}, {"type": "Feature", "properties": {"height": 5.7, "baseHeight": 0.0}, "geometry": {"type": "Polygon", "coordinates": [[[-82.61628, 27.79642], [-82.61602, 27.79642], [-82.61602, 27.79668], [-82.61628, 27.79668], [-82.61628, 27.79642]]]}}, {"type": "Feature", "properties": {"height": 11.7, "baseHeight": 0.0}, "geometry": {"type": "Polygon", "coordinates": [[[-82.61628, 27.79692], [-82.61602, 27.79692], [-82.61602, 27.79718], [-82.61628, 27.79718], [-82.61628, 27.79692]]]}}, {"type": "Feature", "properties": {"height": 7.0, "baseHeight": 0.0}, "geometry": {"type": "Polygon", "coordinates": [[[-82.61518, 27.79642], [-82.6150867, 27.79642], [-82.6150867, 27.79668], [-82.61518, 27.79668], [-82.61518, 27.79642]]]}}, {"type": "Feature", "properties": {"height": 9.7, "baseHeight": 0.0}, "geometry": {"type": "Polygon", "coordinates": [[[-82.61518, 27.79692], [-82.6150867, 27.79692], [-82.6150867, 27.79718], [-82.61518, 27.79718], [-82.61518, 27.79692]]]}}, {"type": "Feature", "properties": {"height": 37.8, "baseHeight": 0.0}, "geometry": {"type": "Polygon", "coordinates": [[[-82.6148467, 27.79642], [-82.6147533, 27.79642], [-82.6147533, 27.79668], [-82.6148467, 27.79668], [-82.6148467, 27.79642]]]}}, {"type": "Feature", "properties": {"height": 8.4, "baseHeight": 0.0}, "geometry": {"type": "Polygon", "coordinates": [[[-82.6148467, 27.79692], [-82.6147533, 27.79692], [-82.6147533, 27.79718], [-82.6148467, 27.79718], [-82.6148467, 27.79692]]]}}, {"type": "Feature", "properties": {"height": 7.1, "baseHeight": 0.0}, "geometry": {"type": "Polygon", "coordinates": [[[-82.6145133, 27.79642], [-82.61442, 27.79642], [-82.61442, 27.79668], [-82.6145133, 27.79668], [-82.6145133, 27.79642]]]}}, {"type": "Feature", "properties": {"height": 11.7, "baseHeight": 0.0}, "geometry": {"type": "Polygon", "coordinates": [[[-82.6145133, 27.79692], [-82.61442, 27.79692], [-82.61442, 27.79718], [-82.6145133, 27.79718], [-82.6145133, 27.79692]]]}}, {"type": "Feature", "properties": {"height": 7.7, "baseHeight": 0.0}, "geometry": {"type": "Polygon", "coordinates": [[[-82.61198, 27.79642], [-82.61172, 27.79642], [-82.61172, 27.7965133], [-82.61198, 27.7965133], [-82.61198, 27.79642]]]}}, {"type": "Feature", "properties": {"height": 10.6, "baseHeight": 0.0}, "geometry": {"type": "Polygon", "coordinates": [[[-82.61198, 27.7967533], [-82.61172, 27.7967533], [-82.61172, 27.7968467], [-82.61198, 27.7968467], [-82.61198, 27.7967533]]]}}, {"type": "Feature", "properties": {"height": 8.1, "baseHeight": 0.0}, "geometry": {"type": "Polygon", "coordinates": [[[-82.61148, 27.79642], [-82.61122, 27.79642], [-82.61122, 27.7965133], [-82.61148, 27.7965133], [-82.61148, 27.79642]]]}}, {"type": "Feature", "properties": {"height": 5.6, "baseHeight": 0.0}, "geometry": {"type": "Polygon", "coordinates": [[[-82.61148, 27.7967533], [-82.61122, 27.7967533], [-82.61122, 27.7968467], [-82.61148, 27.7968467], [-82.61148, 27.7967533]]]}}, {"type": "Feature", "properties": {"height": 9.5, "baseHeight": 0.0}, "geometry": {"type": "Polygon", "coordinates": [[[-82.61148, 27.7970867], [-82.61122, 27.7970867], [-82.61122, 27.79718], [-82.61148, 27.79718], [-82.61148, 27.7970867]]]}}, {"type": "Feature", "properties": {"height": 47.7, "baseHeight": 0.0}, "geometry": {"type": "Polygon", "coordinates": [[[-82.66958, 27.79802], [-82.66882, 27.79802], [-82.66882, 27.79828], [-82.66958, 27.79828], [-82.66958, 27.79802]]]}}, {"type": "Feature", "properties": {"height": 9.8, "baseHeight": 0.0}, "geometry": {"type": "Polygon", "coordinates": [[[-82.66958, 27.79852], [-82.66882, 27.79852], [-82.66882, 27.79878], [-82.66958, 27.79878], [-82.66958, 27.79852]]]}}, {"type": "Feature", "properties": {"height": 9.6, "baseHeight": 0.0}, "geometry": {"type": "Polygon", "coordinates": [[[-82.66798, 27.79802], [-82.6678867, 27.79802], [-82.6678867, 27.79828], [-82.66798, 27.79828], [-82.66798, 27.79802]]]}}, {"type": "Feature", "properties": {"height": 11.6, "baseHeight": 0.0}, "geometry": {"type": "Polygon", "coordinates": [[[-82.6676467, 27.79802], [-82.6675533, 27.79802], [-82.6675533, 27.79828], [-82.6676467, 27.79828], [-82.6676467, 27.79802]]]}}, {"type": "Feature", "properties": {"height": 9.9, "baseHeight": 0.0}, "geometry": {"type": "Polygon", "coordinates": [[[-82.6676467, 27.79852], [-82.6675533, 27.79852], [-82.6675533, 27.79878], [-82.6676467, 27.79878], [-82.6676467, 27.79852]]]}}, {"type": "Feature", "properties": {"height": 9.4, "baseHeight": 0.0}, "geometry": {"type": "Polygon", "coordinates": [[[-82.6673133, 27.79802], [-82.66722, 27.79802], [-82.66722, 27.79828], [-82.6673133, 27.79828], [-82.6673133, 27.79802]]]}}, {"type": "Feature", "properties": {"height": 7.1, "baseHeight": 0.0}, "geometry": {"type": "Polygon", "coordinates": [[[-82.6673133, 27.79852], [-82.66722, 27.79852], [-82.66722, 27.79878], [-82.6673133, 27.79878], [-82.6673133, 27.79852]]]}}, {"type": "Feature", "properties": {"height": 8.5, "baseHeight": 0.0}, "geometry": {"type": "Polygon", "coordinates": [[[-82.66638, 27.79802], [-82.66612, 27.79802], [-82.66612, 27.79878], [-82.66638, 27.79878], [-82.66638, 27.79802]]]}}, {"type": "Feature", "properties": {"height": 9.9, "baseHeight": 0.0}, "geometry": {"type": "Polygon", "coordinates": [[[-82.66588, 27.79802], [-82.66562, 27.79802], [-82.66562, 27.79878], [-82.66588, 27.79878], [-82.66588, 27.79802]]]}}, {"type": "Feature", "properties": {"height": 11.0, "baseHeight": 0.0}, "geometry": {"type": "Polygon", "coordinates": [[[-82.65998, 27.79802], [-82.65972, 27.79802], [-82.65972, 27.79828], [-82.65998, 27.79828], [-82.65998, 27.79802]]]}}, {"type": "Feature", "properties": {"height": 9.9, "baseHeight": 0.0}, "geometry": {"type": "Polygon", "coordinates": [[[-82.65998, 27.79852], [-82.65972, 27.79852], [-82.65972, 27.79878], [-82.65998, 27.79878], [-82.65998, 27.79852]]]}}, {"type": "Feature", "properties": {"height": 6.5, "baseHeight": 0.0}, "geometry": {"type": "Polygon", "coordinates": [[[-82.65948, 27.79802], [-82.65922, 27.79802], [-82.65922, 27.79828], [-82.65948, 27.79828], [-82.65948, 27.79802]]]}}, {"type": "Feature", "properties": {"height": 46.6, "baseHeight": 0.0}, "geometry": {"type": "Polygon", "coordinates": [[[-82.65838, 27.79802], [-82.65762, 27.79802], [-82.65762, 27.79828], [-82.65838, 27.79828], [-82.65838, 27.79802]]]}}, {"type": "Feature", "properties": {"height": 9.6, "baseHeight": 0.0}, "geometry": {"type": "Polygon", "coordinates": [[[-82.65838, 27.79852], [-82.65762, 27.79852], [-82.65762, 27.79878], [-82.65838, 27.79878], [-82.65838, 27.79852]]]}}, {"type": "Feature", "properties": {"height": 11.1, "baseHeight": 0.0}, "geometry": {"type": "Polygon", "coordinates": [[[-82.65678, 27.79802], [-82.65602, 27.79802], [-82.65602, 27.7981133], [-82.65678, 27.7981133], [-82.65678, 27.79802]]]}}, {"type": "Feature", "properties": {"height": 5.4, "baseHeight": 0.0}, "geometry": {"type": "Polygon", "coordinates": [[[-82.65678, 27.7983533], [-82.65602, 27.7983533], [-82.65602, 27.7984467], [-82.65678, 27.7984467], [-82.65678, 27.7983533]]]}}, {"type": "Feature", "properties": {"height": 5.7, "baseHeight": 0.0}, "geometry": {"type": "Polygon", "coordinates": [[[-82.65678, 27.7986867], [-82.65602, 27.7986867], [-82.65602, 27.79878], [-82.65678, 27.79878], [-82.65678, 27.7986867]]]}}, {"type": "Feature", "properties": {"height": 5.5, "baseHeight": 0.0}, "geometry": {"type": "Polygon", "coordinates": [[[-82.65468, 27.79802], [-82.65442, 27.79802], [-82.65442, 27.79878], [-82.65468, 27.79878], [-82.65468, 27.79802]]]}}, {"type": "Feature", "properties": {"height": 9.5, "baseHeight": 0.0}, "geometry": {"type": "Polygon", "coordinates": [[[-82.6513133, 27.79802], [-82.65122, 27.79802], [-82.65122, 27.79878], [-82.6513133, 27.79878], [-82.6513133, 27.79802]]]}}, {"type": "Feature", "properties": {"height": 7.1, "baseHeight": 0.0}, "geometry": {"type": "Polygon", "coordinates": [[[-82.64988, 27.79802], [-82.64962, 27.79802], [-82.64962, 27.79878], [-82.64988, 27.79878], [-82.64988, 27.79802]]]}}, {"type": "Feature", "properties": {"height": 10.2, "baseHeight": 0.0}, "geometry": {"type": "Polygon", "coordinates": [[[-82.64878, 27.79802], [-82.6486867, 27.79802], [-82.6486867, 27.79878], [-82.64878, 27.79878], [-82.64878, 27.79802]]]}}, {"type": "Feature", "properties": {"height": 5.1, "baseHeight": 0.0}, "geometry": {"type": "Polygon", "coordinates": [[[-82.64718, 27.79802], [-82.64642, 27.79802], [-82.64642, 27.79878], [-82.64718, 27.79878], [-82.64718, 27.79802]]]}}, {"type": "Feature", "properties": {"height": 11.3, "baseHeight": 0.0}, "geometry": {"type": "Polygon", "coordinates": [[[-82.64558, 27.79802], [-82.64532, 27.79802], [-82.64532, 27.79878], [-82.64558, 27.79878], [-82.64558, 27.79802]]]}}, {"type": "Feature", "properties": {"height": 11.5, "baseHeight": 0.0}, "geometry": {"type": "Polygon", "coordinates": [[[-82.64508, 27.79802], [-82.64482, 27.79802], [-82.64482, 27.79878], [-82.64508, 27.79878], [-82.64508, 27.79802]]]}}, {"type": "Feature", "properties": {"height": 8.8, "baseHeight": 0.0}, "geometry": {"type": "Polygon", "coordinates": [[[-82.64238, 27.79802], [-82.64212, 27.79802], [-82.64212, 27.79878], [-82.64238, 27.79878], [-82.64238, 27.79802]]]}}, {"type": "Feature", "properties": {"height": 10.0, "baseHeight": 0.0}, "geometry": {"type": "Polygon", "coordinates": [[[-82.64188, 27.79802], [-82.64162, 27.79802], [-82.64162, 27.79878], [-82.64188, 27.79878], [-82.64188, 27.79802]]]}}, {"type": "Feature", "properties": {"height": 6.1, "baseHeight": 0.0}, "geometry": {"type": "Polygon", "coordinates": [[[-82.64028, 27.79802], [-82.64002, 27.79802], [-82.64002, 27.79878], [-82.64028, 27.79878], [-82.64028, 27.79802]]]}}, {"type": "Feature", "properties": {"height": 6.7, "baseHeight": 0.0}, "geometry": {"type": "Polygon", "coordinates": [[[-82.63598, 27.79802], [-82.63572, 27.79802], [-82.63572, 27.79828], [-82.63598, 27.79828], [-82.63598, 27.79802]]]}}, {"type": "Feature", "properties": {"height": 7.9, "baseHeight": 0.0}, "geometry": {"type": "Polygon", "coordinates": [[[-82.63598, 27.79852], [-82.63572, 27.79852], [-82.63572, 27.79878], [-82.63598, 27.79878], [-82.63598, 27.79852]]]}}, {"type": "Feature", "properties": {"height": 5.0, "baseHeight": 0.0}, "geometry": {"type": "Polygon", "coordinates": [[[-82.63548, 27.79802], [-82.63522, 27.79802], [-82.63522, 27.79828], [-82.63548, 27.79828], [-82.63548, 27.79802]]]}}, {"type": "Feature", "properties": {"height": 9.0, "baseHeight": 0.0}, "geometry": {"type": "Polygon", "coordinates": [[[-82.63548, 27.79852], [-82.63522, 27.79852], [-82.63522, 27.79878], [-82.63548, 27.79878], [-82.63548, 27.79852]]]}}, {"type": "Feature", "properties": {"height": 9.4, "baseHeight": 0.0}, "geometry": {"type": "Polygon", "coordinates": [[[-82.63438, 27.79802], [-82.63412, 27.79802], [-82.63412, 27.79878], [-82.63438, 27.79878], [-82.63438, 27.79802]]]}}, {"type": "Feature", "properties": {"height": 7.5, "baseHeight": 0.0}, "geometry": {"type": "Polygon", "coordinates": [[[-82.63388, 27.79802], [-82.63362, 27.79802], [-82.63362, 27.79878], [-82.63388, 27.79878], [-82.63388, 27.79802]]]}}, {"type": "Feature", "properties": {"height": 5.6, "baseHeight": 0.0}, "geometry": {"type": "Polygon", "coordinates": [[[-82.63278, 27.79802], [-82.63202, 27.79802], [-82.63202, 27.79878], [-82.63278, 27.79878], [-82.63278, 27.79802]]]}}, {"type": "Feature", "properties": {"height": 11.2, "baseHeight": 0.0}, "geometry": {"type": "Polygon", "coordinates": [[[-82.63068, 27.79802], [-82.63042, 27.79802], [-82.63042, 27.79878], [-82.63068, 27.79878], [-82.63068, 27.79802]]]}}, {"type": "Feature", "properties": {"height": 9.9, "baseHeight": 0.0}, "geometry": {"type": "Polygon", "coordinates": [[[-82.62958, 27.79802], [-82.6294867, 27.79802], [-82.6294867, 27.79828], [-82.62958, 27.79828], [-82.62958, 27.79802]]]}}, {"type": "Feature", "properties": {"height": 39.6, "baseHeight": 0.0}, "geometry": {"type": "Polygon", "coordinates": [[[-82.62958, 27.79852], [-82.6294867, 27.79852], [-82.6294867, 27.79878], [-82.62958, 27.79878], [-82.62958, 27.79852]]]}}, {"type": "Feature", "properties": {"height": 5.7, "baseHeight": 0.0}, "geometry": {"type": "Polygon", "coordinates": [[[-82.6292467, 27.79802], [-82.6291533, 27.79802], [-82.6291533, 27.79828], [-82.6292467, 27.79828], [-82.6292467, 27.79802]]]}}, {"type": "Feature", "properties": {"height": 9.8, "baseHeight": 0.0}, "geometry": {"type": "Polygon", "coordinates": [[[-82.6292467, 27.79852], [-82.6291533, 27.79852], [-82.6291533, 27.79878], [-82.6292467, 27.79878], [-82.6292467, 27.79852]]]}}, {"type": "Feature", "properties": {"height": 5.9, "baseHeight": 0.0}, "geometry": {"type": "Polygon", "coordinates": [[[-82.6289133, 27.79802], [-82.62882, 27.79802], [-82.62882, 27.79828], [-82.6289133, 27.79828], [-82.6289133, 27.79802]]]}}, {"type": "Feature", "properties": {"height": 8.9, "baseHeight": 0.0}, "geometry": {"type": "Polygon", "coordinates": [[[-82.6289133, 27.79852], [-82.62882, 27.79852], [-82.62882, 27.79878], [-82.6289133, 27.79878], [-82.6289133, 27.79852]]]}}, {"type": "Feature", "properties": {"height": 8.6, "baseHeight": 0.0}, "geometry": {"type": "Polygon", "coordinates": [[[-82.62638, 27.79802], [-82.62612, 27.79802], [-82.62612, 27.7981133], [-82.62638, 27.7981133], [-82.62638, 27.79802]]]}}, {"type": "Feature", "properties": {"height": 9.0, "baseHeight": 0.0}, "geometry": {"type": "Polygon", "coordinates": [[[-82.62638, 27.7983533], [-82.62612, 27.7983533], [-82.62612, 27.7984467], [-82.62638, 27.7984467], [-82.62638, 27.7983533]]]}}, {"type": "Feature", "properties": {"height": 8.7, "baseHeight": 0.0}, "geometry": {"type": "Polygon", "coordinates": [[[-82.62638, 27.7986867], [-82.62612, 27.7986867], [-82.62612, 27.79878], [-82.62638, 27.79878], [-82.62638, 27.7986867]]]}}, {"type": "Feature", "properties": {"height": 10.9, "baseHeight": 0.0}, "geometry": {"type": "Polygon", "coordinates": [[[-82.62588, 27.7986867], [-82.62562, 27.7986867], [-82.62562, 27.79878], [-82.62588, 27.79878], [-82.62588, 27.7986867]]]}}, {"type": "Feature", "properties": {"height": 5.8, "baseHeight": 0.0}, "geometry": {"type": "Polygon", "coordinates": [[[-82.62158, 27.79802], [-82.62132, 27.79802], [-82.62132, 27.79878], [-82.62158, 27.79878], [-82.62158, 27.79802]]]}}, {"type": "Feature", "properties": {"height": 5.4, "baseHeight": 0.0}, "geometry": {"type": "Polygon", "coordinates": [[[-82.62108, 27.79802], [-82.62082, 27.79802], [-82.62082, 27.79878], [-82.62108, 27.79878], [-82.62108, 27.79802]]]}}, {"type": "Feature", "properties": {"height": 11.2, "baseHeight": 0.0}, "geometry": {"type": "Polygon", "coordinates": [[[-82.61838, 27.79802], [-82.6182867, 27.79802], [-82.6182867, 27.79878], [-82.61838, 27.79878], [-82.61838, 27.79802]]]}}, {"type": "Feature", "properties": {"height": 5.0, "baseHeight": 0.0}, "geometry": {"type": "Polygon", "coordinates": [[[-82.6180467, 27.79802], [-82.6179533, 27.79802], [-82.6179533, 27.79878], [-82.6180467, 27.79878], [-82.6180467, 27.79802]]]}}, {"type": "Feature", "properties": {"height": 7.8, "baseHeight": 0.0}, "geometry": {"type": "Polygon", "coordinates": [[[-82.6177133, 27.79802], [-82.61762, 27.79802], [-82.61762, 27.79878], [-82.6177133, 27.79878], [-82.6177133, 27.79802]]]}}, {"type": "Feature", "properties": {"height": 7.1, "baseHeight": 0.0}, "geometry": {"type": "Polygon", "coordinates": [[[-82.61678, 27.79802], [-82.61652, 27.79802], [-82.61652, 27.79828], [-82.61678, 27.79828], [-82.61678, 27.79802]]]}}, {"type": "Feature", "properties": {"height": 8.0, "baseHeight": 0.0}, "geometry": {"type": "Polygon", "coordinates": [[[-82.61628, 27.79802], [-82.61602, 27.79802], [-82.61602, 27.79828], [-82.61628, 27.79828], [-82.61628, 27.79802]]]}}, {"type": "Feature", "properties": {"height": 5.2, "baseHeight": 0.0}, "geometry": {"type": "Polygon", "coordinates": [[[-82.61518, 27.79802], [-82.6150867, 27.79802], [-82.6150867, 27.79828], [-82.61518, 27.79828], [-82.61518, 27.79802]]]}}, {"type": "Feature", "properties": {"height": 8.4, "baseHeight": 0.0}, "geometry": {"type": "Polygon", "coordinates": [[[-82.61518, 27.79852], [-82.6150867, 27.79852], [-82.6150867, 27.79878], [-82.61518, 27.79878], [-82.61518, 27.79852]]]}}, {"type": "Feature", "properties": {"height": 7.3, "baseHeight": 0.0}, "geometry": {"type": "Polygon", "coordinates": [[[-82.6148467, 27.79802], [-82.6147533, 27.79802], [-82.6147533, 27.79828], [-82.6148467, 27.79828], [-82.6148467, 27.79802]]]}}, {"type": "Feature", "properties": {"height": 7.9, "baseHeight": 0.0}, "geometry": {"type": "Polygon", "coordinates": [[[-82.6148467, 27.79852], [-82.6147533, 27.79852], [-82.6147533, 27.79878], [-82.6148467, 27.79878], [-82.6148467, 27.79852]]]}}, {"type": "Feature", "properties": {"height": 11.3, "baseHeight": 0.0}, "geometry": {"type": "Polygon", "coordinates": [[[-82.6145133, 27.79802], [-82.61442, 27.79802], [-82.61442, 27.79828], [-82.6145133, 27.79828], [-82.6145133, 27.79802]]]}}, {"type": "Feature", "properties": {"height": 5.5, "baseHeight": 0.0}, "geometry": {"type": "Polygon", "coordinates": [[[-82.6145133, 27.79852], [-82.61442, 27.79852], [-82.61442, 27.79878], [-82.6145133, 27.79878], [-82.6145133, 27.79852]]]}}, {"type": "Feature", "properties": {"height": 11.3, "baseHeight": 0.0}, "geometry": {"type": "Polygon", "coordinates": [[[-82.61358, 27.79802], [-82.61332, 27.79802], [-82.61332, 27.79878], [-82.61358, 27.79878], [-82.61358, 27.79802]]]}}, {"type": "Feature", "properties": {"height": 6.3, "baseHeight": 0.0}, "geometry": {"type": "Polygon", "coordinates": [[[-82.61308, 27.79802], [-82.61282, 27.79802], [-82.61282, 27.79878], [-82.61308, 27.79878], [-82.61308, 27.79802]]]}}, {"type": "Feature", "properties": {"height": 8.8, "baseHeight": 0.0}, "geometry": {"type": "Polygon", "coordinates": [[[-82.66958, 27.79962], [-82.66932, 27.79962], [-82.66932, 27.80038], [-82.66958, 27.80038], [-82.66958, 27.79962]]]}}, {"type": "Feature", "properties": {"height": 9.6, "baseHeight": 0.0}, "geometry": {"type": "Polygon", "coordinates": [[[-82.66638, 27.79962], [-82.6662867, 27.79962], [-82.6662867, 27.79988], [-82.66638, 27.79988], [-82.66638, 27.79962]]]}}, {"type": "Feature", "properties": {"height": 9.0, "baseHeight": 0.0}, "geometry": {"type": "Polygon", "coordinates": [[[-82.66638, 27.80012], [-82.6662867, 27.80012], [-82.6662867, 27.80038], [-82.66638, 27.80038], [-82.66638, 27.80012]]]}}, {"type": "Feature", "properties": {"height": 9.6, "baseHeight": 0.0}, "geometry": {"type": "Polygon", "coordinates": [[[-82.6660467, 27.79962], [-82.6659533, 27.79962], [-82.6659533, 27.79988], [-82.6660467, 27.79988], [-82.6660467, 27.79962]]]}}, {"type": "Feature", "properties": {"height": 12.0, "baseHeight": 0.0}, "geometry": {"type": "Polygon", "coordinates": [[[-82.6657133, 27.79962], [-82.66562, 27.79962], [-82.66562, 27.79988], [-82.6657133, 27.79988], [-82.6657133, 27.79962]]]}}, {"type": "Feature", "properties": {"height": 9.7, "baseHeight": 0.0}, "geometry": {"type": "Polygon", "coordinates": [[[-82.6657133, 27.80012], [-82.66562, 27.80012], [-82.66562, 27.80038], [-82.6657133, 27.80038], [-82.6657133, 27.80012]]]}}, {"type": "Feature", "properties": {"height": 8.6, "baseHeight": 0.0}, "geometry": {"type": "Polygon", "coordinates": [[[-82.66478, 27.79962], [-82.66402, 27.79962], [-82.66402, 27.7997133], [-82.66478, 27.7997133], [-82.66478, 27.79962]]]}}, {"type": "Feature", "properties": {"height": 5.8, "baseHeight": 0.0}, "geometry": {"type": "Polygon", "coordinates": [[[-82.66478, 27.7999533], [-82.66402, 27.7999533], [-82.66402, 27.8000467], [-82.66478, 27.8000467], [-82.66478, 27.7999533]]]}}, {"type": "Feature", "properties": {"height": 6.2, "baseHeight": 0.0}, "geometry": {"type": "Polygon", "coordinates": [[[-82.66318, 27.79962], [-82.66292, 27.79962], [-82.66292, 27.79988], [-82.66318, 27.79988], [-82.66318, 27.79962]]]}}, {"type": "Feature", "properties": {"height": 5.9, "baseHeight": 0.0}, "geometry": {"type": "Polygon", "coordinates": [[[-82.66318, 27.80012], [-82.66292, 27.80012], [-82.66292, 27.80038], [-82.66318, 27.80038], [-82.66318, 27.80012]]]}}, {"type": "Feature", "properties": {"height": 6.7, "baseHeight": 0.0}, "geometry": {"type": "Polygon", "coordinates": [[[-82.66268, 27.79962], [-82.66242, 27.79962], [-82.66242, 27.79988], [-82.66268, 27.79988], [-82.66268, 27.79962]]]}}, {"type": "Feature", "properties": {"height": 7.7, "baseHeight": 0.0}, "geometry": {"type": "Polygon", "coordinates": [[[-82.66268, 27.80012], [-82.66242, 27.80012], [-82.66242, 27.80038], [-82.66268, 27.80038], [-82.66268, 27.80012]]]}}, {"type": "Feature", "properties": {"height": 10.3, "baseHeight": 0.0}, "geometry": {"type": "Polygon", "coordinates": [[[-82.65998, 27.79962], [-82.6598867, 27.79962], [-82.6598867, 27.79988], [-82.65998, 27.79988], [-82.65998, 27.79962]]]}}, {"type": "Feature", "properties": {"height": 7.7, "baseHeight": 0.0}, "geometry": {"type": "Polygon", "coordinates": [[[-82.65998, 27.80012], [-82.6598867, 27.80012], [-82.6598867, 27.80038], [-82.65998, 27.80038], [-82.65998, 27.80012]]]}}, {"type": "Feature", "properties": {"height": 8.9, "baseHeight": 0.0}, "geometry": {"type": "Polygon", "coordinates": [[[-82.6596467, 27.79962], [-82.6595533, 27.79962], [-82.6595533, 27.79988], [-82.6596467, 27.79988], [-82.6596467, 27.79962]]]}}, {"type": "Feature", "properties": {"height": 9.9, "baseHeight": 0.0}, "geometry": {"type": "Polygon", "coordinates": [[[-82.6596467, 27.80012], [-82.6595533, 27.80012], [-82.6595533, 27.80038], [-82.6596467, 27.80038], [-82.6596467, 27.80012]]]}}, {"type": "Feature", "properties": {"height": 10.3, "baseHeight": 0.0}, "geometry": {"type": "Polygon", "coordinates": [[[-82.6593133, 27.79962], [-82.65922, 27.79962], [-82.65922, 27.79988], [-82.6593133, 27.79988], [-82.6593133, 27.79962]]]}}, {"type": "Feature", "properties": {"height": 8.9, "baseHeight": 0.0}, "geometry": {"type": "Polygon", "coordinates": [[[-82.6593133, 27.80012], [-82.65922, 27.80012], [-82.65922, 27.80038], [-82.6593133, 27.80038], [-82.6593133, 27.80012]]]}}, {"type": "Feature", "properties": {"height": 5.6, "baseHeight": 0.0}, "geometry": {"type": "Polygon", "coordinates": [[[-82.65838, 27.79962], [-82.65762, 27.79962], [-82.65762, 27.80038], [-82.65838, 27.80038], [-82.65838, 27.79962]]]}}, {"type": "Feature", "properties": {"height": 10.8, "baseHeight": 0.0}, "geometry": {"type": "Polygon", "coordinates": [[[-82.65678, 27.79962], [-82.6566867, 27.79962], [-82.6566867, 27.80038], [-82.65678, 27.80038], [-82.65678, 27.79962]]]}}, {"type": "Feature", "properties": {"height": 7.6, "baseHeight": 0.0}, "geometry": {"type": "Polygon", "coordinates": [[[-82.6564467, 27.79962], [-82.6563533, 27.79962], [-82.6563533, 27.80038], [-82.6564467, 27.80038], [-82.6564467, 27.79962]]]}}, {"type": "Feature", "properties": {"height": 6.7, "baseHeight": 0.0}, "geometry": {"type": "Polygon", "coordinates": [[[-82.65358, 27.80012], [-82.65282, 27.80012], [-82.65282, 27.80038], [-82.65358, 27.80038], [-82.65358, 27.80012]]]}}, {"type": "Feature", "properties": {"height": 11.3, "baseHeight": 0.0}, "geometry": {"type": "Polygon", "coordinates": [[[-82.65198, 27.79962], [-82.65122, 27.79962], [-82.65122, 27.79988], [-82.65198, 27.79988], [-82.65198, 27.79962]]]}}, {"type": "Feature", "properties": {"height": 7.7, "baseHeight": 0.0}, "geometry": {"type": "Polygon", "coordinates": [[[-82.65198, 27.80012], [-82.65122, 27.80012], [-82.65122, 27.80038], [-82.65198, 27.80038], [-82.65198, 27.80012]]]}}, {"type": "Feature", "properties": {"height": 9.9, "baseHeight": 0.0}, "geometry": {"type": "Polygon", "coordinates": [[[-82.65038, 27.79962], [-82.64962, 27.79962], [-82.64962, 27.80038], [-82.65038, 27.80038], [-82.65038, 27.79962]]]}}, {"type": "Feature", "properties": {"height": 8.5, "baseHeight": 0.0}, "geometry": {"type": "Polygon", "coordinates": [[[-82.64878, 27.79962], [-82.64852, 27.79962], [-82.64852, 27.80038], [-82.64878, 27.80038], [-82.64878, 27.79962]]]}}, {"type": "Feature", "properties": {"height": 8.1, "baseHeight": 0.0}, "geometry": {"type": "Polygon", "coordinates": [[[-82.64828, 27.79962], [-82.64802, 27.79962], [-82.64802, 27.80038], [-82.64828, 27.80038], [-82.64828, 27.79962]]]}}, {"type": "Feature", "properties": {"height": 5.9, "baseHeight": 0.0}, "geometry": {"type": "Polygon", "coordinates": [[[-82.64718, 27.79962], [-82.64692, 27.79962], [-82.64692, 27.80038], [-82.64718, 27.80038], [-82.64718, 27.79962]]]}}, {"type": "Feature", "properties": {"height": 5.8, "baseHeight": 0.0}, "geometry": {"type": "Polygon", "coordinates": [[[-82.64668, 27.79962], [-82.64642, 27.79962], [-82.64642, 27.80038], [-82.64668, 27.80038], [-82.64668, 27.79962]]]}}, {"type": "Feature", "properties": {"height": 10.0, "baseHeight": 0.0}, "geometry": {"type": "Polygon", "coordinates": [[[-82.64558, 27.80012], [-82.6454867, 27.80012], [-82.6454867, 27.80038], [-82.64558, 27.80038], [-82.64558, 27.80012]]]}}, {"type": "Feature", "properties": {"height": 11.4, "baseHeight": 0.0}, "geometry": {"type": "Polygon", "coordinates": [[[-82.6452467, 27.79962], [-82.6451533, 27.79962], [-82.6451533, 27.79988], [-82.6452467, 27.79988], [-82.6452467, 27.79962]]]}}, {"type": "Feature", "properties": {"height": 5.3, "baseHeight": 0.0}, "geometry": {"type": "Polygon", "coordinates": [[[-82.6452467, 27.80012], [-82.6451533, 27.80012], [-82.6451533, 27.80038], [-82.6452467, 27.80038], [-82.6452467, 27.80012]]]}}, {"type": "Feature", "properties": {"height": 10.5, "baseHeight": 0.0}, "geometry": {"type": "Polygon", "coordinates": [[[-82.6449133, 27.79962], [-82.64482, 27.79962], [-82.64482, 27.79988], [-82.6449133, 27.79988], [-82.6449133, 27.79962]]]}}, {"type": "Feature", "properties": {"height": 7.0, "baseHeight": 0.0}, "geometry": {"type": "Polygon", "coordinates": [[[-82.64398, 27.79962], [-82.64372, 27.79962], [-82.64372, 27.7997133], [-82.64398, 27.7997133], [-82.64398, 27.79962]]]}}, {"type": "Feature", "properties": {"height": 9.4, "baseHeight": 0.0}, "geometry": {"type": "Polygon", "coordinates": [[[-82.64398, 27.7999533], [-82.64372, 27.7999533], [-82.64372, 27.8000467], [-82.64398, 27.8000467], [-82.64398, 27.7999533]]]}}, {"type": "Feature", "properties": {"height": 5.4, "baseHeight": 0.0}, "geometry": {"type": "Polygon", "coordinates": [[[-82.64398, 27.8002867], [-82.64372, 27.8002867], [-82.64372, 27.80038], [-82.64398, 27.80038], [-82.64398, 27.8002867]]]}}, {"type": "Feature", "properties": {"height": 6.5, "baseHeight": 0.0}, "geometry": {"type": "Polygon", "coordinates": [[[-82.64348, 27.79962], [-82.64322, 27.79962], [-82.64322, 27.7997133], [-82.64348, 27.7997133], [-82.64348, 27.79962]]]}}, {"type": "Feature", "properties": {"height": 9.1, "baseHeight": 0.0}, "geometry": {"type": "Polygon", "coordinates": [[[-82.64348, 27.7999533], [-82.64322, 27.7999533], [-82.64322, 27.8000467], [-82.64348, 27.8000467], [-82.64348, 27.7999533]]]}}, {"type": "Feature", "properties": {"height": 10.9, "baseHeight": 0.0}, "geometry": {"type": "Polygon", "coordinates": [[[-82.64348, 27.8002867], [-82.64322, 27.8002867], [-82.64322, 27.80038], [-82.64348, 27.80038], [-82.64348, 27.8002867]]]}}, {"type": "Feature", "properties": {"height": 8.4, "baseHeight": 0.0}, "geometry": {"type": "Polygon", "coordinates": [[[-82.64078, 27.79962], [-82.64002, 27.79962], [-82.64002, 27.7997133], [-82.64078, 27.7997133], [-82.64078, 27.79962]]]}}, {"type": "Feature", "properties": {"height": 6.3, "baseHeight": 0.0}, "geometry": {"type": "Polygon", "coordinates": [[[-82.64078, 27.7999533], [-82.64002, 27.7999533], [-82.64002, 27.8000467], [-82.64078, 27.8000467], [-82.64078, 27.7999533]]]}}, {"type": "Feature", "properties": {"height": 6.9, "baseHeight": 0.0}, "geometry": {"type": "Polygon", "coordinates": [[[-82.64078, 27.8002867], [-82.64002, 27.8002867], [-82.64002, 27.80038], [-82.64078, 27.80038], [-82.64078, 27.8002867]]]}}, {"type": "Feature", "properties": {"height": 10.5, "baseHeight": 0.0}, "geometry": {"type": "Polygon", "coordinates": [[[-82.63758, 27.79962], [-82.63682, 27.79962], [-82.63682, 27.79988], [-82.63758, 27.79988], [-82.63758, 27.79962]]]}}, {"type": "Feature", "properties": {"height": 48.0, "baseHeight": 0.0}, "geometry": {"type": "Polygon", "coordinates": [[[-82.63758, 27.80012], [-82.63682, 27.80012], [-82.63682, 27.80038], [-82.63758, 27.80038], [-82.63758, 27.80012]]]}}, {"type": "Feature", "properties": {"height": 10.2, "baseHeight": 0.0}, "geometry": {"type": "Polygon", "coordinates": [[[-82.63598, 27.79962], [-82.6358867, 27.79962], [-82.6358867, 27.79988], [-82.63598, 27.79988], [-82.63598, 27.79962]]]}}, {"type": "Feature", "properties": {"height": 11.7, "baseHeight": 0.0}, "geometry": {"type": "Polygon", "coordinates": [[[-82.63598, 27.80012], [-82.6358867, 27.80012], [-82.6358867, 27.80038], [-82.63598, 27.80038], [-82.63598, 27.80012]]]}}, {"type": "Feature", "properties": {"height": 6.9, "baseHeight": 0.0}, "geometry": {"type": "Polygon", "coordinates": [[[-82.6356467, 27.79962], [-82.6355533, 27.79962], [-82.6355533, 27.79988], [-82.6356467, 27.79988], [-82.6356467, 27.79962]]]}}, {"type": "Feature", "properties": {"height": 8.9, "baseHeight": 0.0}, "geometry": {"type": "Polygon", "coordinates": [[[-82.6353133, 27.80012], [-82.63522, 27.80012], [-82.63522, 27.80038], [-82.6353133, 27.80038], [-82.6353133, 27.80012]]]}}, {"type": "Feature", "properties": {"height": 8.0, "baseHeight": 0.0}, "geometry": {"type": "Polygon", "coordinates": [[[-82.63438, 27.79962], [-82.63362, 27.79962], [-82.63362, 27.79988], [-82.63438, 27.79988], [-82.63438, 27.79962]]]}}, {"type": "Feature", "properties": {"height": 10.2, "baseHeight": 0.0}, "geometry": {"type": "Polygon", "coordinates": [[[-82.63438, 27.80012], [-82.63362, 27.80012], [-82.63362, 27.80038], [-82.63438, 27.80038], [-82.63438, 27.80012]]]}}, {"type": "Feature", "properties": {"height": 8.3, "baseHeight": 0.0}, "geometry": {"type": "Polygon", "coordinates": [[[-82.63278, 27.79962], [-82.63202, 27.79962], [-82.63202, 27.80038], [-82.63278, 27.80038], [-82.63278, 27.79962]]]}}, {"type": "Feature", "properties": {"height": 6.2, "baseHeight": 0.0}, "geometry": {"type": "Polygon", "coordinates": [[[-82.63118, 27.79962], [-82.6310867, 27.79962], [-82.6310867, 27.80038], [-82.63118, 27.80038], [-82.63118, 27.79962]]]}}, {"type": "Feature", "properties": {"height": 7.3, "baseHeight": 0.0}, "geometry": {"type": "Polygon", "coordinates": [[[-82.6308467, 27.79962], [-82.6307533, 27.79962], [-82.6307533, 27.80038], [-82.6308467, 27.80038], [-82.6308467, 27.79962]]]}}, {"type": "Feature", "properties": {"height": 9.1, "baseHeight": 0.0}, "geometry": {"type": "Polygon", "coordinates": [[[-82.62958, 27.80012], [-82.62932, 27.80012], [-82.62932, 27.80038], [-82.62958, 27.80038], [-82.62958, 27.80012]]]}}, {"type": "Feature", "properties": {"height": 11.2, "baseHeight": 0.0}, "geometry": {"type": "Polygon", "coordinates": [[[-82.62908, 27.79962], [-82.62882, 27.79962], [-82.62882, 27.79988], [-82.62908, 27.79988], [-82.62908, 27.79962]]]}}, {"type": "Feature", "properties": {"height": 27.8, "baseHeight": 0.0}, "geometry": {"type": "Polygon", "coordinates": [[[-82.62908, 27.80012], [-82.62882, 27.80012], [-82.62882, 27.80038], [-82.62908, 27.80038], [-82.62908, 27.80012]]]}}, {"type": "Feature", "properties": {"height": 5.1, "baseHeight": 0.0}, "geometry": {"type": "Polygon", "coordinates": [[[-82.62638, 27.79962], [-82.62612, 27.79962], [-82.62612, 27.80038], [-82.62638, 27.80038], [-82.62638, 27.79962]]]}}, {"type": "Feature", "properties": {"height": 9.5, "baseHeight": 0.0}, "geometry": {"type": "Polygon", "coordinates": [[[-82.62588, 27.79962], [-82.62562, 27.79962], [-82.62562, 27.80038], [-82.62588, 27.80038], [-82.62588, 27.79962]]]}}, {"type": "Feature", "properties": {"height": 10.2, "baseHeight": 0.0}, "geometry": {"type": "Polygon", "coordinates": [[[-82.61998, 27.79962], [-82.61972, 27.79962], [-82.61972, 27.80038], [-82.61998, 27.80038], [-82.61998, 27.79962]]]}}, {"type": "Feature", "properties": {"height": 10.1, "baseHeight": 0.0}, "geometry": {"type": "Polygon", "coordinates": [[[-82.61948, 27.79962], [-82.61922, 27.79962], [-82.61922, 27.80038], [-82.61948, 27.80038], [-82.61948, 27.79962]]]}}, {"type": "Feature", "properties": {"height": 9.6, "baseHeight": 0.0}, "geometry": {"type": "Polygon", "coordinates": [[[-82.66638, 27.80122], [-82.66562, 27.80122], [-82.66562, 27.80198], [-82.66638, 27.80198], [-82.66638, 27.80122]]]}}, {"type": "Feature", "properties": {"height": 5.9, "baseHeight": 0.0}, "geometry": {"type": "Polygon", "coordinates": [[[-82.66318, 27.8015533], [-82.66292, 27.8015533], [-82.66292, 27.8016467], [-82.66318, 27.8016467], [-82.66318, 27.8015533]]]}}, {"type": "Feature", "properties": {"height": 6.6, "baseHeight": 0.0}, "geometry": {"type": "Polygon", "coordinates": [[[-82.66318, 27.8018867], [-82.66292, 27.8018867], [-82.66292, 27.80198], [-82.66318, 27.80198], [-82.66318, 27.8018867]]]}}, {"type": "Feature", "properties": {"height": 11.9, "baseHeight": 0.0}, "geometry": {"type": "Polygon", "coordinates": [[[-82.66268, 27.80122], [-82.66242, 27.80122], [-82.66242, 27.8013133], [-82.66268, 27.8013133], [-82.66268, 27.80122]]]}}, {"type": "Feature", "properties": {"height": 11.3, "baseHeight": 0.0}, "geometry": {"type": "Polygon", "coordinates": [[[-82.66268, 27.8015533], [-82.66242, 27.8015533], [-82.66242, 27.8016467], [-82.66268, 27.8016467], [-82.66268, 27.8015533]]]}}, {"type": "Feature", "properties": {"height": 9.5, "baseHeight": 0.0}, "geometry": {"type": "Polygon", "coordinates": [[[-82.66268, 27.8018867], [-82.66242, 27.8018867], [-82.66242, 27.80198], [-82.66268, 27.80198], [-82.66268, 27.8018867]]]}}, {"type": "Feature", "properties": {"height": 10.3, "baseHeight": 0.0}, "geometry": {"type": "Polygon", "coordinates": [[[-82.66158, 27.80122], [-82.6614867, 27.80122], [-82.6614867, 27.80198], [-82.66158, 27.80198], [-82.66158, 27.80122]]]}}, {"type": "Feature", "properties": {"height": 10.1, "baseHeight": 0.0}, "geometry": {"type": "Polygon", "coordinates": [[[-82.6612467, 27.80122], [-82.6611533, 27.80122], [-82.6611533, 27.80198], [-82.6612467, 27.80198], [-82.6612467, 27.80122]]]}}, {"type": "Feature", "properties": {"height": 7.4, "baseHeight": 0.0}, "geometry": {"type": "Polygon", "coordinates": [[[-82.6609133, 27.80122], [-82.66082, 27.80122], [-82.66082, 27.80198], [-82.6609133, 27.80198], [-82.6609133, 27.80122]]]}}, {"type": "Feature", "properties": {"height": 7.2, "baseHeight": 0.0}, "geometry": {"type": "Polygon", "coordinates": [[[-82.65998, 27.80122], [-82.65922, 27.80122], [-82.65922, 27.80148], [-82.65998, 27.80148], [-82.65998, 27.80122]]]}}, {"type": "Feature", "properties": {"height": 9.4, "baseHeight": 0.0}, "geometry": {"type": "Polygon", "coordinates": [[[-82.65998, 27.80172], [-82.65922, 27.80172], [-82.65922, 27.80198], [-82.65998, 27.80198], [-82.65998, 27.80172]]]}}, {"type": "Feature", "properties": {"height": 9.4, "baseHeight": 0.0}, "geometry": {"type": "Polygon", "coordinates": [[[-82.65838, 27.80122], [-82.65812, 27.80122], [-82.65812, 27.80148], [-82.65838, 27.80148], [-82.65838, 27.80122]]]}}, {"type": "Feature", "properties": {"height": 7.3, "baseHeight": 0.0}, "geometry": {"type": "Polygon", "coordinates": [[[-82.65788, 27.80122], [-82.65762, 27.80122], [-82.65762, 27.80148], [-82.65788, 27.80148], [-82.65788, 27.80122]]]}}, {"type": "Feature", "properties": {"height": 8.2, "baseHeight": 0.0}, "geometry": {"type": "Polygon", "coordinates": [[[-82.65788, 27.80172], [-82.65762, 27.80172], [-82.65762, 27.80198], [-82.65788, 27.80198], [-82.65788, 27.80172]]]}}, {"type": "Feature", "properties": {"height": 7.0, "baseHeight": 0.0}, "geometry": {"type": "Polygon", "coordinates": [[[-82.65678, 27.80122], [-82.65602, 27.80122], [-82.65602, 27.80148], [-82.65678, 27.80148], [-82.65678, 27.80122]]]}}, {"type": "Feature", "properties": {"height": 8.1, "baseHeight": 0.0}, "geometry": {"type": "Polygon", "coordinates": [[[-82.65678, 27.80172], [-82.65602, 27.80172], [-82.65602, 27.80198], [-82.65678, 27.80198], [-82.65678, 27.80172]]]}}, {"type": "Feature", "properties": {"height": 9.2, "baseHeight": 0.0}, "geometry": {"type": "Polygon", "coordinates": [[[-82.65198, 27.80122], [-82.65172, 27.80122], [-82.65172, 27.80148], [-82.65198, 27.80148], [-82.65198, 27.80122]]]}}, {"type": "Feature", "properties": {"height": 9.8, "baseHeight": 0.0}, "geometry": {"type": "Polygon", "coordinates": [[[-82.65198, 27.80172], [-82.65172, 27.80172], [-82.65172, 27.80198], [-82.65198, 27.80198], [-82.65198, 27.80172]]]}}, {"type": "Feature", "properties": {"height": 8.8, "baseHeight": 0.0}, "geometry": {"type": "Polygon", "coordinates": [[[-82.65148, 27.80122], [-82.65122, 27.80122], [-82.65122, 27.80148], [-82.65148, 27.80148], [-82.65148, 27.80122]]]}}, {"type": "Feature", "properties": {"height": 9.3, "baseHeight": 0.0}, "geometry": {"type": "Polygon", "coordinates": [[[-82.65148, 27.80172], [-82.65122, 27.80172], [-82.65122, 27.80198], [-82.65148, 27.80198], [-82.65148, 27.80172]]]}}, {"type": "Feature", "properties": {"height": 5.8, "baseHeight": 0.0}, "geometry": {"type": "Polygon", "coordinates": [[[-82.64878, 27.80122], [-82.64852, 27.80122], [-82.64852, 27.80148], [-82.64878, 27.80148], [-82.64878, 27.80122]]]}}, {"type": "Feature", "properties": {"height": 21.5, "baseHeight": 0.0}, "geometry": {"type": "Polygon", "coordinates": [[[-82.64878, 27.80172], [-82.64852, 27.80172], [-82.64852, 27.80198], [-82.64878, 27.80198], [-82.64878, 27.80172]]]}}, {"type": "Feature", "properties": {"height": 9.4, "baseHeight": 0.0}, "geometry": {"type": "Polygon", "coordinates": [[[-82.64828, 27.80122], [-82.64802, 27.80122], [-82.64802, 27.80148], [-82.64828, 27.80148], [-82.64828, 27.80122]]]}}, {"type": "Feature", "properties": {"height": 6.4, "baseHeight": 0.0}, "geometry": {"type": "Polygon", "coordinates": [[[-82.64828, 27.80172], [-82.64802, 27.80172], [-82.64802, 27.80198], [-82.64828, 27.80198], [-82.64828, 27.80172]]]}}, {"type": "Feature", "properties": {"height": 6.1, "baseHeight": 0.0}, "geometry": {"type": "Polygon", "coordinates": [[[-82.64718, 27.80122], [-82.64642, 27.80122], [-82.64642, 27.80198], [-82.64718, 27.80198], [-82.64718, 27.80122]]]}}, {"type": "Feature", "properties": {"height": 40.6, "baseHeight": 0.0}, "geometry": {"type": "Polygon", "coordinates": [[[-82.64558, 27.80122], [-82.64532, 27.80122], [-82.64532, 27.80198], [-82.64558, 27.80198], [-82.64558, 27.80122]]]}}, {"type": "Feature", "properties": {"height": 8.9, "baseHeight": 0.0}, "geometry": {"type": "Polygon", "coordinates": [[[-82.64508, 27.80122], [-82.64482, 27.80122], [-82.64482, 27.80198], [-82.64508, 27.80198], [-82.64508, 27.80122]]]}}, {"type": "Feature", "properties": {"height": 11.8, "baseHeight": 0.0}, "geometry": {"type": "Polygon", "coordinates": [[[-82.64398, 27.80122], [-82.64322, 27.80122], [-82.64322, 27.8013133], [-82.64398, 27.8013133], [-82.64398, 27.80122]]]}}, {"type": "Feature", "properties": {"height": 7.0, "baseHeight": 0.0}, "geometry": {"type": "Polygon", "coordinates": [[[-82.64398, 27.8015533], [-82.64322, 27.8015533], [-82.64322, 27.8016467], [-82.64398, 27.8016467], [-82.64398, 27.8015533]]]}}, {"type": "Feature", "properties": {"height": 11.2, "baseHeight": 0.0}, "geometry": {"type": "Polygon", "coordinates": [[[-82.64398, 27.8018867], [-82.64322, 27.8018867], [-82.64322, 27.80198], [-82.64398, 27.80198], [-82.64398, 27.8018867]]]}}, {"type": "Feature", "properties": {"height": 11.6, "baseHeight": 0.0}, "geometry": {"type": "Polygon", "coordinates": [[[-82.64238, 27.80122], [-82.64212, 27.80122], [-82.64212, 27.80198], [-82.64238, 27.80198], [-82.64238, 27.80122]]]}}, {"type": "Feature", "properties": {"height": 8.1, "baseHeight": 0.0}, "geometry": {"type": "Polygon", "coordinates": [[[-82.64188, 27.80122], [-82.64162, 27.80122], [-82.64162, 27.80198], [-82.64188, 27.80198], [-82.64188, 27.80122]]]}}, {"type": "Feature", "properties": {"height": 5.1, "baseHeight": 0.0}, "geometry": {"type": "Polygon", "coordinates": [[[-82.63918, 27.80122], [-82.63842, 27.80122], [-82.63842, 27.8013133], [-82.63918, 27.8013133], [-82.63918, 27.80122]]]}}, {"type": "Feature", "properties": {"height": 7.3, "baseHeight": 0.0}, "geometry": {"type": "Polygon", "coordinates": [[[-82.63918, 27.8015533], [-82.63842, 27.8015533], [-82.63842, 27.8016467], [-82.63918, 27.8016467], [-82.63918, 27.8015533]]]}}, {"type": "Feature", "properties": {"height": 6.1, "baseHeight": 0.0}, "geometry": {"type": "Polygon", "coordinates": [[[-82.63918, 27.8018867], [-82.63842, 27.8018867], [-82.63842, 27.80198], [-82.63918, 27.80198], [-82.63918, 27.8018867]]]}}, {"type": "Feature", "properties": {"height": 9.1, "baseHeight": 0.0}, "geometry": {"type": "Polygon", "coordinates": [[[-82.63598, 27.80122], [-82.63572, 27.80122], [-82.63572, 27.8013133], [-82.63598, 27.8013133], [-82.63598, 27.80122]]]}}, {"type": "Feature", "properties": {"height": 10.6, "baseHeight": 0.0}, "geometry": {"type": "Polygon", "coordinates": [[[-82.63598, 27.8018867], [-82.63572, 27.8018867], [-82.63572, 27.80198], [-82.63598, 27.80198], [-82.63598, 27.8018867]]]}}, {"type": "Feature", "properties": {"height": 11.6, "baseHeight": 0.0}, "geometry": {"type": "Polygon", "coordinates": [[[-82.63548, 27.80122], [-82.63522, 27.80122], [-82.63522, 27.8013133], [-82.63548, 27.8013133], [-82.63548, 27.80122]]]}}, {"type": "Feature", "properties": {"height": 8.8, "baseHeight": 0.0}, "geometry": {"type": "Polygon", "coordinates": [[[-82.63548, 27.8015533], [-82.63522, 27.8015533], [-82.63522, 27.8016467], [-82.63548, 27.8016467], [-82.63548, 27.8015533]]]}}, {"type": "Feature", "properties": {"height": 10.7, "baseHeight": 0.0}, "geometry": {"type": "Polygon", "coordinates": [[[-82.63548, 27.8018867], [-82.63522, 27.8018867], [-82.63522, 27.80198], [-82.63548, 27.80198], [-82.63548, 27.8018867]]]}}, {"type": "Feature", "properties": {"height": 9.8, "baseHeight": 0.0}, "geometry": {"type": "Polygon", "coordinates": [[[-82.63438, 27.80122], [-82.63362, 27.80122], [-82.63362, 27.80148], [-82.63438, 27.80148], [-82.63438, 27.80122]]]}}, {"type": "Feature", "properties": {"height": 47.0, "baseHeight": 0.0}, "geometry": {"type": "Polygon", "coordinates": [[[-82.63438, 27.80172], [-82.63362, 27.80172], [-82.63362, 27.80198], [-82.63438, 27.80198], [-82.63438, 27.80172]]]}}, {"type": "Feature", "properties": {"height": 7.6, "baseHeight": 0.0}, "geometry": {"type": "Polygon", "coordinates": [[[-82.63278, 27.80122], [-82.6326867, 27.80122], [-82.6326867, 27.80198], [-82.63278, 27.80198], [-82.63278, 27.80122]]]}}, {"type": "Feature", "properties": {"height": 5.1, "baseHeight": 0.0}, "geometry": {"type": "Polygon", "coordinates": [[[-82.6324467, 27.80122], [-82.6323533, 27.80122], [-82.6323533, 27.80198], [-82.6324467, 27.80198], [-82.6324467, 27.80122]]]}}, {"type": "Feature", "properties": {"height": 10.5, "baseHeight": 0.0}, "geometry": {"type": "Polygon", "coordinates": [[[-82.6321133, 27.80122], [-82.63202, 27.80122], [-82.63202, 27.80198], [-82.6321133, 27.80198], [-82.6321133, 27.80122]]]}}, {"type": "Feature", "properties": {"height": 11.4, "baseHeight": 0.0}, "geometry": {"type": "Polygon", "coordinates": [[[-82.63118, 27.80122], [-82.63042, 27.80122], [-82.63042, 27.8013133], [-82.63118, 27.8013133], [-82.63118, 27.80122]]]}}, {"type": "Feature", "properties": {"height": 8.0, "baseHeight": 0.0}, "geometry": {"type": "Polygon", "coordinates": [[[-82.63118, 27.8015533], [-82.63042, 27.8015533], [-82.63042, 27.8016467], [-82.63118, 27.8016467], [-82.63118, 27.8015533]]]}}, {"type": "Feature", "properties": {"height": 7.1, "baseHeight": 0.0}, "geometry": {"type": "Polygon", "coordinates": [[[-82.63118, 27.8018867], [-82.63042, 27.8018867], [-82.63042, 27.80198], [-82.63118, 27.80198], [-82.63118, 27.8018867]]]}}, {"type": "Feature", "properties": {"height": 5.8, "baseHeight": 0.0}, "geometry": {"type": "Polygon", "coordinates": [[[-82.62798, 27.80122], [-82.62722, 27.80122], [-82.62722, 27.8013133], [-82.62798, 27.8013133], [-82.62798, 27.80122]]]}}, {"type": "Feature", "properties": {"height": 8.2, "baseHeight": 0.0}, "geometry": {"type": "Polygon", "coordinates": [[[-82.62798, 27.8018867], [-82.62722, 27.8018867], [-82.62722, 27.80198], [-82.62798, 27.80198], [-82.62798, 27.8018867]]]}}, {"type": "Feature", "properties": {"height": 29.0, "baseHeight": 0.0}, "geometry": {"type": "Polygon", "coordinates": [[[-82.62638, 27.80122], [-82.6262867, 27.80122], [-82.6262867, 27.80198], [-82.62638, 27.80198], [-82.62638, 27.80122]]]}}, {"type": "Feature", "properties": {"height": 7.0, "baseHeight": 0.0}, "geometry": {"type": "Polygon", "coordinates": [[[-82.6257133, 27.80122], [-82.62562, 27.80122], [-82.62562, 27.80198], [-82.6257133, 27.80198], [-82.6257133, 27.80122]]]}}, {"type": "Feature", "properties": {"height": 5.6, "baseHeight": 0.0}, "geometry": {"type": "Polygon", "coordinates": [[[-82.62478, 27.80122], [-82.62452, 27.80122], [-82.62452, 27.80198], [-82.62478, 27.80198], [-82.62478, 27.80122]]]}}, {"type": "Feature", "properties": {"height": 7.4, "baseHeight": 0.0}, "geometry": {"type": "Polygon", "coordinates": [[[-82.62428, 27.80122], [-82.62402, 27.80122], [-82.62402, 27.80198], [-82.62428, 27.80198], [-82.62428, 27.80122]]]}}, {"type": "Feature", "properties": {"height": 5.2, "baseHeight": 0.0}, "geometry": {"type": "Polygon", "coordinates": [[[-82.61678, 27.80122], [-82.61652, 27.80122], [-82.61652, 27.80198], [-82.61678, 27.80198], [-82.61678, 27.80122]]]}}, {"type": "Feature", "properties": {"height": 5.9, "baseHeight": 0.0}, "geometry": {"type": "Polygon", "coordinates": [[[-82.61628, 27.80122], [-82.61602, 27.80122], [-82.61602, 27.80198], [-82.61628, 27.80198], [-82.61628, 27.80122]]]}}, {"type": "Feature", "properties": {"height": 5.3, "baseHeight": 0.0}, "geometry": {"type": "Polygon", "coordinates": [[[-82.61518, 27.80122], [-82.61492, 27.80122], [-82.61492, 27.80198], [-82.61518, 27.80198], [-82.61518, 27.80122]]]}}, {"type": "Feature", "properties": {"height": 7.4, "baseHeight": 0.0}, "geometry": {"type": "Polygon", "coordinates": [[[-82.61468, 27.80122], [-82.61442, 27.80122], [-82.61442, 27.80198], [-82.61468, 27.80198], [-82.61468, 27.80122]]]}}, {"type": "Feature", "properties": {"height": 118.0, "baseHeight": 0.0, "name": "Stand-in Tower A"}, "geometry": {"type": "Polygon", "coordinates": [[[-82.63395, 27.768549999999998], [-82.63305, 27.768549999999998], [-82.63305, 27.76945], [-82.63395, 27.76945], [-82.63395, 27.768549999999998]]]}}, {"type": "Feature", "properties": {"height": 96.0, "baseHeight": 0.0, "name": "Stand-in Tower B"}, "geometry": {"type": "Polygon", "coordinates": [[[-82.63645, 27.773049999999998], [-82.63555, 27.773049999999998], [-82.63555, 27.77395], [-82.63645, 27.77395], [-82.63645, 27.773049999999998]]]}}, {"type": "Feature", "properties": {"height": 134.0, "baseHeight": 0.0, "name": "Stand-in Tower C"}, "geometry": {"type": "Polygon", "coordinates": [[[-82.63995, 27.76975], [-82.63905, 27.76975], [-82.63905, 27.77065], [-82.63995, 27.77065], [-82.63995, 27.76975]]]}}, {"type": "Feature", "properties": {"height": 42.0, "baseHeight": 0.0, "name": "Stand-in Civic Hall"}, "geometry": {"type": "Polygon", "coordinates": [[[-82.64245, 27.768349999999998], [-82.64155, 27.768349999999998], [-82.64155, 27.76925], [-82.64245, 27.76925], [-82.64245, 27.768349999999998]]]}}]}